Season,Week,PID,Player,Pos,Team,Opp,aFPA,aFPA Rk,FFPts,Comp,Pass Att,Pass Yds,Pass TD,INT,Rush Att,Rush Yds,Rush TD,Rec,Rec Yds,Rec TD,Pa1D,Ru1D,Rec1D,Fum,XP,FG,Grade,Y! (Proj),Y! ($),Y! (Val),Y! (Pt/$),Y! (Flr),Y! (Flr Val),Y! (Floor/$),Y! (Ceil),Y! (Ceil Val),Y! (Ceil/$),Y! (Wk $ Chg),O/U,Line,Team O/U
2022,6,allenj3,Josh Allen,QB,BUF,@KC,21.8,31,26.4,25.7,38.4,303.6,2.1,0.8,7.6,44.8,0.6,0.0,0.0,0.0,14.6,2.9,0.0,0.3,0.0,0.0,A-Game,27.1,41.0,6.6,0.66,14.3,-6.21,0.35,37.7,17.19,0.92,--,54.000,-2.500,28.25
2022,6,jacksl1,Lamar Jackson,QB,BAL,@NYG,19.1,22,23.9,20.2,31.7,232.5,1.7,0.8,10.5,68.3,0.5,0.0,0.0,0.0,11.3,4.4,0.0,0.2,0.0,0.0,A-Game,24.7,39.0,5.2,0.63,12.9,-6.59,0.33,36.3,16.83,0.93,--,45.500,-5.500,25.5
2022,6,hurtsj1,Jalen Hurts,QB,PHI,DAL,10.8,5,22.4,20.9,32.1,244.3,1.0,0.7,11.9,53.0,0.8,0.0,0.0,0.0,11.8,3.4,0.0,0.2,0.0,0.0,A-Game,23.0,37.0,4.5,0.62,11.2,-7.29,0.30,34.3,15.75,0.93,--,42.000,-6.5,24.25
2022,6,murrak1,Kyler Murray,QB,ARI,@SEA,21.4,29,22.1,24.7,37.7,271.3,1.7,0.7,5.6,26.5,0.6,0.0,0.0,0.0,13.3,1.7,0.0,0.2,0.0,0.0,A-Game,22.8,36.0,4.8,0.63,10.3,-7.68,0.29,33.7,15.70,0.94,--,50.500,-2.500,26.5
2022,6,mahomp1,Patrick Mahomes,QB,KC,BUF,7.8,2,19.4,24.7,36.8,288.3,1.8,0.8,3.7,18.9,0.1,0.0,0.0,0.0,13.9,1.2,0.0,0.3,0.0,0.0,A-Game,20.2,34.0,3.2,0.59,9.3,-7.66,0.27,31.5,14.52,0.93,--,54.000,2.5,25.75
2022,6,bradyt1,Tom Brady,QB,TB,@PIT,19.4,24,17.5,24.6,37.4,275.7,1.9,0.5,0.4,0.8,0.0,0.0,0.0,0.0,13.4,0.1,0.0,0.2,0.0,0.0,A-Game,18.1,28.0,4.1,0.65,8.9,-5.11,0.32,29.2,15.18,1.04,--,46.000,-9.500,27.75
2022,6,herbej1,Justin Herbert,QB,LAC,DEN,11.2,7,17.3,24.2,36.7,273.6,1.8,0.7,1.4,5.3,0.1,0.0,0.0,0.0,13.3,0.3,0.0,0.2,0.0,0.0,A-Game,18.0,32.0,2.0,0.56,8.2,-7.81,0.26,29.3,13.32,0.92,--,45.500,-4.5,25
2022,6,burroj1,Joe Burrow,QB,CIN,@NO,16.1,15,17.3,23.1,35.8,256.9,1.6,0.8,3.7,11.9,0.2,0.0,0.0,0.0,12.5,0.8,0.0,0.2,0.0,0.0,A-Game,18.0,32.0,2.0,0.56,7.2,-8.78,0.23,29.6,13.61,0.93,--,43.500,-3.000,23.25
2022,6,smithg1,Geno Smith,QB,SEA,ARI,18.4,20,17.2,22.1,33.3,249.0,1.7,0.8,2.9,13.0,0.2,0.0,0.0,0.0,12.1,0.8,0.0,0.2,0.0,0.0,A-Game,18.1,28.0,4.1,0.64,7.2,-6.80,0.26,29.8,15.78,1.06,--,50.500,2.5,24
2022,6,rodgea1,Aaron Rodgers,QB,GB,NYJ,12.8,8,17.2,22.3,33.8,253.9,1.9,0.3,1.1,3.0,0.1,0.0,0.0,0.0,12.3,0.2,0.0,0.2,0.0,0.0,A-Game,17.5,27.0,4.0,0.65,8.1,-5.42,0.30,28.6,15.15,1.06,--,45.000,-7.5,26.25
2022,6,cousik1,Kirk Cousins,QB,MIN,@MIA,19.2,23,16.1,23.5,36.1,263.3,1.7,0.8,1.3,4.9,0.0,0.0,0.0,0.0,12.8,0.3,0.0,0.2,0.0,0.0,B-Game,16.8,29.0,2.3,0.58,7.6,-6.91,0.26,28.5,13.95,0.98,--,45.500,-3.000,24.25
2022,6,staffm1,Matthew Stafford,QB,LAR,CAR,16.6,17,15.7,23.6,36.2,263.3,1.8,1.0,0.9,2.6,0.0,0.0,0.0,0.0,12.8,0.2,0.0,0.2,0.0,0.0,B-Game,16.8,25.0,4.3,0.67,7.8,-4.71,0.31,28.5,16.02,1.14,--,41.500,-10,25.75
2022,6,wilsor1,Russell Wilson,QB,DEN,@LAC,17.1,18,15.7,21.2,34.3,240.8,1.3,0.8,3.8,14.5,0.2,0.0,0.0,0.0,11.7,0.9,0.0,0.3,0.0,0.0,B-Game,16.5,27.0,3.0,0.61,5.7,-7.80,0.21,28.5,14.96,1.05,--,45.500,4.500,20.5
2022,6,jonesd4,Daniel Jones,QB,NYG,BAL,21.0,27,14.9,18.7,29.1,204.3,1.3,0.9,6.1,30.6,0.1,0.0,0.0,0.0,10.0,2.0,0.0,0.3,0.0,0.0,B-Game,15.8,31.0,0.3,0.51,6.1,-9.38,0.20,28.4,12.91,0.92,--,45.500,5.5,20
2022,6,garopj1,Jimmy Garoppolo,QB,SF,@ATL,21.2,28,14.6,19.7,31.5,232.1,1.5,0.7,0.7,2.0,0.2,0.0,0.0,0.0,11.2,0.1,0.0,0.2,0.0,0.0,B-Game,15.4,24.0,3.4,0.64,6.0,-6.01,0.25,27.1,15.14,1.13,--,46.000,-4.500,25.25
2022,6,wentzc1,Carson Wentz,QB,WAS,@CHI,18.9,21,14.6,21.0,35.5,258.8,1.3,1.0,3.4,15.2,0.0,0.0,0.0,0.0,12.3,1.0,0.0,0.3,0.0,0.0,B-Game,15.6,25.0,3.1,0.63,6.0,-6.52,0.24,27.8,15.34,1.11,--,38.500,-1.000,19.75
2022,6,fieldj1,Justin Fields,QB,CHI,WAS,19.5,25,14.6,15.9,25.8,183.4,1.1,0.8,6.0,35.6,0.3,0.0,0.0,0.0,8.9,2.3,0.0,0.2,0.0,0.0,B-Game,15.4,21.0,4.9,0.73,5.4,-5.11,0.26,28.1,17.62,1.34,--,38.500,1,18.75
2022,6,lawret1,Trevor Lawrence,QB,JAX,@IND,15.6,13,14.3,22.8,36.9,248.6,1.3,0.8,1.9,7.2,0.1,0.0,0.0,0.0,12.2,0.5,0.0,0.3,0.0,0.0,B-Game,15.2,25.0,2.7,0.61,5.8,-6.74,0.23,27.2,14.73,1.09,--,41.000,1.500,19.75
2022,6,wilsoz1,Zach Wilson,QB,NYJ,@GB,14.4,11,14.3,22.0,37.1,240.9,1.3,1.1,1.9,12.8,0.1,0.0,0.0,0.0,11.8,0.8,0.0,0.3,0.0,0.0,B-Game,15.3,23.0,3.8,0.67,5.4,-6.07,0.24,27.7,16.24,1.21,--,45.000,7.500,18.75
2022,6,mariom1,Marcus Mariota,QB,ATL,SF,10.5,4,13.5,16.9,27.2,201.4,1.0,0.9,4.7,22.0,0.3,0.0,0.0,0.0,9.7,1.4,0.0,0.3,0.0,0.0,C-Game,14.4,20.0,4.4,0.72,4.5,-5.50,0.23,27.1,17.07,1.35,--,46.000,4.5,20.75
2022,6,brissj1,Jacoby Brissett,QB,CLE,NE,16.0,14,13.4,18.7,29.0,205.1,1.0,0.6,4.9,19.8,0.2,0.0,0.0,0.0,10.0,1.3,0.0,0.3,0.0,0.0,C-Game,14.1,22.0,3.1,0.64,4.5,-6.49,0.20,26.5,15.50,1.20,--,43.000,-2.5,22.75
2022,6,ryanm1,Matt Ryan,QB,IND,JAX,10.9,6,13.4,22.2,35.4,242.7,1.4,1.1,0.7,2.1,0.1,0.0,0.0,0.0,11.9,0.1,0.0,0.2,0.0,0.0,C-Game,14.5,21.0,4.0,0.69,5.7,-4.77,0.27,26.8,16.31,1.28,--,41.000,-1.5,21.25
2022,6,pickek1,Kenny Pickett,QB,PIT,TB,14.9,12,13.3,20.9,34.3,226.1,1.2,1.1,3.0,14.0,0.2,0.0,0.0,0.0,11.1,0.9,0.0,0.3,0.0,0.0,C-Game,14.4,25.0,1.9,0.58,4.5,-8.01,0.18,27.0,14.52,1.08,--,46.000,9.5,18.25
2022,6,thomps1,Skylar Thompson,QB,MIA,MIN,16.4,16,13.3,21.6,35.0,238.1,1.2,0.9,1.8,7.7,0.1,0.0,0.0,0.0,11.6,0.5,0.0,0.3,0.0,0.0,C-Game,14.2,20.0,4.2,0.71,5.1,-4.87,0.26,26.6,16.63,1.33,--,45.500,3,21.25
2022,6,zappeb1,Bailey Zappe,QB,NE,@CLE,17.6,19,12.3,19.5,30.5,211.9,1.3,0.9,1.2,5.6,0.1,0.0,0.0,0.0,10.4,0.4,0.0,0.2,0.0,0.0,C-Game,13.3,20.0,3.3,0.66,4.6,-5.41,0.23,25.8,15.84,1.29,--,43.000,2.500,20.25
2022,6,rushc1,Cooper Rush,QB,DAL,@PHI,7.8,1,12.1,19.7,31.8,221.0,1.2,0.8,2.0,5.5,0.0,0.0,0.0,0.0,10.8,0.4,0.0,0.3,0.0,0.0,C-Game,13.0,20.0,3.0,0.65,4.5,-5.47,0.23,25.5,15.49,1.27,--,42.000,6.500,17.75
2022,6,daltoa1,Andy Dalton,QB,NO,CIN,10.3,3,10.6,15.1,23.7,184.4,1.1,0.6,1.4,4.5,0.0,0.0,0.0,0.0,8.8,0.3,0.0,0.2,0.0,0.0,C-Game,11.3,20.0,1.3,0.56,3.3,-6.67,0.17,23.9,13.92,1.20,--,43.500,3,20.25
2022,6,walkep1,P.J. Walker,QB,CAR,@LAR,13.1,9,10.0,19.0,32.7,206.9,0.9,1.0,1.6,4.7,0.0,0.0,0.0,0.0,10.2,0.3,0.0,0.3,0.0,0.0,C-Game,11.0,20.0,1.0,0.55,3.8,-6.18,0.19,24.0,14.01,1.20,--,41.500,10.000,15.75
2022,6,chubbn1,Nick Chubb,RB,CLE,NE,14.0,4,17.2,0.0,0.0,0.0,0.0,0.0,19.6,100.0,1.1,1.1,7.2,0.1,0.0,5.0,0.3,0.1,0.0,0.0,A-Game,17.8,36.0,2.7,0.49,7.0,-8.16,0.19,24.9,9.80,0.69,--,43.000,-2.5,22.75
2022,6,barkls1,Saquon Barkley,RB,NYG,BAL,15.8,12,17.1,0.0,0.0,0.0,0.0,0.0,19.8,84.3,0.7,3.8,33.7,0.3,0.0,4.2,1.5,0.2,0.0,0.0,A-Game,19.1,39.0,2.7,0.49,7.8,-8.60,0.20,26.0,9.67,0.67,--,45.500,5.5,20
2022,6,ekelea1,Austin Ekeler,RB,LAC,DEN,15.0,5,16.3,0.0,0.0,0.0,0.0,0.0,15.4,67.0,0.6,5.7,39.7,0.4,0.0,3.4,1.8,0.1,0.0,0.0,A-Game,19.2,32.0,5.7,0.60,7.7,-5.70,0.24,26.0,12.57,0.81,--,45.500,-4.5,25
2022,6,kamara1,Alvin Kamara,RB,NO,CIN,16.2,14,15.4,0.0,0.0,0.0,0.0,0.0,20.1,70.1,0.5,4.1,42.4,0.3,0.0,3.5,1.9,0.2,0.0,0.0,A-Game,17.5,25.0,7.0,0.70,6.9,-3.63,0.27,24.8,14.30,0.99,--,43.500,3,20.25
2022,6,stever1,Rhamondre Stevenson,RB,NE,@CLE,25.7,30,15.3,0.0,0.0,0.0,0.0,0.0,18.9,88.4,0.6,3.5,25.4,0.1,0.0,4.4,1.2,0.2,0.0,0.0,A-Game,17.0,26.0,6.1,0.65,6.8,-4.17,0.26,24.4,13.52,0.94,--,43.000,2.500,20.25
2022,6,mccafc1,Christian McCaffrey,RB,CAR,@LAR,11.8,2,15.0,0.0,0.0,0.0,0.0,0.0,17.8,75.1,0.4,5.5,40.4,0.2,0.0,3.8,1.9,0.2,0.0,0.0,A-Game,17.7,31.0,4.7,0.57,7.7,-5.35,0.25,25.1,12.06,0.81,--,41.500,10.000,15.75
2022,6,fournl1,Leonard Fournette,RB,TB,@PIT,15.8,11,13.9,0.0,0.0,0.0,0.0,0.0,18.9,63.6,0.5,4.6,37.2,0.2,0.0,3.2,1.7,0.1,0.0,0.0,B-Game,16.2,24.0,6.1,0.67,6.1,-3.97,0.25,23.7,13.59,0.99,--,46.000,-9.500,27.75
2022,6,cookd1,Dalvin Cook,RB,MIN,@MIA,22.7,27,13.9,0.0,0.0,0.0,0.0,0.0,18.5,82.4,0.7,2.4,14.5,0.1,0.0,4.1,0.7,0.1,0.0,0.0,B-Game,15.1,22.0,5.8,0.68,4.9,-4.32,0.22,22.8,13.55,1.04,--,45.500,-3.000,24.25
2022,6,jonesa2,Aaron Jones,RB,GB,NYJ,20.2,24,13.2,0.0,0.0,0.0,0.0,0.0,14.1,66.5,0.5,3.2,25.4,0.2,0.0,3.3,1.2,0.1,0.0,0.0,B-Game,14.9,28.0,3.1,0.53,4.9,-6.89,0.17,22.6,10.81,0.81,--,45.000,-7.5,26.25
2022,6,mixonj1,Joe Mixon,RB,CIN,@NO,16.9,17,13.0,0.0,0.0,0.0,0.0,0.0,17.5,67.8,0.5,3.2,23.1,0.2,0.0,3.4,1.1,0.1,0.0,0.0,B-Game,14.6,22.0,5.4,0.66,4.8,-4.46,0.22,22.4,13.21,1.02,--,43.500,-3.000,23.25
2022,6,hallb1,Breece Hall,RB,NYJ,@GB,16.5,16,12.4,0.0,0.0,0.0,0.0,0.0,15.0,65.6,0.4,3.0,32.5,0.1,0.0,3.3,1.5,0.2,0.0,0.0,B-Game,13.9,19.0,5.9,0.73,5.3,-2.71,0.28,21.9,13.95,1.15,--,45.000,7.500,18.75
2022,6,wilsoj2,Jeff Wilson,RB,SF,@ATL,19.7,22,11.8,0.0,0.0,0.0,0.0,0.0,18.9,84.8,0.4,1.7,12.8,0.0,0.0,4.3,0.6,0.1,0.0,0.0,B-Game,12.6,19.0,4.6,0.66,4.8,-3.19,0.25,20.9,12.96,1.10,--,46.000,-4.500,25.25
2022,6,walkek1,Ken Walker,RB,SEA,ARI,17.7,18,11.7,0.0,0.0,0.0,0.0,0.0,17.6,71.6,0.6,1.8,11.2,0.1,0.0,3.6,0.5,0.2,0.0,0.0,B-Game,12.6,18.0,5.0,0.70,3.6,-3.96,0.20,20.8,13.29,1.16,--,50.500,2.5,24
2022,6,sandem1,Miles Sanders,RB,PHI,DAL,15.6,10,11.6,0.0,0.0,0.0,0.0,0.0,18.8,85.9,0.3,1.9,9.8,0.0,0.0,4.3,0.5,0.1,0.0,0.0,B-Game,12.6,22.0,3.3,0.57,4.6,-4.60,0.21,20.8,11.61,0.95,--,42.000,-6.5,24.25
2022,6,hended3,Darrell Henderson,RB,LAR,CAR,20.4,25,11.4,0.0,0.0,0.0,0.0,0.0,14.0,59.8,0.6,2.4,15.8,0.1,0.0,3.0,0.7,0.1,0.0,0.0,B-Game,12.6,14.0,6.7,0.90,3.2,-2.68,0.23,20.7,14.85,1.48,--,41.500,-10,25.75
2022,6,montgd1,David Montgomery,RB,CHI,WAS,15.4,8,11.0,0.0,0.0,0.0,0.0,0.0,14.2,58.7,0.4,3.0,21.1,0.1,0.0,2.9,1.0,0.1,0.0,0.0,B-Game,12.5,18.0,4.9,0.69,3.8,-3.76,0.21,20.8,13.20,1.15,--,38.500,1,18.75
2022,6,moster1,Raheem Mostert,RB,MIA,MIN,17.7,19,10.8,0.0,0.0,0.0,0.0,0.0,14.5,60.5,0.6,1.4,10.7,0.0,0.0,3.0,0.5,0.1,0.0,0.0,B-Game,11.5,20.0,3.1,0.58,2.7,-5.74,0.13,19.9,11.54,1.00,--,45.500,3,21.25
2022,6,benjae1,Eno Benjamin,RB,ARI,@SEA,22.7,28,10.6,0.0,0.0,0.0,0.0,0.0,13.6,53.0,0.5,3.0,21.7,0.1,0.0,2.7,1.0,0.1,0.0,0.0,B-Game,12.1,15.0,5.8,0.81,3.4,-2.93,0.22,20.4,14.09,1.36,--,50.500,-2.500,26.5
2022,6,gordom1,Melvin Gordon,RB,DEN,@LAC,23.0,29,10.6,0.0,0.0,0.0,0.0,0.0,15.1,58.6,0.4,3.0,19.3,0.1,0.0,2.9,0.9,0.1,0.0,0.0,B-Game,12.1,20.0,3.7,0.60,3.6,-4.78,0.18,20.4,12.03,1.02,--,45.500,4.500,20.5
2022,6,edwarc1,Clyde Edwards-Helaire,RB,KC,BUF,18.2,20,10.4,0.0,0.0,0.0,0.0,0.0,9.6,37.3,0.4,3.1,28.8,0.3,0.0,1.9,1.3,0.1,0.0,0.0,C-Game,12.0,19.0,4.0,0.63,2.7,-5.26,0.14,20.3,12.27,1.07,--,54.000,2.5,25.75
2022,6,dobbij1,J.K. Dobbins,RB,BAL,@NYG,16.3,15,9.8,0.0,0.0,0.0,0.0,0.0,11.6,46.5,0.5,2.1,16.3,0.1,0.0,2.3,0.7,0.1,0.0,0.0,C-Game,10.9,19.0,2.9,0.57,2.1,-5.91,0.11,19.4,11.41,1.02,--,45.500,-5.500,25.5
2022,6,robinj4,James Robinson,RB,JAX,@IND,15.1,6,9.7,0.0,0.0,0.0,0.0,0.0,13.6,52.7,0.5,1.6,9.9,0.1,0.0,2.6,0.5,0.1,0.0,0.0,C-Game,10.5,22.0,1.3,0.48,2.0,-7.28,0.09,19.1,9.85,0.87,--,41.000,1.500,19.75
2022,6,dilloa1,A.J. Dillon,RB,GB,NYJ,20.2,24,9.6,0.0,0.0,0.0,0.0,0.0,12.1,46.8,0.5,1.9,17.8,0.1,0.0,2.3,0.8,0.1,0.0,0.0,C-Game,10.5,21.0,1.7,0.50,2.1,-6.70,0.10,19.1,10.26,0.91,--,45.000,-7.5,26.25
2022,6,harrin1,Najee Harris,RB,PIT,TB,11.6,1,9.5,0.0,0.0,0.0,0.0,0.0,13.3,49.3,0.4,2.2,14.7,0.1,0.0,2.5,0.7,0.1,0.0,0.0,C-Game,10.6,15.0,4.3,0.71,2.2,-4.10,0.15,19.2,12.93,1.28,--,46.000,9.5,18.25
2022,6,ellioe1,Ezekiel Elliott,RB,DAL,@PHI,15.2,7,9.2,0.0,0.0,0.0,0.0,0.0,15.0,57.4,0.4,1.6,11.0,0.1,0.0,2.9,0.5,0.1,0.0,0.0,C-Game,10.0,19.0,2.0,0.53,2.4,-5.55,0.13,18.8,10.82,0.99,--,42.000,6.500,17.75
2022,6,singld1,Devin Singletary,RB,BUF,@KC,19.9,23,9.2,0.0,0.0,0.0,0.0,0.0,10.7,45.9,0.2,3.4,27.3,0.1,0.0,2.3,1.3,0.1,0.0,0.0,C-Game,10.9,18.0,3.4,0.61,3.4,-4.12,0.19,19.5,11.90,1.08,--,54.000,-2.500,28.25
2022,6,robinb1,Brian Robinson,RB,WAS,@CHI,21.0,26,9.2,0.0,0.0,0.0,0.0,0.0,14.6,61.3,0.4,1.1,7.8,0.0,0.0,3.1,0.4,0.1,0.0,0.0,C-Game,9.7,18.0,2.1,0.54,2.5,-5.08,0.14,18.5,10.97,1.03,--,38.500,-1.000,19.75
2022,6,jacksd7,Deon Jackson,RB,IND,JAX,18.6,21,8.7,0.0,0.0,0.0,0.0,0.0,10.0,34.8,0.3,3.7,27.9,0.1,0.0,1.7,1.3,0.1,0.0,0.0,C-Game,10.6,13.0,5.1,0.81,2.7,-2.79,0.21,19.2,13.71,1.47,--,41.000,-1.5,21.25
2022,6,etient1,Travis Etienne,RB,JAX,@IND,15.1,6,8.7,0.0,0.0,0.0,0.0,0.0,10.4,43.8,0.1,2.6,29.8,0.1,0.0,2.2,1.4,0.1,0.0,0.0,C-Game,10.0,19.0,2.0,0.53,3.1,-4.84,0.17,18.8,10.80,0.99,--,41.000,1.500,19.75
2022,6,huntk1,Kareem Hunt,RB,CLE,NE,14.0,4,8.7,0.0,0.0,0.0,0.0,0.0,9.2,38.9,0.3,2.8,18.5,0.2,0.0,1.9,0.9,0.1,0.0,0.0,C-Game,10.1,16.0,3.3,0.63,1.9,-4.83,0.12,18.7,12.01,1.17,--,43.000,-2.5,22.75
2022,6,allget1,Tyler Allgeier,RB,ATL,SF,15.5,9,7.9,0.0,0.0,0.0,0.0,0.0,13.9,50.4,0.4,1.2,8.1,0.0,0.0,2.5,0.4,0.1,0.0,0.0,C-Game,8.5,12.0,3.5,0.71,1.6,-3.41,0.14,17.6,12.58,1.47,--,46.000,4.5,20.75
2022,6,pollat1,Tony Pollard,RB,DAL,@PHI,15.2,7,7.9,0.0,0.0,0.0,0.0,0.0,8.7,44.8,0.3,1.8,14.4,0.1,0.0,2.2,0.7,0.1,0.0,0.0,C-Game,8.8,17.0,1.6,0.52,1.7,-5.46,0.10,17.8,10.62,1.04,--,42.000,6.500,17.75
2022,6,lindsp1,Phillip Lindsay,RB,IND,JAX,18.6,21,6.7,0.0,0.0,0.0,0.0,0.0,10.3,33.4,0.3,1.8,13.3,0.1,0.0,1.7,0.6,0.1,0.0,0.0,C-Game,7.6,13.0,2.2,0.59,0.7,-4.79,0.05,16.8,11.36,1.29,--,41.000,-1.5,21.25
2022,6,herbek1,Khalil Herbert,RB,CHI,WAS,15.4,8,6.1,0.0,0.0,0.0,0.0,0.0,7.9,41.2,0.2,1.0,8.3,0.0,0.0,2.1,0.4,0.1,0.0,0.0,C-Game,6.6,17.0,-0.5,0.39,0.9,-6.24,0.05,16.0,8.87,0.94,--,38.500,1,18.75
2022,6,boonem1,Mike Boone,RB,DEN,@LAC,23.0,29,5.9,0.0,0.0,0.0,0.0,0.0,5.7,33.5,0.1,2.3,19.3,0.1,0.0,1.7,0.9,0.1,0.0,0.0,C-Game,7.1,14.0,1.2,0.51,1.3,-4.54,0.10,16.4,10.54,1.17,--,45.500,4.500,20.5
2022,6,cartem2,Michael Carter,RB,NYJ,@GB,16.5,16,5.5,0.0,0.0,0.0,0.0,0.0,6.4,30.8,0.2,2.9,14.5,0.0,0.0,1.5,0.7,0.1,0.0,0.0,C-Game,7.0,16.0,0.2,0.44,0.9,-5.78,0.06,16.3,9.60,1.02,--,45.000,7.500,18.75
2022,6,ingrak1,Keaontay Ingram,RB,ARI,@SEA,22.7,28,4.9,0.0,0.0,0.0,0.0,0.0,7.8,28.8,0.2,0.7,6.8,0.0,0.0,1.4,0.3,0.0,0.0,0.0,C-Game,5.3,10.0,1.1,0.53,0.0,-4.20,0.00,14.9,10.71,1.49,--,50.500,-2.500,26.5
2022,6,mckisj1,J.D. McKissic,RB,WAS,@CHI,21.0,26,4.9,0.0,0.0,0.0,0.0,0.0,2.3,11.1,0.1,3.7,27.2,0.1,0.0,0.6,1.2,0.0,0.0,0.0,C-Game,6.7,12.0,1.7,0.56,0.7,-4.33,0.06,16.1,11.01,1.34,--,38.500,-1.000,19.75
2022,6,whiter5,Rachaad White,RB,TB,@PIT,15.8,11,4.7,0.0,0.0,0.0,0.0,0.0,5.5,16.3,0.3,2.0,15.2,0.0,0.0,0.8,0.7,0.0,0.0,0.0,C-Game,5.7,12.0,0.6,0.47,0.0,-5.01,0.00,15.2,10.16,1.27,--,46.000,-9.500,27.75
2022,6,gibsoa1,Antonio Gibson,RB,WAS,@CHI,21.0,26,4.7,0.0,0.0,0.0,0.0,0.0,3.5,15.2,0.1,1.5,16.8,0.1,0.0,0.8,0.8,0.0,0.0,0.0,C-Game,5.4,15.0,-0.9,0.36,0.0,-6.30,0.00,15.0,8.67,1.00,--,38.500,-1.000,19.75
2022,6,kellej2,Joshua Kelley,RB,LAC,DEN,15.0,5,4.5,0.0,0.0,0.0,0.0,0.0,4.9,17.0,0.1,1.9,13.7,0.1,0.0,0.9,0.6,0.0,0.0,0.0,C-Game,5.5,11.0,0.8,0.50,0.0,-4.60,0.00,15.0,10.41,1.37,--,45.500,-4.5,25
2022,6,mckinj1,Jerick McKinnon,RB,KC,BUF,18.2,20,4.4,0.0,0.0,0.0,0.0,0.0,4.1,16.5,0.1,1.7,13.0,0.1,0.0,0.8,0.6,0.0,0.0,0.0,C-Game,5.2,11.0,0.6,0.48,0.0,-4.62,0.00,14.9,10.23,1.35,--,54.000,2.5,25.75
2022,6,huntlc1,Caleb Huntley,RB,ATL,SF,15.5,9,4.1,0.0,0.0,0.0,0.0,0.0,6.7,31.9,0.2,0.0,0.0,0.0,0.0,1.6,0.0,0.1,0.0,0.0,C-Game,4.1,10.0,-0.1,0.41,0.0,-4.20,0.00,14.0,9.80,1.40,--,46.000,4.5,20.75
2022,6,colemt1,Tevin Coleman,RB,SF,@ATL,19.7,22,4.0,0.0,0.0,0.0,0.0,0.0,3.8,16.2,0.2,1.4,9.3,0.1,0.0,0.8,0.4,0.0,0.0,0.0,C-Game,4.7,11.0,0.0,0.42,0.0,-4.62,0.00,14.4,9.75,1.31,--,46.000,-4.500,25.25
2022,6,mattia1,Alexander Mattison,RB,MIN,@MIA,22.7,27,3.9,0.0,0.0,0.0,0.0,0.0,5.6,19.4,0.2,1.3,7.9,0.1,0.0,1.0,0.4,0.0,0.0,0.0,C-Game,4.6,12.0,-0.5,0.38,0.0,-5.04,0.00,14.3,9.28,1.19,--,45.500,-3.000,24.25
2022,6,edmonc1,Chase Edmonds,RB,MIA,MIN,17.7,19,3.9,0.0,0.0,0.0,0.0,0.0,2.8,11.5,0.2,1.5,11.9,0.1,0.0,0.6,0.5,0.0,0.0,0.0,C-Game,4.6,10.0,0.4,0.46,0.0,-4.20,0.00,14.3,10.14,1.43,--,45.500,3,21.25
2022,6,warrej1,Jaylen Warren,RB,PIT,TB,11.6,1,3.8,0.0,0.0,0.0,0.0,0.0,5.9,21.9,0.0,1.6,13.6,0.1,0.0,1.1,0.6,0.1,0.0,0.0,C-Game,4.6,10.0,0.4,0.46,0.0,-4.20,0.00,14.4,10.19,1.44,--,46.000,9.5,18.25
2022,6,brownm4,Malcolm Brown,RB,LAR,CAR,20.4,25,3.7,0.0,0.0,0.0,0.0,0.0,7.0,25.0,0.2,0.2,1.3,0.0,0.0,1.3,0.1,0.0,0.0,0.0,C-Game,3.8,10.0,-0.4,0.38,0.0,-4.20,0.00,13.7,9.51,1.37,--,41.500,-10,25.75
2022,6,pachei1,Isiah Pacheco,RB,KC,BUF,18.2,20,3.3,0.0,0.0,0.0,0.0,0.0,6.4,21.3,0.2,0.0,0.0,0.0,0.0,1.1,0.0,0.0,0.0,0.0,C-Game,3.3,11.0,-1.3,0.30,0.0,-4.62,0.00,13.3,8.69,1.21,--,54.000,2.5,25.75
2022,6,drakek1,Kenyan Drake,RB,BAL,@NYG,16.3,15,3.3,0.0,0.0,0.0,0.0,0.0,6.2,24.7,0.0,1.0,7.0,0.0,0.0,1.2,0.3,0.0,0.0,0.0,C-Game,3.8,11.0,-0.8,0.34,0.0,-4.62,0.00,13.7,9.13,1.25,--,45.500,-5.500,25.5
2022,6,perins1,Samaje Perine,RB,CIN,@NO,16.9,17,3.1,0.0,0.0,0.0,0.0,0.0,4.8,21.7,0.0,1.2,7.7,0.0,0.0,1.1,0.4,0.0,0.0,0.0,C-Game,3.6,10.0,-0.6,0.36,0.0,-4.20,0.00,13.6,9.42,1.36,--,43.500,-3.000,23.25
2022,6,stronp1,Pierre Strong Jr.,RB,NE,@CLE,25.7,30,3.0,0.0,0.0,0.0,0.0,0.0,5.2,18.7,0.1,0.6,4.2,0.0,0.0,0.9,0.2,0.0,0.0,0.0,C-Game,3.3,10.0,-0.9,0.33,0.0,-4.20,0.00,13.3,9.12,1.33,--,43.000,2.500,20.25
2022,6,dallad1,DeeJay Dallas,RB,SEA,ARI,17.7,18,3.0,0.0,0.0,0.0,0.0,0.0,4.0,19.2,0.1,1.5,7.5,0.0,0.0,1.0,0.3,0.0,0.0,0.0,C-Game,3.8,12.0,-1.3,0.31,0.0,-5.04,0.00,13.7,8.67,1.14,--,50.500,2.5,24
2022,6,gainwk1,Kenneth Gainwell,RB,PHI,DAL,15.6,10,2.8,0.0,0.0,0.0,0.0,0.0,3.3,12.0,0.2,0.7,3.7,0.0,0.0,0.6,0.2,0.0,0.0,0.0,C-Game,3.2,12.0,-1.8,0.27,0.0,-5.04,0.00,13.2,8.15,1.10,--,42.000,-6.5,24.25
2022,6,miches1,Sony Michel,RB,LAC,DEN,15.0,5,2.7,0.0,0.0,0.0,0.0,0.0,4.0,14.9,0.0,1.0,8.2,0.0,0.0,0.7,0.4,0.0,0.0,0.0,C-Game,3.2,10.0,-1.0,0.32,0.0,-4.20,0.00,13.3,9.05,1.33,--,45.500,-4.5,25
2022,6,cookj3,James Cook,RB,BUF,@KC,19.9,23,2.6,0.0,0.0,0.0,0.0,0.0,5.1,18.0,0.1,0.5,3.0,0.0,0.0,0.9,0.1,0.0,0.0,0.0,C-Game,2.9,10.0,-1.3,0.29,0.0,-4.20,0.00,13.0,8.76,1.30,--,54.000,-2.500,28.25
2022,6,ingram1,Mark Ingram,RB,NO,CIN,16.2,14,2.3,0.0,0.0,0.0,0.0,0.0,3.3,10.4,0.1,0.8,5.5,0.0,0.0,0.5,0.3,0.0,0.0,0.0,C-Game,2.7,11.0,-1.9,0.25,0.0,-4.62,0.00,12.8,8.20,1.17,--,43.500,3,20.25
2022,6,scottb2,Boston Scott,RB,PHI,DAL,15.6,10,2.2,0.0,0.0,0.0,0.0,0.0,2.7,9.6,0.2,0.3,1.2,0.0,0.0,0.5,0.1,0.0,0.0,0.0,C-Game,2.3,10.0,-1.9,0.23,0.0,-4.20,0.00,12.5,8.29,1.25,--,42.000,-6.5,24.25
2022,6,willia4,Avery Williams,RB,ATL,SF,15.5,9,2.1,0.0,0.0,0.0,0.0,0.0,3.2,11.6,0.0,0.8,6.0,0.0,0.0,0.6,0.3,0.0,0.0,0.0,C-Game,2.5,10.0,-1.7,0.25,0.0,-4.20,0.00,12.6,8.45,1.26,--,46.000,4.5,20.75
2022,6,juszck1,Kyle Juszczyk,RB,SF,@ATL,19.7,22,1.7,0.0,0.0,0.0,0.0,0.0,0.7,2.0,0.1,0.7,5.8,0.1,0.0,0.1,0.3,0.0,0.0,0.0,C-Game,2.1,11.0,-2.6,0.19,0.0,-4.62,0.00,12.3,7.64,1.11,--,46.000,-4.500,25.25
2022,6,ricarp1,Patrick Ricard,RB,BAL,@NYG,16.3,15,1.3,0.0,0.0,0.0,0.0,0.0,0.9,2.9,0.0,0.9,8.1,0.0,0.0,0.1,0.4,0.0,0.0,0.0,C-Game,1.7,10.0,-2.5,0.17,0.0,-4.20,0.00,12.0,7.84,1.20,--,45.500,-5.500,25.5
2022,6,ahmeds1,Salvon Ahmed,RB,MIA,MIN,17.7,19,1.2,0.0,0.0,0.0,0.0,0.0,2.9,7.7,0.0,0.6,4.8,0.0,0.0,0.4,0.2,0.0,0.0,0.0,C-Game,1.6,10.0,-2.6,0.16,0.0,-4.20,0.00,11.9,7.74,1.19,--,45.500,3,21.25
2022,6,breidm1,Matt Breida,RB,NYG,BAL,15.8,12,1.0,0.0,0.0,0.0,0.0,0.0,1.7,7.5,0.0,0.4,3.1,0.0,0.0,0.4,0.1,0.0,0.0,0.0,C-Game,1.2,10.0,-3.0,0.12,0.0,-4.20,0.00,11.6,7.44,1.16,--,45.500,5.5,20
2022,6,hastyj1,JaMycal Hasty,RB,JAX,@IND,15.1,6,0.9,0.0,0.0,0.0,0.0,0.0,1.2,4.4,0.0,0.5,5.0,0.0,0.0,0.2,0.2,0.0,0.0,0.0,C-Game,1.1,10.0,-3.1,0.11,0.0,-4.20,0.00,11.6,7.37,1.16,--,41.000,1.500,19.75
2022,6,murral1,Latavius Murray,RB,DEN,@LAC,23.0,29,0.7,0.0,0.0,0.0,0.0,0.0,1.0,3.9,0.0,0.4,2.4,0.0,0.0,0.2,0.1,0.0,0.0,0.0,C-Game,1.0,15.0,-5.3,0.06,0.0,-6.30,0.00,11.4,5.12,0.76,--,45.500,4.500,20.5
2022,6,hamc1,C.J. Ham,RB,MIN,@MIA,22.7,27,0.7,0.0,0.0,0.0,0.0,0.0,0.0,0.0,0.0,0.7,5.3,0.0,0.0,0.0,0.2,0.0,0.0,0.0,C-Game,1.1,10.0,-3.1,0.11,0.0,-4.20,0.00,11.5,7.29,1.15,--,45.500,-3.000,24.25
2022,6,davist5,Tyrion Davis-Price,RB,SF,@ATL,19.7,22,0.7,0.0,0.0,0.0,0.0,0.0,1.1,4.0,0.1,0.0,0.0,0.0,0.0,0.2,0.0,0.0,0.0,0.0,C-Game,0.7,10.0,-3.5,0.07,0.0,-4.20,0.00,11.2,7.00,1.12,--,46.000,-4.500,25.25
2022,6,hubbac1,Chuba Hubbard,RB,CAR,@LAR,11.8,2,0.5,0.0,0.0,0.0,0.0,0.0,1.6,5.6,0.0,0.0,0.0,0.0,0.0,0.3,0.0,0.0,0.0,0.0,C-Game,0.5,10.0,-3.7,0.05,0.0,-4.20,0.00,11.1,6.89,1.11,--,41.500,10.000,15.75
2022,6,gillir1,Reggie Gilliam,RB,BUF,@KC,19.9,23,0.4,0.0,0.0,0.0,0.0,0.0,0.0,0.0,0.0,0.6,4.6,0.0,0.0,0.0,0.2,0.0,0.0,0.0,C-Game,0.8,10.0,-3.4,0.08,0.0,-4.20,0.00,11.3,7.05,1.13,--,54.000,-2.500,28.25
2022,6,jonest2,Taiwan Jones,RB,BUF,@KC,19.9,23,0.4,0.0,0.0,0.0,0.0,0.0,1.2,4.1,0.0,0.0,0.0,0.0,0.0,0.2,0.0,0.0,0.0,0.0,C-Game,0.4,10.0,-3.8,0.04,0.0,-4.20,0.00,11.0,6.76,1.10,--,54.000,-2.500,28.25
2022,6,horvaz1,Zander Horvath,RB,LAC,DEN,15.0,5,0.4,0.0,0.0,0.0,0.0,0.0,0.3,1.1,0.0,0.6,2.7,0.0,0.0,0.1,0.1,0.0,0.0,0.0,C-Game,0.7,10.0,-3.5,0.07,0.0,-4.20,0.00,11.2,6.98,1.12,--,45.500,-4.5,25
2022,6,foremd1,D'Onta Foreman,RB,CAR,@LAR,11.8,2,0.4,0.0,0.0,0.0,0.0,0.0,0.9,3.7,0.0,0.0,0.0,0.0,0.0,0.2,0.0,0.0,0.0,0.0,C-Game,0.4,10.0,-3.8,0.04,0.0,-4.20,0.00,10.9,6.74,1.09,--,41.500,10.000,15.75
2022,6,wattd1,Derek Watt,RB,PIT,TB,11.6,1,0.3,0.0,0.0,0.0,0.0,0.0,0.0,0.0,0.0,0.4,2.3,0.0,0.0,0.0,0.1,0.0,0.0,0.0,C-Game,0.5,10.0,-3.7,0.05,0.0,-4.20,0.00,11.0,6.84,1.10,--,46.000,9.5,18.25
2022,6,davism3,Mike Davis,RB,BAL,@NYG,16.3,15,0.3,0.0,0.0,0.0,0.0,0.0,0.8,2.9,0.0,0.0,0.0,0.0,0.0,0.1,0.0,0.0,0.0,0.0,C-Game,0.3,10.0,-3.9,0.03,0.0,-4.20,0.00,10.9,6.67,1.09,--,45.500,-5.500,25.5
2022,6,brighg1,Gary Brightwell,RB,NYG,BAL,15.8,12,0.2,0.0,0.0,0.0,0.0,0.0,0.6,2.5,0.0,0.0,0.0,0.0,0.0,0.1,0.0,0.0,0.0,0.0,C-Game,0.2,10.0,-4.0,0.02,0.0,-4.20,0.00,10.8,6.64,1.08,--,45.500,5.5,20
2022,6,kuppc1,Cooper Kupp,WR,LAR,CAR,22.1,20,16.3,0.0,0.0,0.0,0.0,0.0,0.7,4.6,0.1,8.6,105.3,0.8,0.0,0.2,5.3,0.0,0.0,0.0,A-Game,20.6,39.0,3.8,0.53,9.3,-7.50,0.24,28.9,12.12,0.74,--,41.500,-10,25.75
2022,6,jeffej1,Justin Jefferson,WR,MIN,@MIA,18.9,10,13.9,0.0,0.0,0.0,0.0,0.0,0.3,1.1,0.0,7.1,105.3,0.6,0.0,0.0,4.9,0.0,0.0,0.0,A-Game,17.4,37.0,1.5,0.47,7.8,-8.06,0.21,25.9,9.99,0.70,--,45.500,-3.000,24.25
2022,6,diggss1,Stefon Diggs,WR,BUF,@KC,25.1,25,13.5,0.0,0.0,0.0,0.0,0.0,0.0,0.0,0.0,7.6,95.6,0.7,0.0,0.0,4.8,0.0,0.0,0.0,A-Game,17.3,30.0,4.4,0.58,7.2,-5.69,0.24,25.6,12.74,0.85,--,54.000,-2.500,28.25
2022,6,evansm1,Mike Evans,WR,TB,@PIT,31.6,31,12.3,0.0,0.0,0.0,0.0,0.0,0.0,0.0,0.0,4.4,77.2,0.8,0.0,0.0,3.4,0.0,0.0,0.0,A-Game,14.5,29.0,2.1,0.50,4.3,-8.21,0.15,23.0,10.49,0.79,--,46.000,-9.500,27.75
2022,6,samued1,Deebo Samuel,WR,SF,@ATL,24.8,24,12.0,0.0,0.0,0.0,0.0,0.0,3.9,24.2,0.2,4.8,69.6,0.2,0.0,1.0,3.3,0.1,0.0,0.0,A-Game,14.5,24.0,4.1,0.60,7.0,-3.29,0.29,24.4,14.11,1.02,--,46.000,-4.500,25.25
2022,6,chasej1,Ja'Marr Chase,WR,CIN,@NO,25.4,26,11.5,0.0,0.0,0.0,0.0,0.0,0.5,2.1,0.0,6.1,80.9,0.6,0.0,0.1,3.9,0.0,0.0,0.0,A-Game,14.6,30.0,1.7,0.49,5.2,-7.75,0.17,23.3,10.37,0.78,--,43.500,-3.000,23.25
2022,6,brownm6,Marquise Brown,WR,ARI,@SEA,17.2,6,11.4,0.0,0.0,0.0,0.0,0.0,0.0,0.0,0.0,6.1,84.1,0.5,0.0,0.0,4.0,0.0,0.0,0.0,A-Game,14.5,24.0,4.2,0.60,5.4,-4.89,0.23,23.2,12.84,0.97,--,50.500,-2.500,26.5
2022,6,metcad1,DK Metcalf,WR,SEA,ARI,16.6,4,10.8,0.0,0.0,0.0,0.0,0.0,0.0,0.0,0.0,5.2,71.0,0.6,0.0,0.0,3.4,0.0,0.0,0.0,B-Game,13.4,28.0,1.3,0.48,3.8,-8.23,0.14,22.1,10.01,0.79,--,50.500,2.5,24
2022,6,browna5,A.J. Brown,WR,PHI,DAL,18.3,8,10.7,0.0,0.0,0.0,0.0,0.0,0.0,0.0,0.0,5.8,85.5,0.4,0.0,0.0,4.0,0.0,0.0,0.0,B-Game,13.6,24.0,3.2,0.57,5.4,-4.88,0.23,22.5,12.15,0.94,--,42.000,-6.5,24.25
2022,6,willim7,Mike Williams,WR,LAC,DEN,14.7,1,10.4,0.0,0.0,0.0,0.0,0.0,0.0,0.0,0.0,5.0,79.4,0.4,0.0,0.0,3.6,0.0,0.0,0.0,B-Game,12.9,21.0,3.9,0.61,4.5,-4.54,0.21,21.8,12.76,1.04,--,45.500,-4.5,25
2022,6,davisg2,Gabe Davis,WR,BUF,@KC,25.1,25,10.3,0.0,0.0,0.0,0.0,0.0,0.0,0.0,0.0,3.8,74.4,0.5,0.0,0.0,3.1,0.0,0.0,0.0,B-Game,12.2,24.0,1.9,0.51,3.5,-6.81,0.15,21.1,10.79,0.88,--,54.000,-2.500,28.25
2022,6,suttoc1,Courtland Sutton,WR,DEN,@LAC,27.7,29,10.1,0.0,0.0,0.0,0.0,0.0,0.3,1.1,0.0,6.1,80.7,0.3,0.0,0.0,3.9,0.1,0.0,0.0,B-Game,13.2,17.0,5.9,0.78,5.1,-2.17,0.30,22.2,14.88,1.31,--,45.500,4.500,20.5
2022,6,hillt1,Tyreek Hill,WR,MIA,MIN,19.0,12,10.1,0.0,0.0,0.0,0.0,0.0,0.4,2.9,0.0,6.5,79.8,0.3,0.0,0.1,4.0,0.1,0.0,0.0,B-Game,13.3,29.0,0.9,0.46,5.2,-7.27,0.18,22.4,9.90,0.77,--,45.500,3,21.25
2022,6,lambc1,CeeDee Lamb,WR,DAL,@PHI,15.6,3,10.1,0.0,0.0,0.0,0.0,0.0,0.2,1.6,0.0,6.1,74.0,0.4,0.0,0.1,3.7,0.1,0.0,0.0,B-Game,13.1,21.0,4.1,0.62,4.5,-4.52,0.21,22.0,13.01,1.05,--,42.000,6.500,17.75
2022,6,locket1,Tyler Lockett,WR,SEA,ARI,16.6,4,9.9,0.0,0.0,0.0,0.0,0.0,0.0,0.0,0.0,6.0,77.2,0.4,0.0,0.0,3.8,0.0,0.0,0.0,B-Game,12.9,21.0,3.8,0.61,4.7,-4.29,0.23,21.8,12.80,1.04,--,50.500,2.5,24
2022,6,kirkc1,Christian Kirk,WR,JAX,@IND,18.4,9,9.7,0.0,0.0,0.0,0.0,0.0,0.2,1.1,0.0,4.2,68.4,0.5,0.0,0.0,3.1,0.0,0.0,0.0,B-Game,11.8,20.0,3.2,0.59,3.1,-5.47,0.16,20.7,12.14,1.04,--,41.000,1.500,19.75
2022,6,waddlj1,Jaylen Waddle,WR,MIA,MIN,19.0,12,9.4,0.0,0.0,0.0,0.0,0.0,1.3,5.8,0.0,4.4,65.5,0.4,0.0,0.2,3.0,0.0,0.0,0.0,B-Game,11.6,25.0,0.9,0.46,3.1,-7.67,0.12,20.7,10.00,0.83,--,45.500,3,21.25
2022,6,mclaut1,Terry McLaurin,WR,WAS,@CHI,19.9,17,9.2,0.0,0.0,0.0,0.0,0.0,0.2,1.8,0.0,4.2,73.8,0.3,0.0,0.1,3.2,0.0,0.0,0.0,B-Game,11.3,17.0,4.0,0.67,3.6,-3.68,0.21,20.5,13.18,1.21,--,38.500,-1.000,19.75
2022,6,godwic1,Chris Godwin,WR,TB,@PIT,31.6,31,9.0,0.0,0.0,0.0,0.0,0.0,0.2,0.8,0.0,5.9,68.9,0.4,0.0,0.0,3.5,0.0,0.0,0.0,B-Game,12.0,22.0,2.5,0.55,3.9,-5.52,0.18,21.0,11.57,0.96,--,46.000,-9.500,27.75
2022,6,lazara1,Allen Lazard,WR,GB,NYJ,21.2,19,9.0,0.0,0.0,0.0,0.0,0.0,0.0,0.0,0.0,3.8,54.6,0.6,0.0,0.0,2.6,0.0,0.0,0.0,B-Game,10.9,18.0,3.1,0.60,1.7,-6.08,0.09,19.7,12.01,1.10,--,45.000,-7.5,26.25
2022,6,pittmm2,Michael Pittman Jr.,WR,IND,JAX,19.0,11,8.6,0.0,0.0,0.0,0.0,0.0,0.0,0.0,0.0,5.7,65.5,0.4,0.0,0.0,3.4,0.0,0.0,0.0,B-Game,11.5,20.0,2.9,0.57,3.5,-5.08,0.18,20.5,11.93,1.03,--,41.000,-1.5,21.25
2022,6,coopea1,Amari Cooper,WR,CLE,NE,18.2,7,8.3,0.0,0.0,0.0,0.0,0.0,0.0,0.0,0.0,5.2,62.6,0.3,0.0,0.0,3.2,0.0,0.0,0.0,B-Game,10.9,21.0,1.9,0.52,3.0,-5.99,0.14,20.0,10.97,0.95,--,43.000,-2.5,22.75
2022,6,samuec1,Curtis Samuel,WR,WAS,@CHI,19.9,17,8.0,0.0,0.0,0.0,0.0,0.0,2.1,12.3,0.1,4.8,50.5,0.2,0.0,0.5,2.7,0.0,0.0,0.0,B-Game,10.4,16.0,3.6,0.65,2.7,-4.17,0.17,20.1,13.22,1.26,--,38.500,-1.000,19.75
2022,6,higgit1,Tee Higgins,WR,CIN,@NO,25.4,26,7.8,0.0,0.0,0.0,0.0,0.0,0.0,0.0,0.0,3.9,59.1,0.3,0.0,0.0,2.7,0.0,0.0,0.0,C-Game,9.8,22.0,0.3,0.45,2.1,-7.32,0.10,19.0,9.54,0.86,--,43.500,-3.000,23.25
2022,6,duverd1,Devin Duvernay,WR,BAL,@NYG,20.1,18,7.8,0.0,0.0,0.0,0.0,0.0,0.0,0.0,0.0,3.4,51.2,0.5,0.0,0.0,2.4,0.0,0.0,0.0,C-Game,9.5,14.0,3.5,0.68,1.2,-4.84,0.08,18.6,12.62,1.33,--,45.500,-5.500,25.5
2022,6,doubsr1,Romeo Doubs,WR,GB,NYJ,21.2,19,7.8,0.0,0.0,0.0,0.0,0.0,0.6,3.6,0.0,4.1,47.0,0.5,0.0,0.1,2.4,0.0,0.0,0.0,C-Game,9.9,15.0,3.4,0.66,1.1,-5.35,0.07,19.0,12.53,1.27,--,45.000,-7.5,26.25
2022,6,johnsd15,Diontae Johnson,WR,PIT,TB,19.7,14,7.8,0.0,0.0,0.0,0.0,0.0,0.3,2.3,0.0,5.4,57.7,0.3,0.0,0.1,3.1,0.0,0.0,0.0,C-Game,10.5,17.0,3.2,0.62,2.7,-4.63,0.16,19.7,12.42,1.16,--,46.000,9.5,18.25
2022,6,londod1,Drake London,WR,ATL,SF,19.6,13,7.8,0.0,0.0,0.0,0.0,0.0,0.0,0.0,0.0,5.2,57.4,0.4,0.0,0.0,3.0,0.1,0.0,0.0,C-Game,10.4,18.0,2.6,0.58,2.6,-5.17,0.14,19.5,11.80,1.09,--,46.000,4.5,20.75
2022,6,jeudyj1,Jerry Jeudy,WR,DEN,@LAC,27.7,29,7.8,0.0,0.0,0.0,0.0,0.0,0.0,0.0,0.0,3.0,45.7,0.5,0.0,0.0,2.1,0.0,0.0,0.0,C-Game,9.2,14.0,3.2,0.66,0.5,-5.55,0.03,18.3,12.27,1.31,--,45.500,4.500,20.5
2022,6,smithd4,DeVonta Smith,WR,PHI,DAL,18.3,8,7.7,0.0,0.0,0.0,0.0,0.0,0.0,0.0,0.0,5.2,61.1,0.3,0.0,0.0,3.1,0.0,0.0,0.0,C-Game,10.3,19.0,2.1,0.54,2.9,-5.28,0.15,19.5,11.31,1.03,--,42.000,-6.5,24.25
2022,6,aiyukb1,Brandon Aiyuk,WR,SF,@ATL,24.8,24,7.5,0.0,0.0,0.0,0.0,0.0,0.3,1.3,0.0,3.6,51.1,0.4,0.0,0.1,2.4,0.0,0.0,0.0,C-Game,9.3,16.0,2.4,0.58,1.2,-5.66,0.08,18.5,11.59,1.15,--,46.000,-4.500,25.25
2022,6,moored4,D.J. Moore,WR,CAR,@LAR,25.4,27,7.4,0.0,0.0,0.0,0.0,0.0,0.7,4.2,0.0,4.2,56.9,0.2,0.0,0.2,2.7,0.0,0.0,0.0,C-Game,9.5,16.0,2.6,0.59,2.0,-4.83,0.13,18.9,12.01,1.18,--,41.500,10.000,15.75
2022,6,pickeg1,George Pickens,WR,PIT,TB,19.7,14,7.1,0.0,0.0,0.0,0.0,0.0,0.0,0.0,0.0,4.0,57.7,0.2,0.0,0.0,2.7,0.0,0.0,0.0,C-Game,9.1,16.0,2.2,0.57,2.0,-4.86,0.13,18.4,11.56,1.15,--,46.000,9.5,18.25
2022,6,thiela1,Adam Thielen,WR,MIN,@MIA,18.9,10,7.0,0.0,0.0,0.0,0.0,0.0,0.0,0.0,0.0,4.6,48.7,0.4,0.0,0.0,2.6,0.0,0.0,0.0,C-Game,9.3,19.0,1.2,0.49,1.5,-6.70,0.08,18.5,10.37,0.98,--,45.500,-3.000,24.25
2022,6,meyerj1,Jakobi Meyers,WR,NE,@CLE,24.1,23,7.0,0.0,0.0,0.0,0.0,0.0,0.2,1.9,0.0,5.1,55.1,0.2,0.0,0.1,2.9,0.0,0.0,0.0,C-Game,9.5,16.0,2.7,0.60,2.3,-4.60,0.14,18.9,12.02,1.18,--,43.000,2.500,20.25
2022,6,valdem1,Marquez Valdes-Scantling,WR,KC,BUF,16.9,5,6.9,0.0,0.0,0.0,0.0,0.0,0.3,1.0,0.0,3.7,53.3,0.3,0.0,0.0,2.5,0.0,0.0,0.0,C-Game,8.8,11.0,4.1,0.80,1.5,-3.22,0.14,18.2,13.42,1.65,--,54.000,2.5,25.75
2022,6,davisc7,Corey Davis,WR,NYJ,@GB,19.9,16,6.9,0.0,0.0,0.0,0.0,0.0,0.0,0.0,0.0,2.9,51.8,0.3,0.0,0.0,2.2,0.0,0.0,0.0,C-Game,8.3,15.0,1.9,0.56,1.0,-5.47,0.07,17.7,11.24,1.18,--,45.000,7.500,18.75
2022,6,mooned1,Darnell Mooney,WR,CHI,WAS,31.6,32,6.9,0.0,0.0,0.0,0.0,0.0,0.0,0.0,0.0,3.9,53.2,0.3,0.0,0.0,2.6,0.0,0.0,0.0,C-Game,8.8,16.0,1.9,0.55,1.6,-5.30,0.10,18.2,11.27,1.13,--,38.500,1,18.75
2022,6,smithj5,JuJu Smith-Schuster,WR,KC,BUF,16.9,5,6.8,0.0,0.0,0.0,0.0,0.0,0.0,0.0,0.0,4.2,53.3,0.3,0.0,0.0,2.6,0.0,0.0,0.0,C-Game,8.9,14.0,2.9,0.64,1.7,-4.29,0.12,18.3,12.25,1.30,--,54.000,2.5,25.75
2022,6,wilsog1,Garrett Wilson,WR,NYJ,@GB,19.9,16,6.7,0.0,0.0,0.0,0.0,0.0,0.0,0.0,0.0,4.3,47.0,0.3,0.0,0.0,2.5,0.0,0.0,0.0,C-Game,8.9,16.0,2.0,0.55,1.2,-5.70,0.07,18.1,11.25,1.13,--,45.000,7.500,18.75
2022,6,mckeni1,Isaiah McKenzie,WR,BUF,@KC,25.1,25,6.7,0.0,0.0,0.0,0.0,0.0,0.0,0.0,0.0,4.5,45.5,0.4,0.0,0.0,2.5,0.0,0.0,0.0,C-Game,8.9,16.0,2.0,0.56,1.1,-5.76,0.07,18.1,11.25,1.13,--,54.000,-2.500,28.25
2022,6,boydt2,Tyler Boyd,WR,CIN,@NO,25.4,26,6.7,0.0,0.0,0.0,0.0,0.0,0.0,0.0,0.0,4.3,48.8,0.3,0.0,0.0,2.5,0.0,0.0,0.0,C-Game,8.8,16.0,1.9,0.55,1.3,-5.54,0.08,18.1,11.21,1.13,--,43.500,-3.000,23.25
2022,6,cobbr1,Randall Cobb,WR,GB,NYJ,21.2,19,6.5,0.0,0.0,0.0,0.0,0.0,0.0,0.0,0.0,3.2,52.1,0.2,0.0,0.0,2.3,0.0,0.0,0.0,C-Game,8.1,11.0,3.4,0.74,1.2,-3.56,0.11,17.5,12.82,1.60,--,45.000,-7.5,26.25
2022,6,mooree2,Elijah Moore,WR,NYJ,@GB,19.9,16,6.1,0.0,0.0,0.0,0.0,0.0,0.0,0.0,0.0,3.1,41.0,0.3,0.0,0.0,2.0,0.0,0.0,0.0,C-Game,7.6,14.0,1.6,0.55,0.3,-5.75,0.02,17.0,10.97,1.21,--,45.000,7.500,18.75
2022,6,pierca2,Alec Pierce,WR,IND,JAX,19.0,11,6.1,0.0,0.0,0.0,0.0,0.0,0.0,0.0,0.0,3.7,49.7,0.2,0.0,0.0,2.4,0.0,0.0,0.0,C-Game,7.9,14.0,1.9,0.57,1.2,-4.87,0.08,17.4,11.37,1.24,--,41.000,-1.5,21.25
2022,6,moorer1,Rondale Moore,WR,ARI,@SEA,17.2,6,6.0,0.0,0.0,0.0,0.0,0.0,1.1,4.5,0.0,4.8,47.5,0.1,0.0,0.2,2.7,0.0,0.0,0.0,C-Game,8.4,17.0,1.1,0.50,1.5,-5.85,0.09,18.0,10.67,1.06,--,50.500,-2.500,26.5
2022,6,robina3,Allen Robinson,WR,LAR,CAR,22.1,20,5.8,0.0,0.0,0.0,0.0,0.0,0.0,0.0,0.0,3.0,34.2,0.4,0.0,0.0,1.8,0.0,0.0,0.0,C-Game,7.3,12.0,2.1,0.61,0.2,-4.95,0.02,16.6,11.43,1.38,--,41.500,-10,25.75
2022,6,jonesz1,Zay Jones,WR,JAX,@IND,18.4,9,5.6,0.0,0.0,0.0,0.0,0.0,0.0,0.0,0.0,5.3,44.7,0.2,0.0,0.0,2.7,0.0,0.0,0.0,C-Game,8.3,12.0,3.1,0.69,1.4,-3.72,0.12,17.7,12.56,1.48,--,41.000,1.500,19.75
2022,6,gallum1,Michael Gallup,WR,DAL,@PHI,15.6,3,5.5,0.0,0.0,0.0,0.0,0.0,0.0,0.0,0.0,3.8,43.1,0.2,0.0,0.0,2.3,0.0,0.0,0.0,C-Game,7.4,15.0,1.0,0.50,0.6,-5.84,0.04,16.9,10.49,1.13,--,42.000,6.500,17.75
2022,6,palmej3,Josh Palmer,WR,LAC,DEN,14.7,1,5.5,0.0,0.0,0.0,0.0,0.0,0.2,1.1,0.0,3.3,36.9,0.3,0.0,0.0,1.9,0.0,0.0,0.0,C-Game,7.1,11.0,2.4,0.64,0.4,-4.38,0.03,16.5,11.82,1.50,--,45.500,-4.5,25
2022,6,parked1,DeVante Parker,WR,NE,@CLE,24.1,23,5.4,0.0,0.0,0.0,0.0,0.0,0.0,0.0,0.0,1.7,36.0,0.3,0.0,0.0,1.5,0.0,0.0,0.0,C-Game,6.2,11.0,1.5,0.56,0.0,-4.73,0.00,15.7,10.96,1.43,--,43.000,2.500,20.25
2022,6,brownn1,Noah Brown,WR,DAL,@PHI,15.6,3,5.3,0.0,0.0,0.0,0.0,0.0,0.0,0.0,0.0,3.2,42.0,0.2,0.0,0.0,2.0,0.0,0.0,0.0,C-Game,6.9,10.0,2.6,0.69,0.3,-4.00,0.03,16.4,12.12,1.64,--,42.000,6.500,17.75
2022,6,brownd12,Dyami Brown,WR,WAS,@CHI,19.9,17,5.3,0.0,0.0,0.0,0.0,0.0,0.0,0.0,0.0,2.2,38.8,0.2,0.0,0.0,1.7,0.0,0.0,0.0,C-Game,6.4,11.0,1.6,0.58,0.0,-4.73,0.00,15.9,11.19,1.45,--,38.500,-1.000,19.75
2022,6,zaccho1,Olamide Zaccheaus,WR,ATL,SF,19.6,13,5.3,0.0,0.0,0.0,0.0,0.0,0.0,0.0,0.0,2.5,41.3,0.2,0.0,0.0,1.8,0.0,0.0,0.0,C-Game,6.5,11.0,1.8,0.59,0.0,-4.71,0.00,16.1,11.38,1.46,--,46.000,4.5,20.75
2022,6,osbork1,K.J. Osborn,WR,MIN,@MIA,18.9,10,5.2,0.0,0.0,0.0,0.0,0.0,0.0,0.0,0.0,2.8,35.5,0.3,0.0,0.0,1.8,0.0,0.0,0.0,C-Game,6.6,16.0,-0.3,0.41,0.2,-6.73,0.01,16.1,9.21,1.01,--,45.500,-3.000,24.25
2022,6,stbroe1,Equanimeous St. Brown,WR,CHI,WAS,31.6,32,5.0,0.0,0.0,0.0,0.0,0.0,0.4,4.2,0.0,1.9,30.3,0.3,0.0,0.2,1.4,0.0,0.0,0.0,C-Game,6.0,13.0,0.4,0.46,0.0,-5.59,0.00,15.6,9.99,1.20,--,38.500,1,18.75
2022,6,claypc1,Chase Claypool,WR,PIT,TB,19.7,14,5.0,0.0,0.0,0.0,0.0,0.0,0.8,5.6,0.0,2.9,33.9,0.2,0.0,0.2,1.8,0.0,0.0,0.0,C-Game,6.5,12.0,1.3,0.54,0.3,-4.86,0.03,16.2,11.00,1.35,--,46.000,9.5,18.25
2022,6,callam1,Marquez Callaway,WR,NO,CIN,15.5,2,5.0,0.0,0.0,0.0,0.0,0.0,0.0,0.0,0.0,2.9,38.7,0.2,0.0,0.0,1.9,0.0,0.0,0.0,C-Game,6.4,10.0,2.1,0.64,0.2,-4.09,0.02,16.0,11.72,1.60,--,43.500,3,20.25
2022,6,carted4,DeAndre Carter,WR,LAC,DEN,14.7,1,4.8,0.0,0.0,0.0,0.0,0.0,0.0,0.0,0.0,2.3,39.7,0.2,0.0,0.0,1.7,0.0,0.0,0.0,C-Game,6.0,10.0,1.7,0.60,0.0,-4.30,0.00,15.6,11.34,1.56,--,45.500,-4.5,25
2022,6,anderr2,Robbie Anderson,WR,CAR,@LAR,25.4,27,4.6,0.0,0.0,0.0,0.0,0.0,0.0,0.0,0.0,2.6,34.1,0.2,0.0,0.0,1.7,0.0,0.0,0.0,C-Game,5.9,13.0,0.3,0.46,0.0,-5.56,0.00,15.5,9.94,1.19,--,41.500,10.000,15.75
2022,6,slaytd1,Darius Slayton,WR,NYG,BAL,22.2,21,4.6,0.0,0.0,0.0,0.0,0.0,0.0,0.0,0.0,2.6,34.7,0.2,0.0,0.0,1.7,0.0,0.0,0.0,C-Game,5.9,14.0,-0.1,0.42,0.1,-5.96,0.00,15.5,9.52,1.11,--,45.500,5.5,20
2022,6,robinw1,Wan'Dale Robinson,WR,NYG,BAL,22.2,21,4.6,0.0,0.0,0.0,0.0,0.0,0.0,0.0,0.0,3.5,34.7,0.2,0.0,0.0,1.9,0.0,0.0,0.0,C-Game,6.3,10.0,2.0,0.63,0.4,-3.86,0.04,15.9,11.62,1.59,--,45.500,5.5,20
2022,6,shakik1,Khalil Shakir,WR,BUF,@KC,25.1,25,4.3,0.0,0.0,0.0,0.0,0.0,0.6,3.5,0.0,2.3,27.3,0.2,0.0,0.1,1.4,0.0,0.0,0.0,C-Game,5.5,14.0,-0.5,0.39,0.0,-6.02,0.00,15.3,9.32,1.10,--,54.000,-2.500,28.25
2022,6,agnewj1,Jamal Agnew,WR,JAX,@IND,18.4,9,4.3,0.0,0.0,0.0,0.0,0.0,0.2,1.7,0.0,2.7,29.8,0.2,0.0,0.1,1.6,0.0,0.0,0.0,C-Game,5.7,10.0,1.4,0.57,0.1,-4.19,0.01,15.3,11.01,1.53,--,41.000,1.500,19.75
2022,6,bournk1,Kendrick Bourne,WR,NE,@CLE,24.1,23,4.3,0.0,0.0,0.0,0.0,0.0,0.3,2.5,0.0,2.2,26.5,0.2,0.0,0.1,1.4,0.0,0.0,0.0,C-Game,5.4,10.0,1.1,0.54,0.0,-4.30,0.00,15.0,10.74,1.50,--,43.000,2.500,20.25
2022,6,smitht9,Tre'Quan Smith,WR,NO,CIN,15.5,2,4.2,0.0,0.0,0.0,0.0,0.0,0.0,0.0,0.0,2.3,31.4,0.2,0.0,0.0,1.5,0.0,0.0,0.0,C-Game,5.4,11.0,0.6,0.49,0.0,-4.73,0.00,15.0,10.30,1.37,--,43.500,3,20.25
2022,6,greena2,A.J. Green,WR,ARI,@SEA,17.2,6,4.1,0.0,0.0,0.0,0.0,0.0,0.0,0.0,0.0,2.4,32.6,0.1,0.0,0.0,1.6,0.0,0.0,0.0,C-Game,5.3,10.0,1.0,0.53,0.0,-4.30,0.00,15.0,10.68,1.50,--,50.500,-2.500,26.5
2022,6,skowrb1,Ben Skowronek,WR,LAR,CAR,22.1,20,4.1,0.0,0.0,0.0,0.0,0.0,0.0,0.0,0.0,2.6,32.9,0.1,0.0,0.0,1.6,0.0,0.0,0.0,C-Game,5.4,10.0,1.1,0.54,0.0,-4.25,0.00,15.1,10.77,1.51,--,41.500,-10,25.75
2022,6,peopld1,Donovan Peoples-Jones,WR,CLE,NE,18.2,7,4.0,0.0,0.0,0.0,0.0,0.0,0.0,0.0,0.0,2.5,32.8,0.1,0.0,0.0,1.6,0.0,0.0,0.0,C-Game,5.2,12.0,0.1,0.44,0.0,-5.15,0.00,15.0,9.81,1.25,--,43.000,-2.5,22.75
2022,6,gager1,Russell Gage,WR,TB,@PIT,31.6,31,3.8,0.0,0.0,0.0,0.0,0.0,0.0,0.0,0.0,2.5,24.8,0.2,0.0,0.0,1.4,0.0,0.0,0.0,C-Game,5.0,13.0,-0.6,0.39,0.0,-5.59,0.00,14.7,9.07,1.13,--,46.000,-9.500,27.75
2022,6,hardmm1,Mecole Hardman,WR,KC,BUF,16.9,5,3.6,0.0,0.0,0.0,0.0,0.0,0.4,1.9,0.0,2.5,27.4,0.1,0.0,0.1,1.4,0.0,0.0,0.0,C-Game,4.8,10.0,0.5,0.48,0.0,-4.30,0.00,14.6,10.35,1.46,--,54.000,2.5,25.75
2022,6,robind2,Demarcus Robinson,WR,BAL,@NYG,20.1,18,3.6,0.0,0.0,0.0,0.0,0.0,0.0,0.0,0.0,2.2,22.1,0.2,0.0,0.0,1.2,0.0,0.0,0.0,C-Game,4.7,10.0,0.4,0.47,0.0,-4.30,0.00,14.4,10.05,1.44,--,45.500,-5.500,25.5
2022,6,jennij1,Jauan Jennings,WR,SF,@ATL,24.8,24,3.6,0.0,0.0,0.0,0.0,0.0,0.0,0.0,0.0,2.3,24.4,0.2,0.0,0.0,1.3,0.0,0.0,0.0,C-Game,4.7,10.0,0.4,0.47,0.0,-4.30,0.00,14.4,10.10,1.44,--,46.000,-4.500,25.25
2022,6,jamesr1,Richie James,WR,NYG,BAL,22.2,21,3.4,0.0,0.0,0.0,0.0,0.0,0.0,0.0,0.0,2.3,25.5,0.1,0.0,0.0,1.3,0.0,0.0,0.0,C-Game,4.5,12.0,-0.7,0.38,0.0,-5.16,0.00,14.3,9.11,1.19,--,45.500,5.5,20
2022,6,thornt1,Tyquan Thornton,WR,NE,@CLE,24.1,23,3.3,0.0,0.0,0.0,0.0,0.0,0.0,0.0,0.0,2.4,24.4,0.1,0.0,0.0,1.4,0.0,0.0,0.0,C-Game,4.5,10.0,0.2,0.45,0.0,-4.30,0.00,14.3,9.97,1.43,--,43.000,2.500,20.25
2022,6,hodgek1,KhaDarel Hodge,WR,ATL,SF,19.6,13,3.2,0.0,0.0,0.0,0.0,0.0,0.0,0.0,0.0,1.9,26.2,0.1,0.0,0.0,1.3,0.0,0.0,0.0,C-Game,4.1,10.0,-0.2,0.41,0.0,-4.30,0.00,14.0,9.68,1.40,--,46.000,4.5,20.75
2022,6,prochj1,James Proche,WR,BAL,@NYG,20.1,18,2.9,0.0,0.0,0.0,0.0,0.0,0.0,0.0,0.0,1.3,20.9,0.1,0.0,0.0,0.9,0.0,0.0,0.0,C-Game,3.5,10.0,-0.8,0.35,0.0,-4.30,0.00,13.4,9.07,1.34,--,45.500,-5.500,25.5
2022,6,milles2,Scott Miller,WR,TB,@PIT,31.6,31,2.7,0.0,0.0,0.0,0.0,0.0,0.3,2.1,0.0,1.7,17.9,0.1,0.0,0.1,1.0,0.0,0.0,0.0,C-Game,3.5,10.0,-0.8,0.35,0.0,-4.30,0.00,13.4,9.13,1.34,--,46.000,-9.500,27.75
2022,6,wilsoc2,Cedrick Wilson,WR,MIA,MIN,19.0,12,2.7,0.0,0.0,0.0,0.0,0.0,0.0,0.0,0.0,2.3,20.2,0.1,0.0,0.0,1.2,0.0,0.0,0.0,C-Game,3.8,10.0,-0.5,0.38,0.0,-4.30,0.00,13.6,9.33,1.36,--,45.500,3,21.25
2022,6,smiths4,Shi Smith,WR,CAR,@LAR,25.4,27,2.6,0.0,0.0,0.0,0.0,0.0,0.0,0.0,0.0,1.8,21.7,0.1,0.0,0.0,1.1,0.0,0.0,0.0,C-Game,3.5,10.0,-0.8,0.35,0.0,-4.30,0.00,13.4,9.08,1.34,--,41.500,10.000,15.75
2022,6,pettid1,Dante Pettis,WR,CHI,WAS,31.6,32,2.3,0.0,0.0,0.0,0.0,0.0,0.0,0.0,0.0,0.7,18.3,0.1,0.0,0.0,0.7,0.0,0.0,0.0,C-Game,2.6,10.0,-1.7,0.26,0.0,-4.30,0.00,12.6,8.29,1.26,--,38.500,1,18.75
2022,6,hintok1,Kendall Hinton,WR,DEN,@LAC,27.7,29,2.3,0.0,0.0,0.0,0.0,0.0,0.0,0.0,0.0,1.4,18.1,0.1,0.0,0.0,0.9,0.0,0.0,0.0,C-Game,3.0,10.0,-1.3,0.30,0.0,-4.30,0.00,12.9,8.59,1.29,--,45.500,4.500,20.5
2022,6,dortcg1,Greg Dortch,WR,ARI,@SEA,17.2,6,2.3,0.0,0.0,0.0,0.0,0.0,0.0,0.0,0.0,1.7,14.9,0.1,0.0,0.0,0.9,0.0,0.0,0.0,C-Game,3.1,10.0,-1.2,0.31,0.0,-4.30,0.00,13.0,8.69,1.30,--,50.500,-2.500,26.5
2022,6,campbp1,Parris Campbell,WR,IND,JAX,19.0,11,2.2,0.0,0.0,0.0,0.0,0.0,0.0,0.0,0.0,2.3,20.6,0.0,0.0,0.0,1.2,0.0,0.0,0.0,C-Game,3.4,10.0,-0.9,0.34,0.0,-4.30,0.00,13.3,9.05,1.33,--,41.000,-1.5,21.25
2022,6,moores1,Skyy Moore,WR,KC,BUF,16.9,5,2.1,0.0,0.0,0.0,0.0,0.0,0.0,0.0,0.0,1.1,15.9,0.1,0.0,0.0,0.7,0.0,0.0,0.0,C-Game,2.6,10.0,-1.7,0.26,0.0,-4.30,0.00,12.6,8.28,1.26,--,54.000,2.5,25.75
2022,6,marsht1,Terrace Marshall,WR,CAR,@LAR,25.4,27,2.1,0.0,0.0,0.0,0.0,0.0,0.0,0.0,0.0,1.5,16.6,0.1,0.0,0.0,0.9,0.0,0.0,0.0,C-Game,2.8,10.0,-1.5,0.28,0.0,-4.30,0.00,12.8,8.47,1.28,--,41.500,10.000,15.75
2022,6,hamlek1,K.J. Hamler,WR,DEN,@LAC,27.7,29,1.9,0.0,0.0,0.0,0.0,0.0,0.0,0.0,0.0,1.5,14.4,0.1,0.0,0.0,0.8,0.0,0.0,0.0,C-Game,2.7,10.0,-1.6,0.27,0.0,-4.30,0.00,12.6,8.33,1.26,--,45.500,4.500,20.5
2022,6,sillsd1,David Sills,WR,NYG,BAL,22.2,21,1.8,0.0,0.0,0.0,0.0,0.0,0.0,0.0,0.0,1.2,14.3,0.1,0.0,0.0,0.7,0.0,0.0,0.0,C-Game,2.5,12.0,-2.7,0.20,0.0,-5.16,0.00,12.4,7.27,1.04,--,45.500,5.5,20
2022,6,berrib2,Braxton Berrios,WR,NYJ,@GB,19.9,16,1.8,0.0,0.0,0.0,0.0,0.0,0.9,7.0,0.0,1.2,9.6,0.0,0.0,0.3,0.6,0.0,0.0,0.0,C-Game,2.4,10.0,-1.9,0.24,0.3,-4.04,0.03,12.5,8.24,1.25,--,45.000,7.500,18.75
2022,6,goodwm1,Marquise Goodwin,WR,SEA,ARI,16.6,4,1.7,0.0,0.0,0.0,0.0,0.0,0.0,0.0,0.0,0.9,12.4,0.1,0.0,0.0,0.6,0.0,0.0,0.0,C-Game,2.2,10.0,-2.1,0.22,0.0,-4.30,0.00,12.2,7.87,1.22,--,50.500,2.5,24
2022,6,sherft1,Trent Sherfield,WR,MIA,MIN,19.0,12,1.7,0.0,0.0,0.0,0.0,0.0,0.0,0.0,0.0,1.6,13.1,0.1,0.0,0.0,0.8,0.0,0.0,0.0,C-Game,2.5,10.0,-1.8,0.25,0.0,-4.30,0.00,12.5,8.21,1.25,--,45.500,3,21.25
2022,6,jonesv1,Velus Jones,WR,CHI,WAS,31.6,32,1.6,0.0,0.0,0.0,0.0,0.0,0.0,0.0,0.0,1.0,11.0,0.1,0.0,0.0,0.6,0.0,0.0,0.0,C-Game,2.1,10.0,-2.2,0.21,0.0,-4.30,0.00,12.1,7.78,1.21,--,38.500,1,18.75
2022,6,mclour1,Ray-Ray McCloud,WR,SF,@ATL,24.8,24,1.4,0.0,0.0,0.0,0.0,0.0,0.0,0.0,0.0,0.9,10.4,0.1,0.0,0.0,0.5,0.0,0.0,0.0,C-Game,1.9,10.0,-2.4,0.19,0.0,-4.30,0.00,11.9,7.60,1.19,--,46.000,-4.500,25.25
2022,6,watkiq1,Quez Watkins,WR,PHI,DAL,18.3,8,1.4,0.0,0.0,0.0,0.0,0.0,0.0,0.0,0.0,0.8,11.0,0.1,0.0,0.0,0.5,0.0,0.0,0.0,C-Game,1.8,10.0,-2.5,0.18,0.0,-4.30,0.00,11.9,7.58,1.19,--,42.000,-6.5,24.25
2022,6,atwelt1,Tutu Atwell,WR,LAR,CAR,22.1,20,1.4,0.0,0.0,0.0,0.0,0.0,0.0,0.0,0.0,0.6,9.2,0.1,0.0,0.0,0.4,0.0,0.0,0.0,C-Game,1.7,10.0,-2.6,0.17,0.0,-4.30,0.00,11.7,7.42,1.17,--,41.500,-10,25.75
2022,6,stracm1,Mike Strachan,WR,IND,JAX,19.0,11,1.3,0.0,0.0,0.0,0.0,0.0,0.0,0.0,0.0,0.6,10.9,0.0,0.0,0.0,0.5,0.0,0.0,0.0,C-Game,1.6,10.0,-2.7,0.16,0.0,-4.30,0.00,11.6,7.35,1.16,--,41.000,-1.5,21.25
2022,6,wallat1,Tylan Wallace,WR,BAL,@NYG,20.1,18,1.3,0.0,0.0,0.0,0.0,0.0,0.0,0.0,0.0,0.6,11.6,0.0,0.0,0.0,0.5,0.0,0.0,0.0,C-Game,1.6,10.0,-2.7,0.16,0.0,-4.30,0.00,11.7,7.35,1.17,--,45.500,-5.500,25.5
2022,6,jonest6,Tim Jones,WR,JAX,@IND,18.4,9,1.2,0.0,0.0,0.0,0.0,0.0,0.0,0.0,0.0,0.8,12.4,0.0,0.0,0.0,0.6,0.0,0.0,0.0,C-Game,1.6,10.0,-2.7,0.16,0.0,-4.30,0.00,11.7,7.43,1.17,--,41.000,1.500,19.75
2022,6,watsoj1,Justin Watson,WR,KC,BUF,16.9,5,1.2,0.0,0.0,0.0,0.0,0.0,0.0,0.0,0.0,0.6,10.1,0.0,0.0,0.0,0.5,0.0,0.0,0.0,C-Game,1.5,10.0,-2.8,0.15,0.0,-4.30,0.00,11.6,7.31,1.16,--,54.000,2.5,25.75
2022,6,simsc2,Cam Sims,WR,WAS,@CHI,19.9,17,1.0,0.0,0.0,0.0,0.0,0.0,0.0,0.0,0.0,0.6,7.8,0.0,0.0,0.0,0.4,0.0,0.0,0.0,C-Game,1.3,10.0,-3.0,0.13,0.0,-4.30,0.00,11.4,7.10,1.14,--,38.500,-1.000,19.75
2022,6,eskrid1,D'Wayne Eskridge,WR,SEA,ARI,16.6,4,1.0,0.0,0.0,0.0,0.0,0.0,0.0,0.0,0.0,0.7,7.5,0.0,0.0,0.0,0.4,0.0,0.0,0.0,C-Game,1.3,10.0,-3.0,0.13,0.0,-4.30,0.00,11.4,7.11,1.14,--,50.500,2.5,24
2022,6,belld1,David Bell,WR,CLE,NE,18.2,7,0.8,0.0,0.0,0.0,0.0,0.0,0.0,0.0,0.0,0.8,8.2,0.0,0.0,0.0,0.5,0.0,0.0,0.0,C-Game,1.2,10.0,-3.1,0.12,0.0,-4.30,0.00,11.4,7.06,1.14,--,43.000,-2.5,22.75
2022,6,pascaz1,Zach Pascal,WR,PHI,DAL,18.3,8,0.7,0.0,0.0,0.0,0.0,0.0,0.0,0.0,0.0,1.0,7.3,0.0,0.0,0.0,0.5,0.0,0.0,0.0,C-Game,1.2,10.0,-3.1,0.12,0.0,-4.30,0.00,11.4,7.07,1.14,--,42.000,-6.5,24.25
2022,6,boykim1,Miles Boykin,WR,PIT,TB,19.7,14,0.7,0.0,0.0,0.0,0.0,0.0,0.0,0.0,0.0,0.4,5.7,0.0,0.0,0.0,0.3,0.0,0.0,0.0,C-Game,0.9,10.0,-3.4,0.09,0.0,-4.30,0.00,11.0,6.74,1.10,--,46.000,9.5,18.25
2022,6,thomam3,Mike Thomas,WR,CIN,@NO,25.4,26,0.6,0.0,0.0,0.0,0.0,0.0,0.0,0.0,0.0,0.5,5.1,0.0,0.0,0.0,0.3,0.0,0.0,0.0,C-Game,0.8,10.0,-3.5,0.08,0.0,-4.30,0.00,11.0,6.68,1.10,--,43.500,-3.000,23.25
2022,6,schwaa1,Anthony Schwartz,WR,CLE,NE,18.2,7,0.5,0.0,0.0,0.0,0.0,0.0,0.0,0.0,0.0,0.3,5.1,0.0,0.0,0.0,0.2,0.0,0.0,0.0,C-Game,0.6,10.0,-3.7,0.06,0.0,-4.30,0.00,10.8,6.52,1.08,--,43.000,-2.5,22.75
2022,6,edwarb4,Bryan Edwards,WR,ATL,SF,19.6,13,0.5,0.0,0.0,0.0,0.0,0.0,0.0,0.0,0.0,0.7,5.0,0.0,0.0,0.0,0.3,0.0,0.0,0.0,C-Game,0.8,10.0,-3.5,0.08,0.0,-4.30,0.00,11.0,6.69,1.10,--,46.000,4.5,20.75
2022,6,fehoks1,Simi Fehoko,WR,DAL,@PHI,15.6,3,0.4,0.0,0.0,0.0,0.0,0.0,0.0,0.0,0.0,0.1,2.2,0.0,0.0,0.0,0.1,0.0,0.0,0.0,C-Game,0.4,10.0,-3.9,0.04,0.0,-4.30,0.00,10.6,6.28,1.06,--,42.000,6.500,17.75
2022,6,reagoj1,Jalen Reagor,WR,MIN,@MIA,18.9,10,0.3,0.0,0.0,0.0,0.0,0.0,0.0,0.0,0.0,0.2,2.6,0.0,0.0,0.0,0.1,0.0,0.0,0.0,C-Game,0.4,10.0,-3.9,0.04,0.0,-4.30,0.00,10.6,6.27,1.06,--,45.500,-3.000,24.25
2022,6,smithj8,Jeff Smith,WR,NYJ,@GB,19.9,16,0.2,0.0,0.0,0.0,0.0,0.0,0.0,0.0,0.0,0.3,2.4,0.0,0.0,0.0,0.2,0.0,0.0,0.0,C-Game,0.4,10.0,-3.9,0.04,0.0,-4.30,0.00,10.6,6.29,1.06,--,45.000,7.500,18.75
2022,6,kelcet1,Travis Kelce,TE,KC,BUF,1.6,1,10.9,0.0,0.0,0.0,0.0,0.0,0.0,0.0,0.0,6.4,72.1,0.6,0.0,0.0,3.8,0.0,0.0,0.0,A-Game,14.2,27.0,5.0,0.52,4.4,-4.75,0.16,19.5,10.28,0.72,--,54.000,2.5,25.75
2022,6,andrem1,Mark Andrews,TE,BAL,@NYG,8.5,23,10.7,0.0,0.0,0.0,0.0,0.0,0.0,0.0,0.0,6.4,76.7,0.5,0.0,0.0,4.0,0.0,0.0,0.0,A-Game,13.9,29.0,4.0,0.48,4.7,-5.14,0.16,19.3,9.41,0.66,--,45.500,-5.500,25.5
2022,6,hillt2,Taysom Hill,TE,NO,CIN,7.8,19,9.1,0.0,0.0,0.0,0.0,0.0,10.7,64.1,0.5,0.0,0.0,0.0,0.0,2.7,0.0,0.1,0.0,0.0,A-Game,9.1,22.0,1.6,0.41,0.0,-7.48,0.00,9.8,2.36,0.45,--,43.500,3,20.25
2022,6,ertzz1,Zach Ertz,TE,ARI,@SEA,23.5,32,9.0,0.0,0.0,0.0,0.0,0.0,0.0,0.0,0.0,4.8,50.2,0.7,0.0,0.0,2.7,0.0,0.0,0.0,A-Game,11.4,22.0,3.9,0.52,2.4,-5.08,0.11,17.6,10.10,0.80,--,50.500,-2.500,26.5
2022,6,goeded1,Dallas Goedert,TE,PHI,DAL,4.2,8,7.8,0.0,0.0,0.0,0.0,0.0,0.0,0.0,0.0,4.7,61.1,0.3,0.0,0.0,3.1,0.0,0.0,0.0,B-Game,10.1,18.0,4.0,0.56,3.1,-3.03,0.17,16.7,10.59,0.93,--,42.000,-6.5,24.25
2022,6,kittlg1,George Kittle,TE,SF,@ATL,8.2,21,7.6,0.0,0.0,0.0,0.0,0.0,0.0,0.0,0.0,4.4,48.7,0.5,0.0,0.0,2.6,0.0,0.0,0.0,B-Game,9.8,20.0,3.0,0.49,2.2,-4.63,0.11,16.5,9.68,0.82,--,46.000,-4.500,25.25
2022,6,higbet1,Tyler Higbee,TE,LAR,CAR,4.0,6,7.0,0.0,0.0,0.0,0.0,0.0,0.0,0.0,0.0,5.7,55.3,0.3,0.0,0.0,3.1,0.0,0.0,0.0,B-Game,9.8,21.0,2.7,0.47,3.0,-4.11,0.14,16.5,9.37,0.79,--,41.500,-10,25.75
2022,6,njokud1,David Njoku,TE,CLE,NE,7.9,20,6.7,0.0,0.0,0.0,0.0,0.0,0.0,0.0,0.0,4.3,55.4,0.2,0.0,0.0,2.8,0.0,0.0,0.0,B-Game,8.9,17.0,3.1,0.52,2.6,-3.21,0.15,15.9,10.09,0.93,--,43.000,-2.5,22.75
2022,6,evereg1,Gerald Everett,TE,LAC,DEN,4.7,9,6.1,0.0,0.0,0.0,0.0,0.0,0.0,0.0,0.0,3.2,39.7,0.4,0.0,0.0,2.0,0.0,0.0,0.0,C-Game,7.6,17.0,1.8,0.45,1.1,-4.66,0.07,15.0,9.24,0.88,--,45.500,-4.5,25
2022,6,pittsk1,Kyle Pitts,TE,ATL,SF,2.4,2,5.1,0.0,0.0,0.0,0.0,0.0,0.0,0.0,0.0,3.0,40.3,0.2,0.0,0.0,2.0,0.0,0.0,0.0,C-Game,6.6,13.0,2.2,0.51,1.1,-3.32,0.08,14.4,9.94,1.10,--,46.000,4.5,20.75
2022,6,smithi2,Irv Smith Jr.,TE,MIN,@MIA,9.8,26,4.6,0.0,0.0,0.0,0.0,0.0,0.0,0.0,0.0,2.8,30.3,0.3,0.0,0.0,1.6,0.0,0.0,0.0,C-Game,6.0,13.0,1.6,0.46,0.4,-4.04,0.03,13.9,9.52,1.07,--,45.500,-3.000,24.25
2022,6,knoxd1,Dawson Knox,TE,BUF,@KC,8.3,22,4.5,0.0,0.0,0.0,0.0,0.0,0.0,0.0,0.0,2.9,25.8,0.3,0.0,0.0,1.5,0.0,0.0,0.0,C-Game,6.0,15.0,0.9,0.40,0.4,-4.73,0.02,13.9,8.80,0.93,--,54.000,-2.500,28.25
2022,6,hursth1,Hayden Hurst,TE,CIN,@NO,3.4,5,4.4,0.0,0.0,0.0,0.0,0.0,0.0,0.0,0.0,3.7,29.5,0.3,0.0,0.0,1.7,0.0,0.0,0.0,C-Game,6.3,11.0,2.5,0.57,0.6,-3.11,0.06,14.1,10.37,1.28,--,43.500,-3.000,23.25
2022,6,bellid1,Daniel Bellinger,TE,NYG,BAL,10.6,28,4.4,0.0,0.0,0.0,0.0,0.0,0.0,0.0,0.0,2.2,24.5,0.3,0.0,0.0,1.3,0.0,0.0,0.0,C-Game,5.5,12.0,1.4,0.45,0.1,-3.97,0.01,13.5,9.46,1.13,--,45.500,5.5,20
2022,6,disslw1,Will Dissly,TE,SEA,ARI,11.2,31,4.3,0.0,0.0,0.0,0.0,0.0,0.0,0.0,0.0,2.5,26.1,0.3,0.0,0.0,1.4,0.0,0.0,0.0,C-Game,5.6,17.0,-0.2,0.33,0.2,-5.54,0.01,13.6,7.86,0.80,--,50.500,2.5,24
2022,6,tonyar1,Robert Tonyan,TE,GB,NYJ,5.0,11,4.3,0.0,0.0,0.0,0.0,0.0,0.0,0.0,0.0,3.3,26.7,0.3,0.0,0.0,1.6,0.0,0.0,0.0,C-Game,6.0,13.0,1.5,0.46,0.5,-3.91,0.04,13.9,9.47,1.07,--,45.000,-7.5,26.25
2022,6,engrae1,Evan Engram,TE,JAX,@IND,9.6,25,4.3,0.0,0.0,0.0,0.0,0.0,0.0,0.0,0.0,3.9,33.6,0.2,0.0,0.0,1.9,0.0,0.0,0.0,C-Game,6.2,13.0,1.8,0.48,0.9,-3.47,0.07,14.1,9.66,1.08,--,41.000,1.500,19.75
2022,6,conklt1,Tyler Conklin,TE,NYJ,@GB,6.8,17,4.1,0.0,0.0,0.0,0.0,0.0,0.0,0.0,0.0,3.4,31.3,0.2,0.0,0.0,1.8,0.0,0.0,0.0,C-Game,5.8,13.0,1.4,0.45,0.6,-3.78,0.05,13.8,9.38,1.06,--,45.000,7.500,18.75
2022,6,henryh1,Hunter Henry,TE,NE,@CLE,4.8,10,4.0,0.0,0.0,0.0,0.0,0.0,0.0,0.0,0.0,2.2,27.5,0.2,0.0,0.0,1.4,0.0,0.0,0.0,C-Game,5.1,11.0,1.4,0.47,0.1,-3.60,0.01,13.3,9.58,1.21,--,43.000,2.500,20.25
2022,6,gesicm1,Mike Gesicki,TE,MIA,MIN,6.5,16,4.0,0.0,0.0,0.0,0.0,0.0,0.0,0.0,0.0,2.6,28.6,0.2,0.0,0.0,1.5,0.0,0.0,0.0,C-Game,5.3,11.0,1.5,0.48,0.3,-3.48,0.02,13.4,9.68,1.22,--,45.500,3,21.25
2022,6,aliecm1,Mo Alie-Cox,TE,IND,JAX,2.4,3,3.8,0.0,0.0,0.0,0.0,0.0,0.0,0.0,0.0,1.8,23.1,0.3,0.0,0.0,1.2,0.0,0.0,0.0,C-Game,4.7,10.0,1.3,0.47,0.0,-3.40,0.00,13.0,9.64,1.30,--,41.000,-1.5,21.25
2022,6,bratec1,Cameron Brate,TE,TB,@PIT,7.4,18,3.6,0.0,0.0,0.0,0.0,0.0,0.0,0.0,0.0,2.5,24.8,0.2,0.0,0.0,1.4,0.0,0.0,0.0,C-Game,4.8,10.0,1.4,0.48,0.2,-3.19,0.02,13.1,9.73,1.31,--,46.000,-9.500,27.75
2022,6,batesj1,John Bates,TE,WAS,@CHI,5.7,14,3.6,0.0,0.0,0.0,0.0,0.0,0.0,0.0,0.0,2.3,28.5,0.1,0.0,0.0,1.5,0.0,0.0,0.0,C-Game,4.7,10.0,1.3,0.47,0.2,-3.24,0.02,13.1,9.67,1.31,--,38.500,-1.000,19.75
2022,6,fantn1,Noah Fant,TE,SEA,ARI,11.2,31,3.5,0.0,0.0,0.0,0.0,0.0,0.0,0.0,0.0,2.7,22.4,0.2,0.0,0.0,1.3,0.0,0.0,0.0,C-Game,4.9,11.0,1.1,0.44,0.3,-3.46,0.03,13.1,9.41,1.20,--,50.500,2.5,24
2022,6,gentrz1,Zach Gentry,TE,PIT,TB,6.4,15,3.5,0.0,0.0,0.0,0.0,0.0,0.0,0.0,0.0,2.5,27.1,0.1,0.0,0.0,1.4,0.0,0.0,0.0,C-Game,4.8,10.0,1.4,0.48,0.2,-3.17,0.02,13.1,9.69,1.31,--,46.000,9.5,18.25
2022,6,kmetc1,Cole Kmet,TE,CHI,WAS,5.0,12,3.3,0.0,0.0,0.0,0.0,0.0,0.0,0.0,0.0,2.8,23.8,0.2,0.0,0.0,1.4,0.0,0.0,0.0,C-Game,4.7,11.0,1.0,0.43,0.3,-3.42,0.03,13.1,9.32,1.19,--,38.500,1,18.75
2022,6,saubee1,Eric Saubert,TE,DEN,@LAC,2.9,4,3.1,0.0,0.0,0.0,0.0,0.0,0.0,0.0,0.0,2.0,21.7,0.2,0.0,0.0,1.2,0.0,0.0,0.0,C-Game,4.1,10.0,0.7,0.41,0.1,-3.34,0.01,12.6,9.24,1.26,--,45.500,4.500,20.5
2022,6,gransk1,Kylen Granson,TE,IND,JAX,2.4,3,3.0,0.0,0.0,0.0,0.0,0.0,0.0,0.0,0.0,2.1,21.8,0.1,0.0,0.0,1.2,0.0,0.0,0.0,C-Game,4.0,10.0,0.6,0.40,0.1,-3.30,0.01,12.6,9.19,1.26,--,41.000,-1.5,21.25
2022,6,hendep1,Peyton Hendershot,TE,DAL,@PHI,5.1,13,2.7,0.0,0.0,0.0,0.0,0.0,0.0,0.0,0.0,1.7,21.0,0.1,0.0,0.0,1.1,0.0,0.0,0.0,C-Game,3.6,10.0,0.2,0.36,0.0,-3.40,0.00,12.3,8.88,1.23,--,42.000,6.500,17.75
2022,6,johnsj16,Juwan Johnson,TE,NO,CIN,7.8,19,2.5,0.0,0.0,0.0,0.0,0.0,0.0,0.0,0.0,1.4,18.4,0.1,0.0,0.0,0.9,0.0,0.0,0.0,C-Game,3.1,10.0,-0.3,0.31,0.0,-3.40,0.00,12.0,8.58,1.20,--,43.500,3,20.25
2022,6,thomai1,Ian Thomas,TE,CAR,@LAR,4.1,7,2.4,0.0,0.0,0.0,0.0,0.0,0.0,0.0,0.0,1.6,20.7,0.1,0.0,0.0,1.1,0.0,0.0,0.0,C-Game,3.2,10.0,-0.2,0.32,0.0,-3.40,0.00,12.0,8.64,1.20,--,41.500,10.000,15.75
2022,6,likeli1,Isaiah Likely,TE,BAL,@NYG,8.5,23,2.4,0.0,0.0,0.0,0.0,0.0,0.0,0.0,0.0,1.8,16.3,0.1,0.0,0.0,0.9,0.0,0.0,0.0,C-Game,3.3,10.0,-0.1,0.33,0.0,-3.40,0.00,12.1,8.66,1.21,--,45.500,-5.500,25.5
2022,6,trauta1,Adam Trautman,TE,NO,CIN,7.8,19,2.1,0.0,0.0,0.0,0.0,0.0,0.0,0.0,0.0,1.6,14.8,0.1,0.0,0.0,0.8,0.0,0.0,0.0,C-Game,2.9,10.0,-0.5,0.29,0.0,-3.40,0.00,11.8,8.41,1.18,--,43.500,3,20.25
2022,6,bryanh2,Harrison Bryant,TE,CLE,NE,7.9,20,2.1,0.0,0.0,0.0,0.0,0.0,0.0,0.0,0.0,1.6,15.4,0.1,0.0,0.0,0.9,0.0,0.0,0.0,C-Game,2.9,10.0,-0.5,0.29,0.0,-3.40,0.00,11.8,8.39,1.18,--,43.000,-2.5,22.75
2022,6,woodsj1,Jelani Woods,TE,IND,JAX,2.4,3,2.0,0.0,0.0,0.0,0.0,0.0,0.0,0.0,0.0,0.7,9.7,0.2,0.0,0.0,0.5,0.0,0.0,0.0,C-Game,2.4,10.0,-1.0,0.24,0.0,-3.40,0.00,11.5,8.05,1.15,--,41.000,-1.5,21.25
2022,6,heywac1,Connor Heyward,TE,PIT,TB,6.4,15,1.8,0.0,0.0,0.0,0.0,0.0,0.0,0.0,0.0,1.5,13.6,0.1,0.0,0.0,0.8,0.0,0.0,0.0,C-Game,2.5,10.0,-0.9,0.25,0.0,-3.40,0.00,11.5,8.13,1.15,--,46.000,9.5,18.25
2022,6,griffr2,Ryan Griffin,TE,CHI,WAS,5.0,12,1.7,0.0,0.0,0.0,0.0,0.0,0.0,0.0,0.0,1.1,13.8,0.1,0.0,0.0,0.7,0.0,0.0,0.0,C-Game,2.3,10.0,-1.1,0.23,0.0,-3.40,0.00,11.4,8.01,1.14,--,38.500,1,18.75
2022,6,ferguj3,Jake Ferguson,TE,DAL,@PHI,5.1,13,1.7,0.0,0.0,0.0,0.0,0.0,0.0,0.0,0.0,1.5,13.3,0.1,0.0,0.0,0.8,0.0,0.0,0.0,C-Game,2.5,10.0,-0.9,0.25,0.0,-3.40,0.00,11.5,8.12,1.15,--,42.000,6.500,17.75
2022,6,mundtj1,Johnny Mundt,TE,MIN,@MIA,9.8,26,1.6,0.0,0.0,0.0,0.0,0.0,0.0,0.0,0.0,1.6,13.2,0.1,0.0,0.0,0.8,0.0,0.0,0.0,C-Game,2.5,10.0,-0.9,0.25,0.0,-3.40,0.00,11.5,8.12,1.15,--,45.500,-3.000,24.25
2022,6,mcbrit2,Trey McBride,TE,ARI,@SEA,23.5,32,1.6,0.0,0.0,0.0,0.0,0.0,0.0,0.0,0.0,1.2,13.6,0.0,0.0,0.0,0.7,0.0,0.0,0.0,C-Game,2.2,10.0,-1.2,0.22,0.0,-3.40,0.00,11.3,7.95,1.13,--,50.500,-2.500,26.5
2022,6,smithj6,Jonnu Smith,TE,NE,@CLE,4.8,10,1.5,0.0,0.0,0.0,0.0,0.0,0.0,0.0,0.0,1.8,12.7,0.0,0.0,0.0,0.8,0.0,0.0,0.0,C-Game,2.4,10.0,-1.0,0.24,0.0,-3.40,0.00,11.4,8.05,1.14,--,43.000,2.500,20.25
2022,6,parkic1,Colby Parkinson,TE,SEA,ARI,11.2,31,1.5,0.0,0.0,0.0,0.0,0.0,0.0,0.0,0.0,0.9,13.7,0.0,0.0,0.0,0.7,0.0,0.0,0.0,C-Game,1.9,14.0,-2.9,0.14,0.0,-4.76,0.00,11.1,6.38,0.80,--,50.500,2.5,24
2022,6,ottonc1,Cade Otton,TE,TB,@PIT,7.4,18,1.4,0.0,0.0,0.0,0.0,0.0,0.0,0.0,0.0,1.1,9.6,0.1,0.0,0.0,0.6,0.0,0.0,0.0,C-Game,2.0,10.0,-1.4,0.20,0.0,-3.40,0.00,11.2,7.78,1.12,--,46.000,-9.500,27.75
2022,6,trembt1,Tommy Tremble,TE,CAR,@LAR,4.1,7,1.4,0.0,0.0,0.0,0.0,0.0,0.0,0.0,0.0,1.3,11.4,0.0,0.0,0.0,0.7,0.0,0.0,0.0,C-Game,2.0,10.0,-1.4,0.20,0.0,-3.40,0.00,11.2,7.84,1.12,--,41.500,10.000,15.75
2022,6,hudsot1,Tanner Hudson,TE,NYG,BAL,10.6,28,1.3,0.0,0.0,0.0,0.0,0.0,0.0,0.0,0.0,0.7,9.2,0.1,0.0,0.0,0.5,0.0,0.0,0.0,C-Game,1.6,10.0,-1.8,0.16,0.0,-3.40,0.00,10.9,7.52,1.09,--,45.500,5.5,20
2022,6,grayn1,Noah Gray,TE,KC,BUF,1.6,1,1.2,0.0,0.0,0.0,0.0,0.0,0.0,0.0,0.0,1.0,11.5,0.0,0.0,0.0,0.6,0.0,0.0,0.0,C-Game,1.7,10.0,-1.7,0.17,0.0,-3.40,0.00,11.0,7.63,1.10,--,54.000,2.5,25.75
2022,6,arnold1,Dan Arnold,TE,JAX,@IND,9.6,25,1.2,0.0,0.0,0.0,0.0,0.0,0.0,0.0,0.0,0.6,11.2,0.0,0.0,0.0,0.5,0.0,0.0,0.0,C-Game,1.5,10.0,-1.9,0.15,0.0,-3.40,0.00,10.9,7.47,1.09,--,41.000,1.500,19.75
2022,6,okwuea1,Albert Okwuegbunam,TE,DEN,@LAC,2.9,4,1.2,0.0,0.0,0.0,0.0,0.0,0.0,0.0,0.0,1.1,12.0,0.0,0.0,0.0,0.6,0.0,0.0,0.0,C-Game,1.7,10.0,-1.7,0.17,0.0,-3.40,0.00,11.0,7.61,1.10,--,45.500,4.500,20.5
2022,6,hessep1,Parker Hesse,TE,ATL,SF,2.4,2,1.2,0.0,0.0,0.0,0.0,0.0,0.0,0.0,0.0,0.9,9.1,0.0,0.0,0.0,0.5,0.0,0.0,0.0,C-Game,1.6,10.0,-1.8,0.16,0.0,-3.40,0.00,11.0,7.56,1.10,--,46.000,4.5,20.75
2022,6,mckitt1,Tre McKitty,TE,LAC,DEN,4.7,9,1.1,0.0,0.0,0.0,0.0,0.0,0.0,0.0,0.0,0.7,8.2,0.1,0.0,0.0,0.4,0.0,0.0,0.0,C-Game,1.5,10.0,-1.9,0.15,0.0,-3.40,0.00,10.9,7.45,1.09,--,45.500,-4.5,25
2022,6,blantk1,Kendall Blanton,TE,LAR,CAR,4.0,6,1.1,0.0,0.0,0.0,0.0,0.0,0.0,0.0,0.0,0.6,9.2,0.0,0.0,0.0,0.4,0.0,0.0,0.0,C-Game,1.4,10.0,-2.0,0.14,0.0,-3.40,0.00,10.8,7.37,1.08,--,41.500,-10,25.75
2022,6,uzomac1,C.J. Uzomah,TE,NYJ,@GB,6.8,17,1.1,0.0,0.0,0.0,0.0,0.0,0.0,0.0,0.0,1.0,10.8,0.0,0.0,0.0,0.6,0.0,0.0,0.0,C-Game,1.6,10.0,-1.8,0.16,0.0,-3.40,0.00,10.9,7.51,1.09,--,45.000,7.500,18.75
2022,6,firksa1,Anthony Firkser,TE,ATL,SF,2.4,2,1.0,0.0,0.0,0.0,0.0,0.0,0.0,0.0,0.0,0.7,8.1,0.0,0.0,0.0,0.4,0.0,0.0,0.0,C-Game,1.4,10.0,-2.0,0.14,0.0,-3.40,0.00,10.8,7.37,1.08,--,46.000,4.5,20.75
2022,6,deguaj1,Josiah Deguara,TE,GB,NYJ,5.0,11,1.0,0.0,0.0,0.0,0.0,0.0,0.0,0.0,0.0,1.0,10.2,0.0,0.0,0.0,0.6,0.0,0.0,0.0,C-Game,1.5,10.0,-1.9,0.15,0.0,-3.40,0.00,10.9,7.47,1.09,--,45.000,-7.5,26.25
2022,6,rogera1,Armani Rogers,TE,WAS,@CHI,5.7,14,0.8,0.0,0.0,0.0,0.0,0.0,0.0,0.0,0.0,0.4,5.2,0.1,0.0,0.0,0.3,0.0,0.0,0.0,C-Game,1.0,10.0,-2.4,0.10,0.0,-3.40,0.00,10.5,7.14,1.05,--,38.500,-1.000,19.75
2022,6,becka1,Andrew Beck,TE,DEN,@LAC,2.9,4,0.7,0.0,0.0,0.0,0.0,0.0,0.0,0.0,0.0,0.4,7.2,0.0,0.0,0.0,0.3,0.0,0.0,0.0,C-Game,0.9,10.0,-2.5,0.09,0.0,-3.40,0.00,10.5,7.07,1.05,--,45.500,4.500,20.5
2022,6,davist4,Tyler Davis,TE,GB,NYJ,5.0,11,0.6,0.0,0.0,0.0,0.0,0.0,0.0,0.0,0.0,0.8,6.3,0.0,0.0,0.0,0.4,0.0,0.0,0.0,C-Game,1.0,10.0,-2.4,0.10,0.0,-3.40,0.00,10.5,7.13,1.05,--,45.000,-7.5,26.25
2022,6,parhad1,Donald Parham,TE,LAC,DEN,4.7,9,0.5,0.0,0.0,0.0,0.0,0.0,0.0,0.0,0.0,0.6,5.5,0.0,0.0,0.0,0.3,0.0,0.0,0.0,C-Game,0.8,10.0,-2.6,0.08,0.0,-3.40,0.00,10.4,7.02,1.04,--,45.500,-4.5,25
2022,6,sullis1,Stephen Sullivan,TE,CAR,@LAR,4.1,7,0.5,0.0,0.0,0.0,0.0,0.0,0.0,0.0,0.0,0.5,5.2,0.0,0.0,0.0,0.3,0.0,0.0,0.0,C-Game,0.7,10.0,-2.7,0.07,0.0,-3.40,0.00,10.4,6.95,1.04,--,41.500,10.000,15.75
2022,6,myaric1,Chris Myarick,TE,NYG,BAL,10.6,28,0.5,0.0,0.0,0.0,0.0,0.0,0.0,0.0,0.0,0.7,4.1,0.0,0.0,0.0,0.3,0.0,0.0,0.0,C-Game,0.8,10.0,-2.6,0.08,0.0,-3.40,0.00,10.4,6.99,1.04,--,45.500,5.5,20
2022,6,connet1,Tanner Conner,TE,MIA,MIN,6.5,16,0.5,0.0,0.0,0.0,0.0,0.0,0.0,0.0,0.0,0.6,3.6,0.0,0.0,0.0,0.2,0.0,0.0,0.0,C-Game,0.8,10.0,-2.6,0.08,0.0,-3.40,0.00,10.4,6.97,1.04,--,45.500,3,21.25
2022,6,fortsj1,Jody Fortson,TE,KC,BUF,1.6,1,0.5,0.0,0.0,0.0,0.0,0.0,0.0,0.0,0.0,0.4,2.9,0.0,0.0,0.0,0.2,0.0,0.0,0.0,C-Game,0.6,10.0,-2.8,0.06,0.0,-3.40,0.00,10.3,6.87,1.03,--,54.000,2.5,25.75
2022,6,olivej1,Josh Oliver,TE,BAL,@NYG,8.5,23,0.4,0.0,0.0,0.0,0.0,0.0,0.0,0.0,0.0,0.4,2.3,0.0,0.0,0.0,0.2,0.0,0.0,0.0,C-Game,0.6,10.0,-2.8,0.06,0.0,-3.40,0.00,10.3,6.87,1.03,--,45.500,-5.500,25.5
2022,6,manhec1,Chris Manhertz,TE,JAX,@IND,9.6,25,0.4,0.0,0.0,0.0,0.0,0.0,0.0,0.0,0.0,0.6,3.7,0.0,0.0,0.0,0.2,0.0,0.0,0.0,C-Game,0.7,10.0,-2.7,0.07,0.0,-3.40,0.00,10.3,6.91,1.03,--,41.000,1.500,19.75
2022,6,wescot1,Trevon Wesco,TE,CHI,WAS,5.0,12,0.4,0.0,0.0,0.0,0.0,0.0,0.0,0.0,0.0,0.5,3.7,0.0,0.0,0.0,0.2,0.0,0.0,0.0,C-Game,0.6,10.0,-2.8,0.06,0.0,-3.40,0.00,10.2,6.85,1.02,--,38.500,1,18.75
2022,6,turnec2,Cole Turner,TE,WAS,@CHI,5.7,14,0.3,0.0,0.0,0.0,0.0,0.0,0.0,0.0,0.0,0.2,2.6,0.0,0.0,0.0,0.1,0.0,0.0,0.0,C-Game,0.4,10.0,-3.0,0.04,0.0,-3.40,0.00,10.1,6.74,1.01,--,38.500,-1.000,19.75
2022,6,holtzj1,J.P. Holtz,TE,NO,CIN,7.8,19,0.3,0.0,0.0,0.0,0.0,0.0,0.0,0.0,0.0,0.4,1.8,0.0,0.0,0.0,0.1,0.0,0.0,0.0,C-Game,0.5,10.0,-2.9,0.05,0.0,-3.40,0.00,10.2,6.78,1.02,--,43.500,3,20.25
2022,6,wilcom1,Mitchell Wilcox,TE,CIN,@NO,3.4,5,0.3,0.0,0.0,0.0,0.0,0.0,0.0,0.0,0.0,0.2,2.6,0.0,0.0,0.0,0.1,0.0,0.0,0.0,C-Game,0.4,10.0,-3.0,0.04,0.0,-3.40,0.00,10.1,6.69,1.01,--,43.500,-3.000,23.25
2022,6,stollj1,Jack Stoll,TE,PHI,DAL,4.2,8,0.2,0.0,0.0,0.0,0.0,0.0,0.0,0.0,0.0,0.3,2.4,0.0,0.0,0.0,0.1,0.0,0.0,0.0,C-Game,0.4,10.0,-3.0,0.04,0.0,-3.40,0.00,10.1,6.71,1.01,--,42.000,-6.5,24.25
2022,6,calcag1,Grant Calcaterra,TE,PHI,DAL,4.2,8,0.2,0.0,0.0,0.0,0.0,0.0,0.0,0.0,0.0,0.2,1.2,0.0,0.0,0.0,0.1,0.0,0.0,0.0,C-Game,0.3,10.0,-3.1,0.03,0.0,-3.40,0.00,10.1,6.66,1.01,--,42.000,-6.5,24.25
2022,6,ARI,Arizona Cardinals,DEF,ARI,@SEA,6.1,15,,,,,,,,,,,,,,,,,,,,6.4,12.0,-0.1,0.53,1.9,-4.62,0.15,11.0,4.48,0.91,--,50.500,-2.500,26.5
2022,6,ATL,Atlanta Falcons,DEF,ATL,SF,7.7,20,,,,,,,,,,,,,,,,,,,,5.3,17.0,-3.9,0.31,1.5,-7.65,0.09,9.0,-0.16,0.53,--,46.000,4.5,20.75
2022,6,BAL,Baltimore Ravens,DEF,BAL,@NYG,5.3,8,,,,,,,,,,,,,,,,,,,,7.0,17.0,-2.1,0.41,2.0,-7.14,0.12,12.0,2.87,0.71,--,45.500,-5.500,25.5
2022,6,BUF,Buffalo Bills,DEF,BUF,@KC,3.5,3,,,,,,,,,,,,,,,,,,,,6.1,16.0,-2.5,0.38,1.8,-6.86,0.11,10.5,1.87,0.66,--,54.000,-2.500,28.25
2022,6,CAR,Carolina Panthers,DEF,CAR,@LAR,14.1,32,,,,,,,,,,,,,,,,,,,,5.9,18.0,-3.8,0.33,1.7,-8.01,0.09,10.1,0.35,0.56,--,41.500,10.000,15.75
2022,6,CHI,Chicago Bears,DEF,CHI,WAS,9.1,24,,,,,,,,,,,,,,,,,,,,6.9,15.0,-1.2,0.46,2.0,-6.09,0.13,11.9,3.76,0.79,--,38.500,1,18.75
2022,6,CIN,Cincinnati Bengals,DEF,CIN,@NO,12.8,31,,,,,,,,,,,,,,,,,,,,6.2,19.0,-4.1,0.33,1.8,-8.46,0.09,10.6,0.34,0.56,--,43.500,-3.000,23.25
2022,6,CLE,Cleveland Browns,DEF,CLE,NE,9.6,27,,,,,,,,,,,,,,,,,,,,6.7,14.0,-0.9,0.48,1.9,-5.63,0.14,11.4,3.84,0.81,--,43.000,-2.5,22.75
2022,6,DAL,Dallas Cowboys,DEF,DAL,@PHI,5.7,11,,,,,,,,,,,,,,,,,,,,5.6,17.0,-3.6,0.33,1.6,-7.56,0.10,9.6,0.39,0.56,--,42.000,6.500,17.75
2022,6,DEN,Denver Broncos,DEF,DEN,@LAC,5.1,6,,,,,,,,,,,,,,,,,,,,5.0,15.0,-3.1,0.33,1.5,-6.65,0.10,8.6,0.48,0.57,--,45.500,4.500,20.5
2022,6,GB,Green Bay Packers,DEF,GB,NYJ,9.5,26,,,,,,,,,,,,,,,,,,,,8.0,15.0,-0.1,0.53,2.3,-5.79,0.15,13.6,5.50,0.91,--,45.000,-7.5,26.25
2022,6,IND,Indianapolis Colts,DEF,IND,JAX,6.1,14,,,,,,,,,,,,,,,,,,,,6.6,13.0,-0.5,0.50,1.9,-5.12,0.15,11.2,4.19,0.86,--,41.000,-1.5,21.25
2022,6,JAX,Jacksonville Jaguars,DEF,JAX,@IND,12.0,30,,,,,,,,,,,,,,,,,,,,7.1,20.0,-3.7,0.35,2.0,-8.75,0.10,12.1,1.27,0.60,--,41.000,1.500,19.75
2022,6,KC,Kansas City Chiefs,DEF,KC,BUF,5.6,10,,,,,,,,,,,,,,,,,,,,5.5,11.0,-0.4,0.50,1.6,-4.34,0.15,9.4,3.49,0.86,--,54.000,2.5,25.75
2022,6,LAC,Los Angeles Chargers,DEF,LAC,DEN,10.3,29,,,,,,,,,,,,,,,,,,,,6.9,10.0,1.5,0.69,2.0,-3.41,0.20,11.7,6.33,1.17,--,45.500,-4.5,25
2022,6,LAR,Los Angeles Rams,DEF,LAR,CAR,9.8,28,,,,,,,,,,,,,,,,,,,,10.2,13.0,3.2,0.79,3.0,-4.06,0.23,17.5,10.45,1.34,--,41.500,-10,25.75
2022,6,MIA,Miami Dolphins,DEF,MIA,MIN,5.9,13,,,,,,,,,,,,,,,,,,,,5.6,10.0,0.2,0.56,1.6,-3.79,0.16,9.5,4.09,0.95,--,45.500,3,21.25
2022,6,MIN,Minnesota Vikings,DEF,MIN,@MIA,4.2,5,,,,,,,,,,,,,,,,,,,,7.0,13.0,-0.0,0.54,2.0,-4.99,0.16,12.0,4.98,0.92,--,45.500,-3.000,24.25
2022,6,NE,New England Patriots,DEF,NE,@CLE,2.6,2,,,,,,,,,,,,,,,,,,,,6.4,11.0,0.5,0.59,1.9,-4.07,0.17,11.0,5.09,1.00,--,43.000,2.500,20.25
2022,6,NO,New Orleans Saints,DEF,NO,CIN,7.6,19,,,,,,,,,,,,,,,,,,,,6.3,12.0,-0.2,0.52,1.8,-4.66,0.15,10.7,4.27,0.90,--,43.500,3,20.25
2022,6,NYG,New York Giants,DEF,NYG,BAL,2.3,1,,,,,,,,,,,,,,,,,,,,5.5,12.0,-1.0,0.46,1.6,-4.88,0.13,9.4,2.93,0.78,--,45.500,5.5,20
2022,6,NYJ,New York Jets,DEF,NYJ,@GB,6.9,18,,,,,,,,,,,,,,,,,,,,4.4,11.0,-1.5,0.40,1.3,-4.66,0.12,7.5,1.61,0.69,--,45.000,7.500,18.75
2022,6,PHI,Philadelphia Eagles,DEF,PHI,DAL,4.0,4,,,,,,,,,,,,,,,,,,,,8.2,19.0,-2.1,0.43,2.4,-7.88,0.13,14.0,3.76,0.74,--,42.000,-6.5,24.25
2022,6,PIT,Pittsburgh Steelers,DEF,PIT,TB,5.2,7,,,,,,,,,,,,,,,,,,,,4.5,15.0,-3.6,0.30,1.3,-6.80,0.09,7.7,-0.41,0.51,--,46.000,9.5,18.25
2022,6,SEA,Seattle Seahawks,DEF,SEA,ARI,5.3,9,,,,,,,,,,,,,,,,,,,,5.4,14.0,-2.1,0.39,1.6,-5.98,0.11,9.3,1.74,0.66,--,50.500,2.5,24
2022,6,SF,San Francisco 49ers,DEF,SF,@ATL,6.4,16,,,,,,,,,,,,,,,,,,,,7.4,20.0,-3.4,0.37,2.2,-8.64,0.11,12.7,1.91,0.64,--,46.000,-4.500,25.25
2022,6,TB,Tampa Bay Buccaneers,DEF,TB,@PIT,8.5,22,,,,,,,,,,,,,,,,,,,,8.4,19.0,-1.8,0.44,2.4,-7.82,0.13,14.4,4.14,0.76,--,46.000,-9.500,27.75
2022,6,WAS,Washington Commanders,DEF,WAS,@CHI,8.8,23,,,,,,,,,,,,,,,,,,,,7.0,11.0,1.1,0.64,2.0,-3.91,0.18,12.0,6.06,1.09,--,38.500,-1.000,19.75
