Season,Week,PID,Player,Pos,Team,Opp,aFPA,aFPA Rk,FFPts,Comp,Pass Att,Pass Yds,Pass TD,INT,Rush Att,Rush Yds,Rush TD,Rec,Rec Yds,Rec TD,Pa1D,Ru1D,Rec1D,Fum,XP,FG,Grade
2022,6,allenj3,Josh Allen,QB,BUF,@KC,21.8,31,26.4,25.7,38.4,303.6,2.1,0.8,7.6,44.8,0.6,0.0,0.0,0.0,14.6,2.9,0.0,0.3,0.0,0.0,A-Game
2022,6,jacksl1,Lamar Jackson,QB,BAL,@NYG,19.1,22,23.9,20.2,31.7,232.5,1.7,0.8,10.5,68.3,0.5,0.0,0.0,0.0,11.3,4.4,0.0,0.2,0.0,0.0,A-Game
2022,6,hurtsj1,Jalen Hurts,QB,PHI,DAL,10.8,5,22.4,20.9,32.1,244.3,1.0,0.7,11.9,53.0,0.8,0.0,0.0,0.0,11.8,3.4,0.0,0.2,0.0,0.0,A-Game
2022,6,murrak1,Kyler Murray,QB,ARI,@SEA,21.4,29,22.1,24.7,37.7,271.3,1.7,0.7,5.6,26.5,0.6,0.0,0.0,0.0,13.3,1.7,0.0,0.2,0.0,0.0,A-Game
2022,6,mahomp1,Patrick Mahomes,QB,KC,BUF,7.8,2,19.4,24.7,36.8,288.3,1.8,0.8,3.7,18.9,0.1,0.0,0.0,0.0,13.9,1.2,0.0,0.3,0.0,0.0,A-Game
2022,6,bradyt1,Tom Brady,QB,TB,@PIT,19.4,24,17.5,24.6,37.4,275.7,1.9,0.5,0.4,0.8,0.0,0.0,0.0,0.0,13.4,0.1,0.0,0.2,0.0,0.0,A-Game
2022,6,herbej1,Justin Herbert,QB,LAC,DEN,11.2,7,17.3,24.2,36.7,273.6,1.8,0.7,1.4,5.3,0.1,0.0,0.0,0.0,13.3,0.3,0.0,0.2,0.0,0.0,A-Game
2022,6,burroj1,Joe Burrow,QB,CIN,@NO,16.1,15,17.3,23.1,35.8,256.9,1.6,0.8,3.7,11.9,0.2,0.0,0.0,0.0,12.5,0.8,0.0,0.2,0.0,0.0,A-Game
2022,6,smithg1,Geno Smith,QB,SEA,ARI,18.4,20,17.2,22.1,33.3,249.0,1.7,0.8,2.9,13.0,0.2,0.0,0.0,0.0,12.1,0.8,0.0,0.2,0.0,0.0,A-Game
2022,6,rodgea1,Aaron Rodgers,QB,GB,NYJ,12.8,8,17.2,22.3,33.8,253.9,1.9,0.3,1.1,3.0,0.1,0.0,0.0,0.0,12.3,0.2,0.0,0.2,0.0,0.0,A-Game
2022,6,cousik1,Kirk Cousins,QB,MIN,@MIA,19.2,23,16.1,23.5,36.1,263.3,1.7,0.8,1.3,4.9,0.0,0.0,0.0,0.0,12.8,0.3,0.0,0.2,0.0,0.0,B-Game
2022,6,staffm1,Matthew Stafford,QB,LAR,CAR,16.6,17,15.7,23.6,36.2,263.3,1.8,1.0,0.9,2.6,0.0,0.0,0.0,0.0,12.8,0.2,0.0,0.2,0.0,0.0,B-Game
2022,6,wilsor1,Russell Wilson,QB,DEN,@LAC,17.1,18,15.7,21.2,34.3,240.8,1.3,0.8,3.8,14.5,0.2,0.0,0.0,0.0,11.7,0.9,0.0,0.3,0.0,0.0,B-Game
2022,6,jonesd4,Daniel Jones,QB,NYG,BAL,21.0,27,14.9,18.7,29.1,204.3,1.3,0.9,6.1,30.6,0.1,0.0,0.0,0.0,10.0,2.0,0.0,0.3,0.0,0.0,B-Game
2022,6,garopj1,Jimmy Garoppolo,QB,SF,@ATL,21.2,28,14.6,19.7,31.5,232.1,1.5,0.7,0.7,2.0,0.2,0.0,0.0,0.0,11.2,0.1,0.0,0.2,0.0,0.0,B-Game
2022,6,wentzc1,Carson Wentz,QB,WAS,@CHI,18.9,21,14.6,21.0,35.5,258.8,1.3,1.0,3.4,15.2,0.0,0.0,0.0,0.0,12.3,1.0,0.0,0.3,0.0,0.0,B-Game
2022,6,fieldj1,Justin Fields,QB,CHI,WAS,19.5,25,14.6,15.9,25.8,183.4,1.1,0.8,6.0,35.6,0.3,0.0,0.0,0.0,8.9,2.3,0.0,0.2,0.0,0.0,B-Game
2022,6,lawret1,Trevor Lawrence,QB,JAX,@IND,15.6,13,14.3,22.8,36.9,248.6,1.3,0.8,1.9,7.2,0.1,0.0,0.0,0.0,12.2,0.5,0.0,0.3,0.0,0.0,B-Game
2022,6,wilsoz1,Zach Wilson,QB,NYJ,@GB,14.4,11,14.3,22.0,37.1,240.9,1.3,1.1,1.9,12.8,0.1,0.0,0.0,0.0,11.8,0.8,0.0,0.3,0.0,0.0,B-Game
2022,6,mariom1,Marcus Mariota,QB,ATL,SF,10.5,4,13.5,16.9,27.2,201.4,1.0,0.9,4.7,22.0,0.3,0.0,0.0,0.0,9.7,1.4,0.0,0.3,0.0,0.0,C-Game
2022,6,brissj1,Jacoby Brissett,QB,CLE,NE,16.0,14,13.4,18.7,29.0,205.1,1.0,0.6,4.9,19.8,0.2,0.0,0.0,0.0,10.0,1.3,0.0,0.3,0.0,0.0,C-Game
2022,6,ryanm1,Matt Ryan,QB,IND,JAX,10.9,6,13.4,22.2,35.4,242.7,1.4,1.1,0.7,2.1,0.1,0.0,0.0,0.0,11.9,0.1,0.0,0.2,0.0,0.0,C-Game
2022,6,pickek1,Kenny Pickett,QB,PIT,TB,14.9,12,13.3,20.9,34.3,226.1,1.2,1.1,3.0,14.0,0.2,0.0,0.0,0.0,11.1,0.9,0.0,0.3,0.0,0.0,C-Game
2022,6,thomps1,Skylar Thompson,QB,MIA,MIN,16.4,16,13.3,21.6,35.0,238.1,1.2,0.9,1.8,7.7,0.1,0.0,0.0,0.0,11.6,0.5,0.0,0.3,0.0,0.0,C-Game
2022,6,zappeb1,Bailey Zappe,QB,NE,@CLE,17.6,19,12.3,19.5,30.5,211.9,1.3,0.9,1.2,5.6,0.1,0.0,0.0,0.0,10.4,0.4,0.0,0.2,0.0,0.0,C-Game
2022,6,rushc1,Cooper Rush,QB,DAL,@PHI,7.8,1,12.1,19.7,31.8,221.0,1.2,0.8,2.0,5.5,0.0,0.0,0.0,0.0,10.8,0.4,0.0,0.3,0.0,0.0,C-Game
2022,6,daltoa1,Andy Dalton,QB,NO,CIN,10.3,3,10.6,15.1,23.7,184.4,1.1,0.6,1.4,4.5,0.0,0.0,0.0,0.0,8.8,0.3,0.0,0.2,0.0,0.0,C-Game
2022,6,walkep1,P.J. Walker,QB,CAR,@LAR,13.1,9,10.0,19.0,32.7,206.9,0.9,1.0,1.6,4.7,0.0,0.0,0.0,0.0,10.2,0.3,0.0,0.3,0.0,0.0,C-Game
2022,6,ekelea1,Austin Ekeler,RB,LAC,DEN,15.0,5,22.0,0.0,0.0,0.0,0.0,0.0,15.4,67.0,0.6,5.7,39.7,0.4,0.0,3.4,1.8,0.1,0.0,0.0,A-Game
2022,6,barkls1,Saquon Barkley,RB,NYG,BAL,15.8,12,21.0,0.0,0.0,0.0,0.0,0.0,19.8,84.3,0.7,3.8,33.7,0.3,0.0,4.2,1.5,0.2,0.0,0.0,A-Game
2022,6,mccafc1,Christian McCaffrey,RB,CAR,@LAR,11.8,2,20.5,0.0,0.0,0.0,0.0,0.0,17.8,75.1,0.4,5.5,40.4,0.2,0.0,3.8,1.9,0.2,0.0,0.0,A-Game
2022,6,kamara1,Alvin Kamara,RB,NO,CIN,16.2,14,19.5,0.0,0.0,0.0,0.0,0.0,20.1,70.1,0.5,4.1,42.4,0.3,0.0,3.5,1.9,0.2,0.0,0.0,A-Game
2022,6,stever1,Rhamondre Stevenson,RB,NE,@CLE,25.7,30,18.8,0.0,0.0,0.0,0.0,0.0,18.9,88.4,0.6,3.5,25.4,0.1,0.0,4.4,1.2,0.2,0.0,0.0,A-Game
2022,6,fournl1,Leonard Fournette,RB,TB,@PIT,15.8,11,18.5,0.0,0.0,0.0,0.0,0.0,18.9,63.6,0.5,4.6,37.2,0.2,0.0,3.2,1.7,0.1,0.0,0.0,A-Game
2022,6,chubbn1,Nick Chubb,RB,CLE,NE,14.0,4,18.4,0.0,0.0,0.0,0.0,0.0,19.6,100.0,1.1,1.1,7.2,0.1,0.0,5.0,0.3,0.1,0.0,0.0,A-Game
2022,6,jonesa2,Aaron Jones,RB,GB,NYJ,20.2,24,16.5,0.0,0.0,0.0,0.0,0.0,14.1,66.5,0.5,3.2,25.4,0.2,0.0,3.3,1.2,0.1,0.0,0.0,A-Game
2022,6,cookd1,Dalvin Cook,RB,MIN,@MIA,22.7,27,16.2,0.0,0.0,0.0,0.0,0.0,18.5,82.4,0.7,2.4,14.5,0.1,0.0,4.1,0.7,0.1,0.0,0.0,A-Game
2022,6,mixonj1,Joe Mixon,RB,CIN,@NO,16.9,17,16.2,0.0,0.0,0.0,0.0,0.0,17.5,67.8,0.5,3.2,23.1,0.2,0.0,3.4,1.1,0.1,0.0,0.0,A-Game
2022,6,hallb1,Breece Hall,RB,NYJ,@GB,16.5,16,15.3,0.0,0.0,0.0,0.0,0.0,15.0,65.6,0.4,3.0,32.5,0.1,0.0,3.3,1.5,0.2,0.0,0.0,A-Game
2022,6,montgd1,David Montgomery,RB,CHI,WAS,15.4,8,14.0,0.0,0.0,0.0,0.0,0.0,14.2,58.7,0.4,3.0,21.1,0.1,0.0,2.9,1.0,0.1,0.0,0.0,A-Game
2022,6,hended3,Darrell Henderson,RB,LAR,CAR,20.4,25,13.8,0.0,0.0,0.0,0.0,0.0,14.0,59.8,0.6,2.4,15.8,0.1,0.0,3.0,0.7,0.1,0.0,0.0,B-Game
2022,6,benjae1,Eno Benjamin,RB,ARI,@SEA,22.7,28,13.6,0.0,0.0,0.0,0.0,0.0,13.6,53.0,0.5,3.0,21.7,0.1,0.0,2.7,1.0,0.1,0.0,0.0,B-Game
2022,6,gordom1,Melvin Gordon,RB,DEN,@LAC,23.0,29,13.5,0.0,0.0,0.0,0.0,0.0,15.1,58.6,0.4,3.0,19.3,0.1,0.0,2.9,0.9,0.1,0.0,0.0,B-Game
2022,6,edwarc1,Clyde Edwards-Helaire,RB,KC,BUF,18.2,20,13.5,0.0,0.0,0.0,0.0,0.0,9.6,37.3,0.4,3.1,28.8,0.3,0.0,1.9,1.3,0.1,0.0,0.0,B-Game
2022,6,sandem1,Miles Sanders,RB,PHI,DAL,15.6,10,13.5,0.0,0.0,0.0,0.0,0.0,18.8,85.9,0.3,1.9,9.8,0.0,0.0,4.3,0.5,0.1,0.0,0.0,B-Game
2022,6,wilsoj2,Jeff Wilson,RB,SF,@ATL,19.7,22,13.5,0.0,0.0,0.0,0.0,0.0,18.9,84.8,0.4,1.7,12.8,0.0,0.0,4.3,0.6,0.1,0.0,0.0,B-Game
2022,6,walkek1,Ken Walker,RB,SEA,ARI,17.7,18,13.4,0.0,0.0,0.0,0.0,0.0,17.6,71.6,0.6,1.8,11.2,0.1,0.0,3.6,0.5,0.2,0.0,0.0,B-Game
2022,6,singld1,Devin Singletary,RB,BUF,@KC,19.9,23,12.6,0.0,0.0,0.0,0.0,0.0,10.7,45.9,0.2,3.4,27.3,0.1,0.0,2.3,1.3,0.1,0.0,0.0,B-Game
2022,6,jacksd7,Deon Jackson,RB,IND,JAX,18.6,21,12.4,0.0,0.0,0.0,0.0,0.0,10.0,34.8,0.3,3.7,27.9,0.1,0.0,1.7,1.3,0.1,0.0,0.0,B-Game
2022,6,moster1,Raheem Mostert,RB,MIA,MIN,17.7,19,12.2,0.0,0.0,0.0,0.0,0.0,14.5,60.5,0.6,1.4,10.7,0.0,0.0,3.0,0.5,0.1,0.0,0.0,B-Game
2022,6,dobbij1,J.K. Dobbins,RB,BAL,@NYG,16.3,15,12.0,0.0,0.0,0.0,0.0,0.0,11.6,46.5,0.5,2.1,16.3,0.1,0.0,2.3,0.7,0.1,0.0,0.0,B-Game
2022,6,harrin1,Najee Harris,RB,PIT,TB,11.6,1,11.7,0.0,0.0,0.0,0.0,0.0,13.3,49.3,0.4,2.2,14.7,0.1,0.0,2.5,0.7,0.1,0.0,0.0,B-Game
2022,6,huntk1,Kareem Hunt,RB,CLE,NE,14.0,4,11.5,0.0,0.0,0.0,0.0,0.0,9.2,38.9,0.3,2.8,18.5,0.2,0.0,1.9,0.9,0.1,0.0,0.0,B-Game
2022,6,dilloa1,A.J. Dillon,RB,GB,NYJ,20.2,24,11.5,0.0,0.0,0.0,0.0,0.0,12.1,46.8,0.5,1.9,17.8,0.1,0.0,2.3,0.8,0.1,0.0,0.0,B-Game
2022,6,etient1,Travis Etienne,RB,JAX,@IND,15.1,6,11.3,0.0,0.0,0.0,0.0,0.0,10.4,43.8,0.1,2.6,29.8,0.1,0.0,2.2,1.4,0.1,0.0,0.0,B-Game
2022,6,robinj4,James Robinson,RB,JAX,@IND,15.1,6,11.3,0.0,0.0,0.0,0.0,0.0,13.6,52.7,0.5,1.6,9.9,0.1,0.0,2.6,0.5,0.1,0.0,0.0,B-Game
2022,6,ellioe1,Ezekiel Elliott,RB,DAL,@PHI,15.2,7,10.8,0.0,0.0,0.0,0.0,0.0,15.0,57.4,0.4,1.6,11.0,0.1,0.0,2.9,0.5,0.1,0.0,0.0,B-Game
2022,6,robinb1,Brian Robinson,RB,WAS,@CHI,21.0,26,10.2,0.0,0.0,0.0,0.0,0.0,14.6,61.3,0.4,1.1,7.8,0.0,0.0,3.1,0.4,0.1,0.0,0.0,C-Game
2022,6,pollat1,Tony Pollard,RB,DAL,@PHI,15.2,7,9.7,0.0,0.0,0.0,0.0,0.0,8.7,44.8,0.3,1.8,14.4,0.1,0.0,2.2,0.7,0.1,0.0,0.0,C-Game
2022,6,allget1,Tyler Allgeier,RB,ATL,SF,15.5,9,9.1,0.0,0.0,0.0,0.0,0.0,13.9,50.4,0.4,1.2,8.1,0.0,0.0,2.5,0.4,0.1,0.0,0.0,C-Game
2022,6,mckisj1,J.D. McKissic,RB,WAS,@CHI,21.0,26,8.6,0.0,0.0,0.0,0.0,0.0,2.3,11.1,0.1,3.7,27.2,0.1,0.0,0.6,1.2,0.0,0.0,0.0,C-Game
2022,6,lindsp1,Phillip Lindsay,RB,IND,JAX,18.6,21,8.5,0.0,0.0,0.0,0.0,0.0,10.3,33.4,0.3,1.8,13.3,0.1,0.0,1.7,0.6,0.1,0.0,0.0,C-Game
2022,6,cartem2,Michael Carter,RB,NYJ,@GB,16.5,16,8.4,0.0,0.0,0.0,0.0,0.0,6.4,30.8,0.2,2.9,14.5,0.0,0.0,1.5,0.7,0.1,0.0,0.0,C-Game
2022,6,boonem1,Mike Boone,RB,DEN,@LAC,23.0,29,8.3,0.0,0.0,0.0,0.0,0.0,5.7,33.5,0.1,2.3,19.3,0.1,0.0,1.7,0.9,0.1,0.0,0.0,C-Game
2022,6,herbek1,Khalil Herbert,RB,CHI,WAS,15.4,8,7.1,0.0,0.0,0.0,0.0,0.0,7.9,41.2,0.2,1.0,8.3,0.0,0.0,2.1,0.4,0.1,0.0,0.0,C-Game
2022,6,whiter5,Rachaad White,RB,TB,@PIT,15.8,11,6.7,0.0,0.0,0.0,0.0,0.0,5.5,16.3,0.3,2.0,15.2,0.0,0.0,0.8,0.7,0.0,0.0,0.0,C-Game
2022,6,kellej2,Joshua Kelley,RB,LAC,DEN,15.0,5,6.4,0.0,0.0,0.0,0.0,0.0,4.9,17.0,0.1,1.9,13.7,0.1,0.0,0.9,0.6,0.0,0.0,0.0,C-Game
2022,6,gibsoa1,Antonio Gibson,RB,WAS,@CHI,21.0,26,6.1,0.0,0.0,0.0,0.0,0.0,3.5,15.2,0.1,1.5,16.8,0.1,0.0,0.8,0.8,0.0,0.0,0.0,C-Game
2022,6,mckinj1,Jerick McKinnon,RB,KC,BUF,18.2,20,6.1,0.0,0.0,0.0,0.0,0.0,4.1,16.5,0.1,1.7,13.0,0.1,0.0,0.8,0.6,0.0,0.0,0.0,C-Game
2022,6,ingrak1,Keaontay Ingram,RB,ARI,@SEA,22.7,28,5.7,0.0,0.0,0.0,0.0,0.0,7.8,28.8,0.2,0.7,6.8,0.0,0.0,1.4,0.3,0.0,0.0,0.0,C-Game
2022,6,edmonc1,Chase Edmonds,RB,MIA,MIN,17.7,19,5.4,0.0,0.0,0.0,0.0,0.0,2.8,11.5,0.2,1.5,11.9,0.1,0.0,0.6,0.5,0.0,0.0,0.0,C-Game
2022,6,colemt1,Tevin Coleman,RB,SF,@ATL,19.7,22,5.3,0.0,0.0,0.0,0.0,0.0,3.8,16.2,0.2,1.4,9.3,0.1,0.0,0.8,0.4,0.0,0.0,0.0,C-Game
2022,6,warrej1,Jaylen Warren,RB,PIT,TB,11.6,1,5.3,0.0,0.0,0.0,0.0,0.0,5.9,21.9,0.0,1.6,13.6,0.1,0.0,1.1,0.6,0.1,0.0,0.0,C-Game
2022,6,mattia1,Alexander Mattison,RB,MIN,@MIA,22.7,27,5.2,0.0,0.0,0.0,0.0,0.0,5.6,19.4,0.2,1.3,7.9,0.1,0.0,1.0,0.4,0.0,0.0,0.0,C-Game
2022,6,dallad1,DeeJay Dallas,RB,SEA,ARI,17.7,18,4.5,0.0,0.0,0.0,0.0,0.0,4.0,19.2,0.1,1.5,7.5,0.0,0.0,1.0,0.3,0.0,0.0,0.0,C-Game
2022,6,drakek1,Kenyan Drake,RB,BAL,@NYG,16.3,15,4.3,0.0,0.0,0.0,0.0,0.0,6.2,24.7,0.0,1.0,7.0,0.0,0.0,1.2,0.3,0.0,0.0,0.0,C-Game
2022,6,perins1,Samaje Perine,RB,CIN,@NO,16.9,17,4.2,0.0,0.0,0.0,0.0,0.0,4.8,21.7,0.0,1.2,7.7,0.0,0.0,1.1,0.4,0.0,0.0,0.0,C-Game
2022,6,huntlc1,Caleb Huntley,RB,ATL,SF,15.5,9,4.1,0.0,0.0,0.0,0.0,0.0,6.7,31.9,0.2,0.0,0.0,0.0,0.0,1.6,0.0,0.1,0.0,0.0,C-Game
2022,6,brownm4,Malcolm Brown,RB,LAR,CAR,20.4,25,3.9,0.0,0.0,0.0,0.0,0.0,7.0,25.0,0.2,0.2,1.3,0.0,0.0,1.3,0.1,0.0,0.0,0.0,C-Game
2022,6,miches1,Sony Michel,RB,LAC,DEN,15.0,5,3.7,0.0,0.0,0.0,0.0,0.0,4.0,14.9,0.0,1.0,8.2,0.0,0.0,0.7,0.4,0.0,0.0,0.0,C-Game
2022,6,stronp1,Pierre Strong Jr.,RB,NE,@CLE,25.7,30,3.6,0.0,0.0,0.0,0.0,0.0,5.2,18.7,0.1,0.6,4.2,0.0,0.0,0.9,0.2,0.0,0.0,0.0,C-Game
2022,6,gainwk1,Kenneth Gainwell,RB,PHI,DAL,15.6,10,3.6,0.0,0.0,0.0,0.0,0.0,3.3,12.0,0.2,0.7,3.7,0.0,0.0,0.6,0.2,0.0,0.0,0.0,C-Game
2022,6,pachei1,Isiah Pacheco,RB,KC,BUF,18.2,20,3.3,0.0,0.0,0.0,0.0,0.0,6.4,21.3,0.2,0.0,0.0,0.0,0.0,1.1,0.0,0.0,0.0,0.0,C-Game
2022,6,ingram1,Mark Ingram,RB,NO,CIN,16.2,14,3.1,0.0,0.0,0.0,0.0,0.0,3.3,10.4,0.1,0.8,5.5,0.0,0.0,0.5,0.3,0.0,0.0,0.0,C-Game
2022,6,cookj3,James Cook,RB,BUF,@KC,19.9,23,3.1,0.0,0.0,0.0,0.0,0.0,5.1,18.0,0.1,0.5,3.0,0.0,0.0,0.9,0.1,0.0,0.0,0.0,C-Game
2022,6,willia4,Avery Williams,RB,ATL,SF,15.5,9,2.8,0.0,0.0,0.0,0.0,0.0,3.2,11.6,0.0,0.8,6.0,0.0,0.0,0.6,0.3,0.0,0.0,0.0,C-Game
2022,6,scottb2,Boston Scott,RB,PHI,DAL,15.6,10,2.5,0.0,0.0,0.0,0.0,0.0,2.7,9.6,0.2,0.3,1.2,0.0,0.0,0.5,0.1,0.0,0.0,0.0,C-Game
2022,6,juszck1,Kyle Juszczyk,RB,SF,@ATL,19.7,22,2.4,0.0,0.0,0.0,0.0,0.0,0.7,2.0,0.1,0.7,5.8,0.1,0.0,0.1,0.3,0.0,0.0,0.0,C-Game
2022,6,ricarp1,Patrick Ricard,RB,BAL,@NYG,16.3,15,2.2,0.0,0.0,0.0,0.0,0.0,0.9,2.9,0.0,0.9,8.1,0.0,0.0,0.1,0.4,0.0,0.0,0.0,C-Game
2022,6,ahmeds1,Salvon Ahmed,RB,MIA,MIN,17.7,19,1.9,0.0,0.0,0.0,0.0,0.0,2.9,7.7,0.0,0.6,4.8,0.0,0.0,0.4,0.2,0.0,0.0,0.0,C-Game
2022,6,hamc1,C.J. Ham,RB,MIN,@MIA,22.7,27,1.4,0.0,0.0,0.0,0.0,0.0,0.0,0.0,0.0,0.7,5.3,0.0,0.0,0.0,0.2,0.0,0.0,0.0,C-Game
2022,6,breidm1,Matt Breida,RB,NYG,BAL,15.8,12,1.4,0.0,0.0,0.0,0.0,0.0,1.7,7.5,0.0,0.4,3.1,0.0,0.0,0.4,0.1,0.0,0.0,0.0,C-Game
2022,6,hastyj1,JaMycal Hasty,RB,JAX,@IND,15.1,6,1.4,0.0,0.0,0.0,0.0,0.0,1.2,4.4,0.0,0.5,5.0,0.0,0.0,0.2,0.2,0.0,0.0,0.0,C-Game
2022,6,riverr1,Ronnie Rivers,RB,LAR,CAR,20.4,25,1.3,0.0,0.0,0.0,0.0,0.0,2.9,10.2,0.0,0.0,0.0,0.0,0.0,0.5,0.0,0.0,0.0,0.0,C-Game
2022,6,murral1,Latavius Murray,RB,DEN,@LAC,23.0,29,1.2,0.0,0.0,0.0,0.0,0.0,1.0,3.9,0.0,0.4,2.4,0.0,0.0,0.2,0.1,0.0,0.0,0.0,C-Game
2022,6,myaric1,Chris Myarick,RB,NYG,BAL,15.8,12,1.1,0.0,0.0,0.0,0.0,0.0,0.0,0.0,0.0,0.7,4.1,0.0,0.0,0.0,0.2,0.0,0.0,0.0,C-Game
2022,6,gillir1,Reggie Gilliam,RB,BUF,@KC,19.9,23,1.1,0.0,0.0,0.0,0.0,0.0,0.0,0.0,0.0,0.6,4.6,0.0,0.0,0.0,0.2,0.0,0.0,0.0,C-Game
2022,6,horvaz1,Zander Horvath,RB,LAC,DEN,15.0,5,1.0,0.0,0.0,0.0,0.0,0.0,0.3,1.1,0.0,0.6,2.7,0.0,0.0,0.1,0.1,0.0,0.0,0.0,C-Game
2022,6,harrik1,Kevin Harris,RB,NE,@CLE,25.7,30,0.9,0.0,0.0,0.0,0.0,0.0,2.1,7.5,0.0,0.0,0.0,0.0,0.0,0.4,0.0,0.0,0.0,0.0,C-Game
2022,6,davist5,Tyrion Davis-Price,RB,SF,@ATL,19.7,22,0.7,0.0,0.0,0.0,0.0,0.0,1.1,4.0,0.1,0.0,0.0,0.0,0.0,0.2,0.0,0.0,0.0,0.0,C-Game
2022,6,wattd1,Derek Watt,RB,PIT,TB,11.6,1,0.7,0.0,0.0,0.0,0.0,0.0,0.0,0.0,0.0,0.4,2.3,0.0,0.0,0.0,0.1,0.0,0.0,0.0,C-Game
2022,6,hubbac1,Chuba Hubbard,RB,CAR,@LAR,11.8,2,0.5,0.0,0.0,0.0,0.0,0.0,1.6,5.6,0.0,0.0,0.0,0.0,0.0,0.3,0.0,0.0,0.0,0.0,C-Game
2022,6,jonest2,Taiwan Jones,RB,BUF,@KC,19.9,23,0.4,0.0,0.0,0.0,0.0,0.0,1.2,4.1,0.0,0.0,0.0,0.0,0.0,0.2,0.0,0.0,0.0,0.0,C-Game
2022,6,foremd1,D'Onta Foreman,RB,CAR,@LAR,11.8,2,0.4,0.0,0.0,0.0,0.0,0.0,0.9,3.7,0.0,0.0,0.0,0.0,0.0,0.2,0.0,0.0,0.0,0.0,C-Game
2022,6,davism3,Mike Davis,RB,BAL,@NYG,16.3,15,0.3,0.0,0.0,0.0,0.0,0.0,0.8,2.9,0.0,0.0,0.0,0.0,0.0,0.1,0.0,0.0,0.0,0.0,C-Game
2022,6,brighg1,Gary Brightwell,RB,NYG,BAL,15.8,12,0.2,0.0,0.0,0.0,0.0,0.0,0.6,2.5,0.0,0.0,0.0,0.0,0.0,0.1,0.0,0.0,0.0,0.0,C-Game
2022,6,kuppc1,Cooper Kupp,WR,LAR,CAR,22.1,20,24.9,0.0,0.0,0.0,0.0,0.0,0.7,4.6,0.1,8.6,105.3,0.8,0.0,0.2,5.3,0.0,0.0,0.0,A-Game
2022,6,diggss1,Stefon Diggs,WR,BUF,@KC,25.1,25,21.1,0.0,0.0,0.0,0.0,0.0,0.0,0.0,0.0,7.6,95.6,0.7,0.0,0.0,4.8,0.0,0.0,0.0,A-Game
2022,6,jeffej1,Justin Jefferson,WR,MIN,@MIA,18.9,10,21.0,0.0,0.0,0.0,0.0,0.0,0.3,1.1,0.0,7.1,105.3,0.6,0.0,0.0,4.9,0.0,0.0,0.0,A-Game
2022,6,chasej1,Ja'Marr Chase,WR,CIN,@NO,25.4,26,17.6,0.0,0.0,0.0,0.0,0.0,0.5,2.1,0.0,6.1,80.9,0.6,0.0,0.1,3.9,0.0,0.0,0.0,A-Game
2022,6,brownm6,Marquise Brown,WR,ARI,@SEA,17.2,6,17.5,0.0,0.0,0.0,0.0,0.0,0.0,0.0,0.0,6.1,84.1,0.5,0.0,0.0,4.0,0.0,0.0,0.0,A-Game
2022,6,samued1,Deebo Samuel,WR,SF,@ATL,24.8,24,16.9,0.0,0.0,0.0,0.0,0.0,3.9,24.2,0.2,4.8,69.6,0.2,0.0,1.0,3.3,0.1,0.0,0.0,A-Game
2022,6,evansm1,Mike Evans,WR,TB,@PIT,31.6,31,16.7,0.0,0.0,0.0,0.0,0.0,0.0,0.0,0.0,4.4,77.2,0.8,0.0,0.0,3.4,0.0,0.0,0.0,A-Game
2022,6,hillt1,Tyreek Hill,WR,MIA,MIN,19.0,12,16.6,0.0,0.0,0.0,0.0,0.0,0.4,2.9,0.0,6.5,79.8,0.3,0.0,0.1,4.0,0.1,0.0,0.0,A-Game
2022,6,browna5,A.J. Brown,WR,PHI,DAL,18.3,8,16.5,0.0,0.0,0.0,0.0,0.0,0.0,0.0,0.0,5.8,85.5,0.4,0.0,0.0,4.0,0.0,0.0,0.0,A-Game
2022,6,suttoc1,Courtland Sutton,WR,DEN,@LAC,27.7,29,16.3,0.0,0.0,0.0,0.0,0.0,0.3,1.1,0.0,6.1,80.7,0.3,0.0,0.0,3.9,0.1,0.0,0.0,A-Game
2022,6,lambc1,CeeDee Lamb,WR,DAL,@PHI,15.6,3,16.2,0.0,0.0,0.0,0.0,0.0,0.2,1.6,0.0,6.1,74.0,0.4,0.0,0.1,3.7,0.1,0.0,0.0,A-Game
2022,6,metcad1,DK Metcalf,WR,SEA,ARI,16.6,4,16.0,0.0,0.0,0.0,0.0,0.0,0.0,0.0,0.0,5.2,71.0,0.6,0.0,0.0,3.4,0.0,0.0,0.0,A-Game
2022,6,locket1,Tyler Lockett,WR,SEA,ARI,16.6,4,15.9,0.0,0.0,0.0,0.0,0.0,0.0,0.0,0.0,6.0,77.2,0.4,0.0,0.0,3.8,0.0,0.0,0.0,A-Game
2022,6,willim7,Mike Williams,WR,LAC,DEN,14.7,1,15.4,0.0,0.0,0.0,0.0,0.0,0.0,0.0,0.0,5.0,79.4,0.4,0.0,0.0,3.6,0.0,0.0,0.0,A-Game
2022,6,godwic1,Chris Godwin,WR,TB,@PIT,31.6,31,15.0,0.0,0.0,0.0,0.0,0.0,0.2,0.8,0.0,5.9,68.9,0.4,0.0,0.0,3.5,0.0,0.0,0.0,A-Game
2022,6,pittmm2,Michael Pittman Jr.,WR,IND,JAX,19.0,11,14.3,0.0,0.0,0.0,0.0,0.0,0.0,0.0,0.0,5.7,65.5,0.4,0.0,0.0,3.4,0.0,0.0,0.0,A-Game
2022,6,davisg2,Gabe Davis,WR,BUF,@KC,25.1,25,14.1,0.0,0.0,0.0,0.0,0.0,0.0,0.0,0.0,3.8,74.4,0.5,0.0,0.0,3.1,0.0,0.0,0.0,A-Game
2022,6,kirkc1,Christian Kirk,WR,JAX,@IND,18.4,9,13.9,0.0,0.0,0.0,0.0,0.0,0.2,1.1,0.0,4.2,68.4,0.5,0.0,0.0,3.1,0.0,0.0,0.0,A-Game
2022,6,waddlj1,Jaylen Waddle,WR,MIA,MIN,19.0,12,13.8,0.0,0.0,0.0,0.0,0.0,1.3,5.8,0.0,4.4,65.5,0.4,0.0,0.2,3.0,0.0,0.0,0.0,A-Game
2022,6,coopea1,Amari Cooper,WR,CLE,NE,18.2,7,13.5,0.0,0.0,0.0,0.0,0.0,0.0,0.0,0.0,5.2,62.6,0.3,0.0,0.0,3.2,0.0,0.0,0.0,A-Game
2022,6,mclaut1,Terry McLaurin,WR,WAS,@CHI,19.9,17,13.4,0.0,0.0,0.0,0.0,0.0,0.2,1.8,0.0,4.2,73.8,0.3,0.0,0.1,3.2,0.0,0.0,0.0,A-Game
2022,6,johnsd15,Diontae Johnson,WR,PIT,TB,19.7,14,13.2,0.0,0.0,0.0,0.0,0.0,0.3,2.3,0.0,5.4,57.7,0.3,0.0,0.1,3.1,0.0,0.0,0.0,A-Game
2022,6,londod1,Drake London,WR,ATL,SF,19.6,13,13.0,0.0,0.0,0.0,0.0,0.0,0.0,0.0,0.0,5.2,57.4,0.4,0.0,0.0,3.0,0.1,0.0,0.0,A-Game
2022,6,samuec1,Curtis Samuel,WR,WAS,@CHI,19.9,17,12.9,0.0,0.0,0.0,0.0,0.0,2.1,12.3,0.1,4.8,50.5,0.2,0.0,0.5,2.7,0.0,0.0,0.0,A-Game
2022,6,smithd4,DeVonta Smith,WR,PHI,DAL,18.3,8,12.8,0.0,0.0,0.0,0.0,0.0,0.0,0.0,0.0,5.2,61.1,0.3,0.0,0.0,3.1,0.0,0.0,0.0,A-Game
2022,6,lazara1,Allen Lazard,WR,GB,NYJ,21.2,19,12.8,0.0,0.0,0.0,0.0,0.0,0.0,0.0,0.0,3.8,54.6,0.6,0.0,0.0,2.6,0.0,0.0,0.0,A-Game
2022,6,meyerj1,Jakobi Meyers,WR,NE,@CLE,24.1,23,12.1,0.0,0.0,0.0,0.0,0.0,0.2,1.9,0.0,5.1,55.1,0.2,0.0,0.1,2.9,0.0,0.0,0.0,A-Game
2022,6,doubsr1,Romeo Doubs,WR,GB,NYJ,21.2,19,11.9,0.0,0.0,0.0,0.0,0.0,0.6,3.6,0.0,4.1,47.0,0.5,0.0,0.1,2.4,0.0,0.0,0.0,A-Game
2022,6,higgit1,Tee Higgins,WR,CIN,@NO,25.4,26,11.8,0.0,0.0,0.0,0.0,0.0,0.0,0.0,0.0,3.9,59.1,0.3,0.0,0.0,2.7,0.0,0.0,0.0,A-Game
2022,6,thiela1,Adam Thielen,WR,MIN,@MIA,18.9,10,11.6,0.0,0.0,0.0,0.0,0.0,0.0,0.0,0.0,4.6,48.7,0.4,0.0,0.0,2.6,0.0,0.0,0.0,A-Game
2022,6,moored4,D.J. Moore,WR,CAR,@LAR,25.4,27,11.6,0.0,0.0,0.0,0.0,0.0,0.7,4.2,0.0,4.2,56.9,0.2,0.0,0.2,2.7,0.0,0.0,0.0,A-Game
2022,6,duverd1,Devin Duvernay,WR,BAL,@NYG,20.1,18,11.3,0.0,0.0,0.0,0.0,0.0,0.0,0.0,0.0,3.4,51.2,0.5,0.0,0.0,2.4,0.0,0.0,0.0,A-Game
2022,6,mckeni1,Isaiah McKenzie,WR,BUF,@KC,25.1,25,11.1,0.0,0.0,0.0,0.0,0.0,0.0,0.0,0.0,4.5,45.5,0.4,0.0,0.0,2.5,0.0,0.0,0.0,A-Game
2022,6,pickeg1,George Pickens,WR,PIT,TB,19.7,14,11.1,0.0,0.0,0.0,0.0,0.0,0.0,0.0,0.0,4.0,57.7,0.2,0.0,0.0,2.7,0.0,0.0,0.0,A-Game
2022,6,smithj5,JuJu Smith-Schuster,WR,KC,BUF,16.9,5,11.0,0.0,0.0,0.0,0.0,0.0,0.0,0.0,0.0,4.2,53.3,0.3,0.0,0.0,2.6,0.0,0.0,0.0,A-Game
2022,6,aiyukb1,Brandon Aiyuk,WR,SF,@ATL,24.8,24,11.0,0.0,0.0,0.0,0.0,0.0,0.3,1.3,0.0,3.6,51.1,0.4,0.0,0.1,2.4,0.0,0.0,0.0,A-Game
2022,6,wilsog1,Garrett Wilson,WR,NYJ,@GB,19.9,16,11.0,0.0,0.0,0.0,0.0,0.0,0.0,0.0,0.0,4.3,47.0,0.3,0.0,0.0,2.5,0.0,0.0,0.0,A-Game
2022,6,jonesz1,Zay Jones,WR,JAX,@IND,18.4,9,11.0,0.0,0.0,0.0,0.0,0.0,0.0,0.0,0.0,5.3,44.7,0.2,0.0,0.0,2.7,0.0,0.0,0.0,B-Game
2022,6,boydt2,Tyler Boyd,WR,CIN,@NO,25.4,26,10.9,0.0,0.0,0.0,0.0,0.0,0.0,0.0,0.0,4.3,48.8,0.3,0.0,0.0,2.5,0.0,0.0,0.0,B-Game
2022,6,moorer1,Rondale Moore,WR,ARI,@SEA,17.2,6,10.8,0.0,0.0,0.0,0.0,0.0,1.1,4.5,0.0,4.8,47.5,0.1,0.0,0.2,2.7,0.0,0.0,0.0,B-Game
2022,6,mooned1,Darnell Mooney,WR,CHI,WAS,31.6,32,10.8,0.0,0.0,0.0,0.0,0.0,0.0,0.0,0.0,3.9,53.2,0.3,0.0,0.0,2.6,0.0,0.0,0.0,B-Game
2022,6,jeudyj1,Jerry Jeudy,WR,DEN,@LAC,27.7,29,10.7,0.0,0.0,0.0,0.0,0.0,0.0,0.0,0.0,3.0,45.7,0.5,0.0,0.0,2.1,0.0,0.0,0.0,B-Game
2022,6,valdem1,Marquez Valdes-Scantling,WR,KC,BUF,16.9,5,10.6,0.0,0.0,0.0,0.0,0.0,0.3,1.0,0.0,3.7,53.3,0.3,0.0,0.0,2.5,0.0,0.0,0.0,B-Game
2022,6,davisc7,Corey Davis,WR,NYJ,@GB,19.9,16,9.8,0.0,0.0,0.0,0.0,0.0,0.0,0.0,0.0,2.9,51.8,0.3,0.0,0.0,2.2,0.0,0.0,0.0,B-Game
2022,6,pierca2,Alec Pierce,WR,IND,JAX,19.0,11,9.8,0.0,0.0,0.0,0.0,0.0,0.0,0.0,0.0,3.7,49.7,0.2,0.0,0.0,2.4,0.0,0.0,0.0,B-Game
2022,6,cobbr1,Randall Cobb,WR,GB,NYJ,21.2,19,9.7,0.0,0.0,0.0,0.0,0.0,0.0,0.0,0.0,3.2,52.1,0.2,0.0,0.0,2.3,0.0,0.0,0.0,B-Game
2022,6,gallum1,Michael Gallup,WR,DAL,@PHI,15.6,3,9.4,0.0,0.0,0.0,0.0,0.0,0.0,0.0,0.0,3.8,43.1,0.2,0.0,0.0,2.3,0.0,0.0,0.0,B-Game
2022,6,mooree2,Elijah Moore,WR,NYJ,@GB,19.9,16,9.2,0.0,0.0,0.0,0.0,0.0,0.0,0.0,0.0,3.1,41.0,0.3,0.0,0.0,2.0,0.0,0.0,0.0,B-Game
2022,6,robina3,Allen Robinson,WR,LAR,CAR,22.1,20,8.8,0.0,0.0,0.0,0.0,0.0,0.0,0.0,0.0,3.0,34.2,0.4,0.0,0.0,1.8,0.0,0.0,0.0,B-Game
2022,6,palmej3,Josh Palmer,WR,LAC,DEN,14.7,1,8.7,0.0,0.0,0.0,0.0,0.0,0.2,1.1,0.0,3.3,36.9,0.3,0.0,0.0,1.9,0.0,0.0,0.0,B-Game
2022,6,brownn1,Noah Brown,WR,DAL,@PHI,15.6,3,8.4,0.0,0.0,0.0,0.0,0.0,0.0,0.0,0.0,3.2,42.0,0.2,0.0,0.0,2.0,0.0,0.0,0.0,B-Game
2022,6,robinw1,Wan'Dale Robinson,WR,NYG,BAL,22.2,21,8.1,0.0,0.0,0.0,0.0,0.0,0.0,0.0,0.0,3.5,34.7,0.2,0.0,0.0,1.9,0.0,0.0,0.0,B-Game
2022,6,osbork1,K.J. Osborn,WR,MIN,@MIA,18.9,10,8.0,0.0,0.0,0.0,0.0,0.0,0.0,0.0,0.0,2.8,35.5,0.3,0.0,0.0,1.8,0.0,0.0,0.0,B-Game
2022,6,claypc1,Chase Claypool,WR,PIT,TB,19.7,14,7.9,0.0,0.0,0.0,0.0,0.0,0.8,5.6,0.0,2.9,33.9,0.2,0.0,0.2,1.8,0.0,0.0,0.0,C-Game
2022,6,callam1,Marquez Callaway,WR,NO,CIN,15.5,2,7.9,0.0,0.0,0.0,0.0,0.0,0.0,0.0,0.0,2.9,38.7,0.2,0.0,0.0,1.9,0.0,0.0,0.0,C-Game
2022,6,zaccho1,Olamide Zaccheaus,WR,ATL,SF,19.6,13,7.8,0.0,0.0,0.0,0.0,0.0,0.0,0.0,0.0,2.5,41.3,0.2,0.0,0.0,1.8,0.0,0.0,0.0,C-Game
2022,6,brownd12,Dyami Brown,WR,WAS,@CHI,19.9,17,7.5,0.0,0.0,0.0,0.0,0.0,0.0,0.0,0.0,2.2,38.8,0.2,0.0,0.0,1.7,0.0,0.0,0.0,C-Game
2022,6,slaytd1,Darius Slayton,WR,NYG,BAL,22.2,21,7.2,0.0,0.0,0.0,0.0,0.0,0.0,0.0,0.0,2.6,34.7,0.2,0.0,0.0,1.7,0.0,0.0,0.0,C-Game
2022,6,anderr2,Robbie Anderson,WR,CAR,@LAR,25.4,27,7.2,0.0,0.0,0.0,0.0,0.0,0.0,0.0,0.0,2.6,34.1,0.2,0.0,0.0,1.7,0.0,0.0,0.0,C-Game
2022,6,carted4,DeAndre Carter,WR,LAC,DEN,14.7,1,7.1,0.0,0.0,0.0,0.0,0.0,0.0,0.0,0.0,2.3,39.7,0.2,0.0,0.0,1.7,0.0,0.0,0.0,C-Game
2022,6,parked1,DeVante Parker,WR,NE,@CLE,24.1,23,7.0,0.0,0.0,0.0,0.0,0.0,0.0,0.0,0.0,1.7,36.0,0.3,0.0,0.0,1.5,0.0,0.0,0.0,C-Game
2022,6,agnewj1,Jamal Agnew,WR,JAX,@IND,18.4,9,7.0,0.0,0.0,0.0,0.0,0.0,0.2,1.7,0.0,2.7,29.8,0.2,0.0,0.1,1.6,0.0,0.0,0.0,C-Game
2022,6,stbroe1,Equanimeous St. Brown,WR,CHI,WAS,31.6,32,6.9,0.0,0.0,0.0,0.0,0.0,0.4,4.2,0.0,1.9,30.3,0.3,0.0,0.2,1.4,0.0,0.0,0.0,C-Game
2022,6,skowrb1,Ben Skowronek,WR,LAR,CAR,22.1,20,6.7,0.0,0.0,0.0,0.0,0.0,0.0,0.0,0.0,2.6,32.9,0.1,0.0,0.0,1.6,0.0,0.0,0.0,C-Game
2022,6,shakik1,Khalil Shakir,WR,BUF,@KC,25.1,25,6.6,0.0,0.0,0.0,0.0,0.0,0.6,3.5,0.0,2.3,27.3,0.2,0.0,0.1,1.4,0.0,0.0,0.0,C-Game
2022,6,peopld1,Donovan Peoples-Jones,WR,CLE,NE,18.2,7,6.5,0.0,0.0,0.0,0.0,0.0,0.0,0.0,0.0,2.5,32.8,0.1,0.0,0.0,1.6,0.0,0.0,0.0,C-Game
2022,6,bournk1,Kendrick Bourne,WR,NE,@CLE,24.1,23,6.5,0.0,0.0,0.0,0.0,0.0,0.3,2.5,0.0,2.2,26.5,0.2,0.0,0.1,1.4,0.0,0.0,0.0,C-Game
2022,6,smitht9,Tre'Quan Smith,WR,NO,CIN,15.5,2,6.5,0.0,0.0,0.0,0.0,0.0,0.0,0.0,0.0,2.3,31.4,0.2,0.0,0.0,1.5,0.0,0.0,0.0,C-Game
2022,6,greena2,A.J. Green,WR,ARI,@SEA,17.2,6,6.5,0.0,0.0,0.0,0.0,0.0,0.0,0.0,0.0,2.4,32.6,0.1,0.0,0.0,1.6,0.0,0.0,0.0,C-Game
2022,6,gager1,Russell Gage,WR,TB,@PIT,31.6,31,6.2,0.0,0.0,0.0,0.0,0.0,0.0,0.0,0.0,2.5,24.8,0.2,0.0,0.0,1.4,0.0,0.0,0.0,C-Game
2022,6,hardmm1,Mecole Hardman,WR,KC,BUF,16.9,5,6.1,0.0,0.0,0.0,0.0,0.0,0.4,1.9,0.0,2.5,27.4,0.1,0.0,0.1,1.4,0.0,0.0,0.0,C-Game
2022,6,jennij1,Jauan Jennings,WR,SF,@ATL,24.8,24,5.8,0.0,0.0,0.0,0.0,0.0,0.0,0.0,0.0,2.3,24.4,0.2,0.0,0.0,1.3,0.0,0.0,0.0,C-Game
2022,6,robind2,Demarcus Robinson,WR,BAL,@NYG,20.1,18,5.8,0.0,0.0,0.0,0.0,0.0,0.0,0.0,0.0,2.2,22.1,0.2,0.0,0.0,1.2,0.0,0.0,0.0,C-Game
2022,6,thornt1,Tyquan Thornton,WR,NE,@CLE,24.1,23,5.7,0.0,0.0,0.0,0.0,0.0,0.0,0.0,0.0,2.4,24.4,0.1,0.0,0.0,1.4,0.0,0.0,0.0,C-Game
2022,6,jamesr1,Richie James,WR,NYG,BAL,22.2,21,5.6,0.0,0.0,0.0,0.0,0.0,0.0,0.0,0.0,2.3,25.5,0.1,0.0,0.0,1.3,0.0,0.0,0.0,C-Game
2022,6,hodgek1,KhaDarel Hodge,WR,ATL,SF,19.6,13,5.1,0.0,0.0,0.0,0.0,0.0,0.0,0.0,0.0,1.9,26.2,0.1,0.0,0.0,1.3,0.0,0.0,0.0,C-Game
2022,6,wilsoc2,Cedrick Wilson,WR,MIA,MIN,19.0,12,4.9,0.0,0.0,0.0,0.0,0.0,0.0,0.0,0.0,2.3,20.2,0.1,0.0,0.0,1.2,0.0,0.0,0.0,C-Game
2022,6,campbp1,Parris Campbell,WR,IND,JAX,19.0,11,4.6,0.0,0.0,0.0,0.0,0.0,0.0,0.0,0.0,2.3,20.6,0.0,0.0,0.0,1.2,0.0,0.0,0.0,C-Game
2022,6,milles2,Scott Miller,WR,TB,@PIT,31.6,31,4.4,0.0,0.0,0.0,0.0,0.0,0.3,2.1,0.0,1.7,17.9,0.1,0.0,0.1,1.0,0.0,0.0,0.0,C-Game
2022,6,smiths4,Shi Smith,WR,CAR,@LAR,25.4,27,4.4,0.0,0.0,0.0,0.0,0.0,0.0,0.0,0.0,1.8,21.7,0.1,0.0,0.0,1.1,0.0,0.0,0.0,C-Game
2022,6,prochj1,James Proche,WR,BAL,@NYG,20.1,18,4.2,0.0,0.0,0.0,0.0,0.0,0.0,0.0,0.0,1.3,20.9,0.1,0.0,0.0,0.9,0.0,0.0,0.0,C-Game
2022,6,dortcg1,Greg Dortch,WR,ARI,@SEA,17.2,6,4.0,0.0,0.0,0.0,0.0,0.0,0.0,0.0,0.0,1.7,14.9,0.1,0.0,0.0,0.9,0.0,0.0,0.0,C-Game
2022,6,johnsm3,Marcus Johnson,WR,NYG,BAL,22.2,21,3.8,0.0,0.0,0.0,0.0,0.0,0.0,0.0,0.0,1.5,20.4,0.0,0.0,0.0,1.0,0.0,0.0,0.0,C-Game
2022,6,hintok1,Kendall Hinton,WR,DEN,@LAC,27.7,29,3.6,0.0,0.0,0.0,0.0,0.0,0.0,0.0,0.0,1.4,18.1,0.1,0.0,0.0,0.9,0.0,0.0,0.0,C-Game
2022,6,marsht1,Terrace Marshall,WR,CAR,@LAR,25.4,27,3.6,0.0,0.0,0.0,0.0,0.0,0.0,0.0,0.0,1.5,16.6,0.1,0.0,0.0,0.9,0.0,0.0,0.0,C-Game
2022,6,kirkwk1,Keith Kirkwood,WR,NO,CIN,15.5,2,3.5,0.0,0.0,0.0,0.0,0.0,0.0,0.0,0.0,1.1,18.4,0.1,0.0,0.0,0.8,0.0,0.0,0.0,C-Game
2022,6,hamlek1,K.J. Hamler,WR,DEN,@LAC,27.7,29,3.4,0.0,0.0,0.0,0.0,0.0,0.0,0.0,0.0,1.5,14.4,0.1,0.0,0.0,0.8,0.0,0.0,0.0,C-Game
2022,6,sherft1,Trent Sherfield,WR,MIA,MIN,19.0,12,3.3,0.0,0.0,0.0,0.0,0.0,0.0,0.0,0.0,1.6,13.1,0.1,0.0,0.0,0.8,0.0,0.0,0.0,C-Game
2022,6,moores1,Skyy Moore,WR,KC,BUF,16.9,5,3.2,0.0,0.0,0.0,0.0,0.0,0.0,0.0,0.0,1.1,15.9,0.1,0.0,0.0,0.7,0.0,0.0,0.0,C-Game
2022,6,sillsd1,David Sills,WR,NYG,BAL,22.2,21,3.1,0.0,0.0,0.0,0.0,0.0,0.0,0.0,0.0,1.2,14.3,0.1,0.0,0.0,0.7,0.0,0.0,0.0,C-Game
2022,6,berrib2,Braxton Berrios,WR,NYJ,@GB,19.9,16,3.0,0.0,0.0,0.0,0.0,0.0,0.9,7.0,0.0,1.2,9.6,0.0,0.0,0.3,0.6,0.0,0.0,0.0,C-Game
2022,6,pettid1,Dante Pettis,WR,CHI,WAS,31.6,32,3.0,0.0,0.0,0.0,0.0,0.0,0.0,0.0,0.0,0.7,18.3,0.1,0.0,0.0,0.7,0.0,0.0,0.0,C-Game
2022,6,goodwm1,Marquise Goodwin,WR,SEA,ARI,16.6,4,2.6,0.0,0.0,0.0,0.0,0.0,0.0,0.0,0.0,0.9,12.4,0.1,0.0,0.0,0.6,0.0,0.0,0.0,C-Game
2022,6,jonesv1,Velus Jones,WR,CHI,WAS,31.6,32,2.6,0.0,0.0,0.0,0.0,0.0,0.0,0.0,0.0,1.0,11.0,0.1,0.0,0.0,0.6,0.0,0.0,0.0,C-Game
2022,6,mclour1,Ray-Ray McCloud,WR,SF,@ATL,24.8,24,2.3,0.0,0.0,0.0,0.0,0.0,0.0,0.0,0.0,0.9,10.4,0.1,0.0,0.0,0.5,0.0,0.0,0.0,C-Game
2022,6,winfrj1,Juwann Winfree,WR,GB,NYJ,21.2,19,2.3,0.0,0.0,0.0,0.0,0.0,0.0,0.0,0.0,0.9,14.0,0.0,0.0,0.0,0.6,0.0,0.0,0.0,C-Game
2022,6,watkiq1,Quez Watkins,WR,PHI,DAL,18.3,8,2.3,0.0,0.0,0.0,0.0,0.0,0.0,0.0,0.0,0.8,11.0,0.1,0.0,0.0,0.5,0.0,0.0,0.0,C-Game
2022,6,jonest6,Tim Jones,WR,JAX,@IND,18.4,9,2.0,0.0,0.0,0.0,0.0,0.0,0.0,0.0,0.0,0.8,12.4,0.0,0.0,0.0,0.6,0.0,0.0,0.0,C-Game
2022,6,atwelt1,Tutu Atwell,WR,LAR,CAR,22.1,20,2.0,0.0,0.0,0.0,0.0,0.0,0.0,0.0,0.0,0.6,9.2,0.1,0.0,0.0,0.4,0.0,0.0,0.0,C-Game
2022,6,wallat1,Tylan Wallace,WR,BAL,@NYG,20.1,18,1.9,0.0,0.0,0.0,0.0,0.0,0.0,0.0,0.0,0.6,11.6,0.0,0.0,0.0,0.5,0.0,0.0,0.0,C-Game
2022,6,stracm1,Mike Strachan,WR,IND,JAX,19.0,11,1.8,0.0,0.0,0.0,0.0,0.0,0.0,0.0,0.0,0.6,10.9,0.0,0.0,0.0,0.5,0.0,0.0,0.0,C-Game
2022,6,watsoj1,Justin Watson,WR,KC,BUF,16.9,5,1.8,0.0,0.0,0.0,0.0,0.0,0.0,0.0,0.0,0.6,10.1,0.0,0.0,0.0,0.5,0.0,0.0,0.0,C-Game
2022,6,pascaz1,Zach Pascal,WR,PHI,DAL,18.3,8,1.8,0.0,0.0,0.0,0.0,0.0,0.0,0.0,0.0,1.0,7.3,0.0,0.0,0.0,0.5,0.0,0.0,0.0,C-Game
2022,6,eskrid1,D'Wayne Eskridge,WR,SEA,ARI,16.6,4,1.7,0.0,0.0,0.0,0.0,0.0,0.0,0.0,0.0,0.7,7.5,0.0,0.0,0.0,0.4,0.0,0.0,0.0,C-Game
2022,6,belld1,David Bell,WR,CLE,NE,18.2,7,1.6,0.0,0.0,0.0,0.0,0.0,0.0,0.0,0.0,0.8,8.2,0.0,0.0,0.0,0.5,0.0,0.0,0.0,C-Game
2022,6,simsc2,Cam Sims,WR,WAS,@CHI,19.9,17,1.6,0.0,0.0,0.0,0.0,0.0,0.0,0.0,0.0,0.6,7.8,0.0,0.0,0.0,0.4,0.0,0.0,0.0,C-Game
2022,6,shaher1,Rashid Shaheed,WR,NO,CIN,15.5,2,1.6,0.0,0.0,0.0,0.0,0.0,0.0,0.0,0.0,0.4,9.2,0.0,0.0,0.0,0.4,0.0,0.0,0.0,C-Game
2022,6,edwarb4,Bryan Edwards,WR,ATL,SF,19.6,13,1.2,0.0,0.0,0.0,0.0,0.0,0.0,0.0,0.0,0.7,5.0,0.0,0.0,0.0,0.3,0.0,0.0,0.0,C-Game
2022,6,boykim1,Miles Boykin,WR,PIT,TB,19.7,14,1.1,0.0,0.0,0.0,0.0,0.0,0.0,0.0,0.0,0.4,5.7,0.0,0.0,0.0,0.3,0.0,0.0,0.0,C-Game
2022,6,thomam3,Mike Thomas,WR,CIN,@NO,25.4,26,1.1,0.0,0.0,0.0,0.0,0.0,0.0,0.0,0.0,0.5,5.1,0.0,0.0,0.0,0.3,0.0,0.0,0.0,C-Game
2022,6,schwaa1,Anthony Schwartz,WR,CLE,NE,18.2,7,0.8,0.0,0.0,0.0,0.0,0.0,0.0,0.0,0.0,0.3,5.1,0.0,0.0,0.0,0.2,0.0,0.0,0.0,C-Game
2022,6,whitek1,Kevin White,WR,NO,CIN,15.5,2,0.6,0.0,0.0,0.0,0.0,0.0,0.0,0.0,0.0,0.2,3.7,0.0,0.0,0.0,0.1,0.0,0.0,0.0,C-Game
2022,6,smithj8,Jeff Smith,WR,NYJ,@GB,19.9,16,0.6,0.0,0.0,0.0,0.0,0.0,0.0,0.0,0.0,0.3,2.4,0.0,0.0,0.0,0.2,0.0,0.0,0.0,C-Game
2022,6,reagoj1,Jalen Reagor,WR,MIN,@MIA,18.9,10,0.5,0.0,0.0,0.0,0.0,0.0,0.0,0.0,0.0,0.2,2.6,0.0,0.0,0.0,0.1,0.0,0.0,0.0,C-Game
2022,6,fehoks1,Simi Fehoko,WR,DAL,@PHI,15.6,3,0.5,0.0,0.0,0.0,0.0,0.0,0.0,0.0,0.0,0.1,2.2,0.0,0.0,0.0,0.1,0.0,0.0,0.0,C-Game
2022,6,kelcet1,Travis Kelce,TE,KC,BUF,1.6,1,17.4,0.0,0.0,0.0,0.0,0.0,0.0,0.0,0.0,6.4,72.1,0.6,0.0,0.0,3.8,0.0,0.0,0.0,A-Game
2022,6,andrem1,Mark Andrews,TE,BAL,@NYG,8.5,23,17.1,0.0,0.0,0.0,0.0,0.0,0.0,0.0,0.0,6.4,76.7,0.5,0.0,0.0,4.0,0.0,0.0,0.0,A-Game
2022,6,ertzz1,Zach Ertz,TE,ARI,@SEA,23.5,32,13.8,0.0,0.0,0.0,0.0,0.0,0.0,0.0,0.0,4.8,50.2,0.7,0.0,0.0,2.7,0.0,0.0,0.0,A-Game
2022,6,higbet1,Tyler Higbee,TE,LAR,CAR,4.0,6,12.6,0.0,0.0,0.0,0.0,0.0,0.0,0.0,0.0,5.7,55.3,0.3,0.0,0.0,3.1,0.0,0.0,0.0,A-Game
2022,6,goeded1,Dallas Goedert,TE,PHI,DAL,4.2,8,12.4,0.0,0.0,0.0,0.0,0.0,0.0,0.0,0.0,4.7,61.1,0.3,0.0,0.0,3.1,0.0,0.0,0.0,A-Game
2022,6,kittlg1,George Kittle,TE,SF,@ATL,8.2,21,12.0,0.0,0.0,0.0,0.0,0.0,0.0,0.0,0.0,4.4,48.7,0.5,0.0,0.0,2.6,0.0,0.0,0.0,A-Game
2022,6,njokud1,David Njoku,TE,CLE,NE,7.9,20,11.0,0.0,0.0,0.0,0.0,0.0,0.0,0.0,0.0,4.3,55.4,0.2,0.0,0.0,2.8,0.0,0.0,0.0,A-Game
2022,6,evereg1,Gerald Everett,TE,LAC,DEN,4.7,9,9.2,0.0,0.0,0.0,0.0,0.0,0.0,0.0,0.0,3.2,39.7,0.4,0.0,0.0,2.0,0.0,0.0,0.0,A-Game
2022,6,hillt2,Taysom Hill,TE,NO,CIN,7.8,19,9.1,0.0,0.0,0.0,0.0,0.0,10.7,64.1,0.5,0.0,0.0,0.0,0.0,2.7,0.0,0.1,0.0,0.0,A-Game
2022,6,engrae1,Evan Engram,TE,JAX,@IND,9.6,25,8.2,0.0,0.0,0.0,0.0,0.0,0.0,0.0,0.0,3.9,33.6,0.2,0.0,0.0,1.9,0.0,0.0,0.0,B-Game
2022,6,hursth1,Hayden Hurst,TE,CIN,@NO,3.4,5,8.1,0.0,0.0,0.0,0.0,0.0,0.0,0.0,0.0,3.7,29.5,0.3,0.0,0.0,1.7,0.0,0.0,0.0,B-Game
2022,6,pittsk1,Kyle Pitts,TE,ATL,SF,2.4,2,8.1,0.0,0.0,0.0,0.0,0.0,0.0,0.0,0.0,3.0,40.3,0.2,0.0,0.0,2.0,0.0,0.0,0.0,B-Game
2022,6,tonyar1,Robert Tonyan,TE,GB,NYJ,5.0,11,7.6,0.0,0.0,0.0,0.0,0.0,0.0,0.0,0.0,3.3,26.7,0.3,0.0,0.0,1.6,0.0,0.0,0.0,B-Game
2022,6,conklt1,Tyler Conklin,TE,NYJ,@GB,6.8,17,7.5,0.0,0.0,0.0,0.0,0.0,0.0,0.0,0.0,3.4,31.3,0.2,0.0,0.0,1.8,0.0,0.0,0.0,B-Game
2022,6,smithi2,Irv Smith Jr.,TE,MIN,@MIA,9.8,26,7.4,0.0,0.0,0.0,0.0,0.0,0.0,0.0,0.0,2.8,30.3,0.3,0.0,0.0,1.6,0.0,0.0,0.0,B-Game
2022,6,knoxd1,Dawson Knox,TE,BUF,@KC,8.3,22,7.4,0.0,0.0,0.0,0.0,0.0,0.0,0.0,0.0,2.9,25.8,0.3,0.0,0.0,1.5,0.0,0.0,0.0,B-Game
2022,6,disslw1,Will Dissly,TE,SEA,ARI,11.2,31,6.9,0.0,0.0,0.0,0.0,0.0,0.0,0.0,0.0,2.5,26.1,0.3,0.0,0.0,1.4,0.0,0.0,0.0,B-Game
2022,6,gesicm1,Mike Gesicki,TE,MIA,MIN,6.5,16,6.6,0.0,0.0,0.0,0.0,0.0,0.0,0.0,0.0,2.6,28.6,0.2,0.0,0.0,1.5,0.0,0.0,0.0,B-Game
2022,6,bellid1,Daniel Bellinger,TE,NYG,BAL,10.6,28,6.5,0.0,0.0,0.0,0.0,0.0,0.0,0.0,0.0,2.2,24.5,0.3,0.0,0.0,1.3,0.0,0.0,0.0,B-Game
2022,6,henryh1,Hunter Henry,TE,NE,@CLE,4.8,10,6.2,0.0,0.0,0.0,0.0,0.0,0.0,0.0,0.0,2.2,27.5,0.2,0.0,0.0,1.4,0.0,0.0,0.0,C-Game
2022,6,fantn1,Noah Fant,TE,SEA,ARI,11.2,31,6.2,0.0,0.0,0.0,0.0,0.0,0.0,0.0,0.0,2.7,22.4,0.2,0.0,0.0,1.3,0.0,0.0,0.0,C-Game
2022,6,kmetc1,Cole Kmet,TE,CHI,WAS,5.0,12,6.1,0.0,0.0,0.0,0.0,0.0,0.0,0.0,0.0,2.8,23.8,0.2,0.0,0.0,1.4,0.0,0.0,0.0,C-Game
2022,6,bratec1,Cameron Brate,TE,TB,@PIT,7.4,18,6.1,0.0,0.0,0.0,0.0,0.0,0.0,0.0,0.0,2.5,24.8,0.2,0.0,0.0,1.4,0.0,0.0,0.0,C-Game
2022,6,gentrz1,Zach Gentry,TE,PIT,TB,6.4,15,6.0,0.0,0.0,0.0,0.0,0.0,0.0,0.0,0.0,2.5,27.1,0.1,0.0,0.0,1.4,0.0,0.0,0.0,C-Game
2022,6,batesj1,John Bates,TE,WAS,@CHI,5.7,14,5.9,0.0,0.0,0.0,0.0,0.0,0.0,0.0,0.0,2.3,28.5,0.1,0.0,0.0,1.5,0.0,0.0,0.0,C-Game
2022,6,aliecm1,Mo Alie-Cox,TE,IND,JAX,2.4,3,5.6,0.0,0.0,0.0,0.0,0.0,0.0,0.0,0.0,1.8,23.1,0.3,0.0,0.0,1.2,0.0,0.0,0.0,C-Game
2022,6,saubee1,Eric Saubert,TE,DEN,@LAC,2.9,4,5.1,0.0,0.0,0.0,0.0,0.0,0.0,0.0,0.0,2.0,21.7,0.2,0.0,0.0,1.2,0.0,0.0,0.0,C-Game
2022,6,gransk1,Kylen Granson,TE,IND,JAX,2.4,3,5.1,0.0,0.0,0.0,0.0,0.0,0.0,0.0,0.0,2.1,21.8,0.1,0.0,0.0,1.2,0.0,0.0,0.0,C-Game
2022,6,hendep1,Peyton Hendershot,TE,DAL,@PHI,5.1,13,4.4,0.0,0.0,0.0,0.0,0.0,0.0,0.0,0.0,1.7,21.0,0.1,0.0,0.0,1.1,0.0,0.0,0.0,C-Game
2022,6,likeli1,Isaiah Likely,TE,BAL,@NYG,8.5,23,4.2,0.0,0.0,0.0,0.0,0.0,0.0,0.0,0.0,1.8,16.3,0.1,0.0,0.0,0.9,0.0,0.0,0.0,C-Game
2022,6,thomai1,Ian Thomas,TE,CAR,@LAR,4.1,7,4.0,0.0,0.0,0.0,0.0,0.0,0.0,0.0,0.0,1.6,20.7,0.1,0.0,0.0,1.1,0.0,0.0,0.0,C-Game
2022,6,johnsj16,Juwan Johnson,TE,NO,CIN,7.8,19,3.8,0.0,0.0,0.0,0.0,0.0,0.0,0.0,0.0,1.4,18.4,0.1,0.0,0.0,0.9,0.0,0.0,0.0,C-Game
2022,6,trauta1,Adam Trautman,TE,NO,CIN,7.8,19,3.7,0.0,0.0,0.0,0.0,0.0,0.0,0.0,0.0,1.6,14.8,0.1,0.0,0.0,0.8,0.0,0.0,0.0,C-Game
2022,6,bryanh2,Harrison Bryant,TE,CLE,NE,7.9,20,3.7,0.0,0.0,0.0,0.0,0.0,0.0,0.0,0.0,1.6,15.4,0.1,0.0,0.0,0.9,0.0,0.0,0.0,C-Game
2022,6,mundtj1,Johnny Mundt,TE,MIN,@MIA,9.8,26,3.3,0.0,0.0,0.0,0.0,0.0,0.0,0.0,0.0,1.6,13.2,0.1,0.0,0.0,0.8,0.0,0.0,0.0,C-Game
2022,6,smithj6,Jonnu Smith,TE,NE,@CLE,4.8,10,3.2,0.0,0.0,0.0,0.0,0.0,0.0,0.0,0.0,1.8,12.7,0.0,0.0,0.0,0.8,0.0,0.0,0.0,C-Game
2022,6,heywac1,Connor Heyward,TE,PIT,TB,6.4,15,3.2,0.0,0.0,0.0,0.0,0.0,0.0,0.0,0.0,1.5,13.6,0.1,0.0,0.0,0.8,0.0,0.0,0.0,C-Game
2022,6,ferguj3,Jake Ferguson,TE,DAL,@PHI,5.1,13,3.2,0.0,0.0,0.0,0.0,0.0,0.0,0.0,0.0,1.5,13.3,0.1,0.0,0.0,0.8,0.0,0.0,0.0,C-Game
2022,6,griffr2,Ryan Griffin,TE,CHI,WAS,5.0,12,2.9,0.0,0.0,0.0,0.0,0.0,0.0,0.0,0.0,1.1,13.8,0.1,0.0,0.0,0.7,0.0,0.0,0.0,C-Game
2022,6,mcbrit2,Trey McBride,TE,ARI,@SEA,23.5,32,2.8,0.0,0.0,0.0,0.0,0.0,0.0,0.0,0.0,1.2,13.6,0.0,0.0,0.0,0.7,0.0,0.0,0.0,C-Game
2022,6,woodsj1,Jelani Woods,TE,IND,JAX,2.4,3,2.7,0.0,0.0,0.0,0.0,0.0,0.0,0.0,0.0,0.7,9.7,0.2,0.0,0.0,0.5,0.0,0.0,0.0,C-Game
2022,6,trembt1,Tommy Tremble,TE,CAR,@LAR,4.1,7,2.7,0.0,0.0,0.0,0.0,0.0,0.0,0.0,0.0,1.3,11.4,0.0,0.0,0.0,0.7,0.0,0.0,0.0,C-Game
2022,6,ottonc1,Cade Otton,TE,TB,@PIT,7.4,18,2.5,0.0,0.0,0.0,0.0,0.0,0.0,0.0,0.0,1.1,9.6,0.1,0.0,0.0,0.6,0.0,0.0,0.0,C-Game
2022,6,parkic1,Colby Parkinson,TE,SEA,ARI,11.2,31,2.3,0.0,0.0,0.0,0.0,0.0,0.0,0.0,0.0,0.9,13.7,0.0,0.0,0.0,0.7,0.0,0.0,0.0,C-Game
2022,6,okwuea1,Albert Okwuegbunam,TE,DEN,@LAC,2.9,4,2.2,0.0,0.0,0.0,0.0,0.0,0.0,0.0,0.0,1.1,12.0,0.0,0.0,0.0,0.6,0.0,0.0,0.0,C-Game
2022,6,grayn1,Noah Gray,TE,KC,BUF,1.6,1,2.2,0.0,0.0,0.0,0.0,0.0,0.0,0.0,0.0,1.0,11.5,0.0,0.0,0.0,0.6,0.0,0.0,0.0,C-Game
2022,6,hessep1,Parker Hesse,TE,ATL,SF,2.4,2,2.1,0.0,0.0,0.0,0.0,0.0,0.0,0.0,0.0,0.9,9.1,0.0,0.0,0.0,0.5,0.0,0.0,0.0,C-Game
2022,6,uzomac1,C.J. Uzomah,TE,NYJ,@GB,6.8,17,2.1,0.0,0.0,0.0,0.0,0.0,0.0,0.0,0.0,1.0,10.8,0.0,0.0,0.0,0.6,0.0,0.0,0.0,C-Game
2022,6,deguaj1,Josiah Deguara,TE,GB,NYJ,5.0,11,2.0,0.0,0.0,0.0,0.0,0.0,0.0,0.0,0.0,1.0,10.2,0.0,0.0,0.0,0.6,0.0,0.0,0.0,C-Game
2022,6,hudsot1,Tanner Hudson,TE,NYG,BAL,10.6,28,1.9,0.0,0.0,0.0,0.0,0.0,0.0,0.0,0.0,0.7,9.2,0.1,0.0,0.0,0.5,0.0,0.0,0.0,C-Game
2022,6,mckitt1,Tre McKitty,TE,LAC,DEN,4.7,9,1.9,0.0,0.0,0.0,0.0,0.0,0.0,0.0,0.0,0.7,8.2,0.1,0.0,0.0,0.4,0.0,0.0,0.0,C-Game
2022,6,arnold1,Dan Arnold,TE,JAX,@IND,9.6,25,1.8,0.0,0.0,0.0,0.0,0.0,0.0,0.0,0.0,0.6,11.2,0.0,0.0,0.0,0.5,0.0,0.0,0.0,C-Game
2022,6,firksa1,Anthony Firkser,TE,ATL,SF,2.4,2,1.7,0.0,0.0,0.0,0.0,0.0,0.0,0.0,0.0,0.7,8.1,0.0,0.0,0.0,0.4,0.0,0.0,0.0,C-Game
2022,6,blantk1,Kendall Blanton,TE,LAR,CAR,4.0,6,1.7,0.0,0.0,0.0,0.0,0.0,0.0,0.0,0.0,0.6,9.2,0.0,0.0,0.0,0.4,0.0,0.0,0.0,C-Game
2022,6,davist4,Tyler Davis,TE,GB,NYJ,5.0,11,1.4,0.0,0.0,0.0,0.0,0.0,0.0,0.0,0.0,0.8,6.3,0.0,0.0,0.0,0.4,0.0,0.0,0.0,C-Game
2022,6,rogera1,Armani Rogers,TE,WAS,@CHI,5.7,14,1.2,0.0,0.0,0.0,0.0,0.0,0.0,0.0,0.0,0.4,5.2,0.1,0.0,0.0,0.3,0.0,0.0,0.0,C-Game
2022,6,parhad1,Donald Parham,TE,LAC,DEN,4.7,9,1.1,0.0,0.0,0.0,0.0,0.0,0.0,0.0,0.0,0.6,5.5,0.0,0.0,0.0,0.3,0.0,0.0,0.0,C-Game
2022,6,becka1,Andrew Beck,TE,DEN,@LAC,2.9,4,1.1,0.0,0.0,0.0,0.0,0.0,0.0,0.0,0.0,0.4,7.2,0.0,0.0,0.0,0.3,0.0,0.0,0.0,C-Game
2022,6,connet1,Tanner Conner,TE,MIA,MIN,6.5,16,1.1,0.0,0.0,0.0,0.0,0.0,0.0,0.0,0.0,0.6,3.6,0.0,0.0,0.0,0.2,0.0,0.0,0.0,C-Game
2022,6,sullis1,Stephen Sullivan,TE,CAR,@LAR,4.1,7,1.0,0.0,0.0,0.0,0.0,0.0,0.0,0.0,0.0,0.5,5.2,0.0,0.0,0.0,0.3,0.0,0.0,0.0,C-Game
2022,6,manhec1,Chris Manhertz,TE,JAX,@IND,9.6,25,1.0,0.0,0.0,0.0,0.0,0.0,0.0,0.0,0.0,0.6,3.7,0.0,0.0,0.0,0.2,0.0,0.0,0.0,C-Game
2022,6,wescot1,Trevon Wesco,TE,CHI,WAS,5.0,12,0.8,0.0,0.0,0.0,0.0,0.0,0.0,0.0,0.0,0.5,3.7,0.0,0.0,0.0,0.2,0.0,0.0,0.0,C-Game
2022,6,olivej1,Josh Oliver,TE,BAL,@NYG,8.5,23,0.8,0.0,0.0,0.0,0.0,0.0,0.0,0.0,0.0,0.4,2.3,0.0,0.0,0.0,0.2,0.0,0.0,0.0,C-Game
2022,6,fortsj1,Jody Fortson,TE,KC,BUF,1.6,1,0.8,0.0,0.0,0.0,0.0,0.0,0.0,0.0,0.0,0.4,2.9,0.0,0.0,0.0,0.2,0.0,0.0,0.0,C-Game
2022,6,holtzj1,J.P. Holtz,TE,NO,CIN,7.8,19,0.7,0.0,0.0,0.0,0.0,0.0,0.0,0.0,0.0,0.4,1.8,0.0,0.0,0.0,0.1,0.0,0.0,0.0,C-Game
2022,6,stollj1,Jack Stoll,TE,PHI,DAL,4.2,8,0.6,0.0,0.0,0.0,0.0,0.0,0.0,0.0,0.0,0.3,2.4,0.0,0.0,0.0,0.1,0.0,0.0,0.0,C-Game
2022,6,turnec2,Cole Turner,TE,WAS,@CHI,5.7,14,0.5,0.0,0.0,0.0,0.0,0.0,0.0,0.0,0.0,0.2,2.6,0.0,0.0,0.0,0.1,0.0,0.0,0.0,C-Game
2022,6,wilcom1,Mitchell Wilcox,TE,CIN,@NO,3.4,5,0.5,0.0,0.0,0.0,0.0,0.0,0.0,0.0,0.0,0.2,2.6,0.0,0.0,0.0,0.1,0.0,0.0,0.0,C-Game
2022,6,calcag1,Grant Calcaterra,TE,PHI,DAL,4.2,8,0.4,0.0,0.0,0.0,0.0,0.0,0.0,0.0,0.0,0.2,1.2,0.0,0.0,0.0,0.1,0.0,0.0,0.0,C-Game
2022,6,succor1,Ryan Succop,K,TB,@PIT,5.0,8,8.3,0.0,0.0,0.0,0.0,0.0,0.0,0.0,0.0,0.0,0.0,0.0,0.0,0.0,0.0,0.0,2.7,1.9,A-Game
2022,6,tuckej1,Justin Tucker,K,BAL,@NYG,10.5,30,8.3,0.0,0.0,0.0,0.0,0.0,0.0,0.0,0.0,0.0,0.0,0.0,0.0,0.0,0.0,0.0,2.7,1.8,A-Game
2022,6,basst1,Tyler Bass,K,BUF,@KC,5.7,9,8.1,0.0,0.0,0.0,0.0,0.0,0.0,0.0,0.0,0.0,0.0,0.0,0.0,0.0,0.0,0.0,3.0,1.7,A-Game
2022,6,gaym1,Matt Gay,K,LAR,CAR,9.8,29,8.0,0.0,0.0,0.0,0.0,0.0,0.0,0.0,0.0,0.0,0.0,0.0,0.0,0.0,0.0,0.0,2.7,1.8,A-Game
2022,6,mcphee1,Evan McPherson,K,CIN,@NO,11.4,32,7.9,0.0,0.0,0.0,0.0,0.0,0.0,0.0,0.0,0.0,0.0,0.0,0.0,0.0,0.0,0.0,2.4,1.8,A-Game
2022,6,ellioj1,Jake Elliott,K,PHI,DAL,8.8,24,7.6,0.0,0.0,0.0,0.0,0.0,0.0,0.0,0.0,0.0,0.0,0.0,0.0,0.0,0.0,0.0,2.6,1.7,B-Game
2022,6,butkeh1,Harrison Butker,K,KC,BUF,3.7,3,7.6,0.0,0.0,0.0,0.0,0.0,0.0,0.0,0.0,0.0,0.0,0.0,0.0,0.0,0.0,0.0,2.7,1.6,B-Game
2022,6,gouldr1,Robbie Gould,K,SF,@ATL,8.4,22,7.6,0.0,0.0,0.0,0.0,0.0,0.0,0.0,0.0,0.0,0.0,0.0,0.0,0.0,0.0,0.0,2.6,1.7,B-Game
2022,6,hopkid2,Dustin Hopkins,K,LAC,DEN,8.5,23,7.6,0.0,0.0,0.0,0.0,0.0,0.0,0.0,0.0,0.0,0.0,0.0,0.0,0.0,0.0,0.0,2.7,1.6,B-Game
2022,6,josepg1,Greg Joseph,K,MIN,@MIA,5.0,7,7.5,0.0,0.0,0.0,0.0,0.0,0.0,0.0,0.0,0.0,0.0,0.0,0.0,0.0,0.0,0.0,2.6,1.7,B-Game
2022,6,mcmanb1,Brandon McManus,K,DEN,@LAC,6.5,18,7.5,0.0,0.0,0.0,0.0,0.0,0.0,0.0,0.0,0.0,0.0,0.0,0.0,0.0,0.0,0.0,2.1,1.8,B-Game
2022,6,crosbm1,Mason Crosby,K,GB,NYJ,6.5,17,7.4,0.0,0.0,0.0,0.0,0.0,0.0,0.0,0.0,0.0,0.0,0.0,0.0,0.0,0.0,0.0,2.9,1.5,B-Game
2022,6,lutzw1,Wil Lutz,K,NO,CIN,10.9,31,7.3,0.0,0.0,0.0,0.0,0.0,0.0,0.0,0.0,0.0,0.0,0.0,0.0,0.0,0.0,0.0,2.2,1.7,B-Game
2022,6,myersj1,Jason Myers,K,SEA,ARI,6.9,19,7.3,0.0,0.0,0.0,0.0,0.0,0.0,0.0,0.0,0.0,0.0,0.0,0.0,0.0,0.0,0.0,2.6,1.6,B-Game
2022,6,ammenm1,Matt Ammendola,K,ARI,@SEA,9.2,26,7.3,0.0,0.0,0.0,0.0,0.0,0.0,0.0,0.0,0.0,0.0,0.0,0.0,0.0,0.0,0.0,3.1,1.4,B-Game
2022,6,yorkc1,Cade York,K,CLE,NE,6.5,16,7.3,0.0,0.0,0.0,0.0,0.0,0.0,0.0,0.0,0.0,0.0,0.0,0.0,0.0,0.0,0.0,2.6,1.6,B-Game
2022,6,folkn1,Nick Folk,K,NE,@CLE,8.0,21,7.3,0.0,0.0,0.0,0.0,0.0,0.0,0.0,0.0,0.0,0.0,0.0,0.0,0.0,0.0,0.0,2.1,1.7,B-Game
2022,6,maherb1,Brett Maher,K,DAL,@PHI,3.7,4,7.3,0.0,0.0,0.0,0.0,0.0,0.0,0.0,0.0,0.0,0.0,0.0,0.0,0.0,0.0,0.0,1.9,1.8,B-Game
2022,6,ganog1,Graham Gano,K,NYG,BAL,6.1,11,7.2,0.0,0.0,0.0,0.0,0.0,0.0,0.0,0.0,0.0,0.0,0.0,0.0,0.0,0.0,0.0,2.1,1.7,B-Game
2022,6,sandej1,Jason Sanders,K,MIA,MIN,6.5,15,7.1,0.0,0.0,0.0,0.0,0.0,0.0,0.0,0.0,0.0,0.0,0.0,0.0,0.0,0.0,0.0,2.1,1.7,B-Game
2022,6,zuerlg1,Greg Zuerlein,K,NYJ,@GB,6.4,13,7.1,0.0,0.0,0.0,0.0,0.0,0.0,0.0,0.0,0.0,0.0,0.0,0.0,0.0,0.0,0.0,2.0,1.7,B-Game
2022,6,santoc1,Cairo Santos,K,CHI,WAS,9.3,27,6.9,0.0,0.0,0.0,0.0,0.0,0.0,0.0,0.0,0.0,0.0,0.0,0.0,0.0,0.0,0.0,1.9,1.7,B-Game
2022,6,patter1,Riley Patterson,K,JAX,@IND,6.4,14,6.9,0.0,0.0,0.0,0.0,0.0,0.0,0.0,0.0,0.0,0.0,0.0,0.0,0.0,0.0,0.0,2.0,1.6,B-Game
2022,6,mclauc1,Chase McLaughlin,K,IND,JAX,3.8,5,6.9,0.0,0.0,0.0,0.0,0.0,0.0,0.0,0.0,0.0,0.0,0.0,0.0,0.0,0.0,0.0,2.1,1.6,B-Game
2022,6,kooy1,Younghoe Koo,K,ATL,SF,3.6,2,6.7,0.0,0.0,0.0,0.0,0.0,0.0,0.0,0.0,0.0,0.0,0.0,0.0,0.0,0.0,0.0,1.8,1.6,B-Game
2022,6,boswec1,Chris Boswell,K,PIT,TB,3.5,1,6.4,0.0,0.0,0.0,0.0,0.0,0.0,0.0,0.0,0.0,0.0,0.0,0.0,0.0,0.0,0.0,1.8,1.6,B-Game
2022,6,pineie1,Eddy Pineiro,K,CAR,@LAR,7.9,20,6.2,0.0,0.0,0.0,0.0,0.0,0.0,0.0,0.0,0.0,0.0,0.0,0.0,0.0,0.0,0.0,1.4,1.6,B-Game
2022,6,slyej1,Joey Slye,K,WAS,@CHI,6.4,12,5.8,0.0,0.0,0.0,0.0,0.0,0.0,0.0,0.0,0.0,0.0,0.0,0.0,0.0,0.0,0.0,1.9,1.3,C-Game
