Season,Week,PID,Player,Pos,Team,Opp,aFPA,aFPA Rk,FFPts,Comp,Pass Att,Pass Yds,Pass TD,INT,Rush Att,Rush Yds,Rush TD,Rec,Rec Yds,Rec TD,Pa1D,Ru1D,Rec1D,Fum,XP,FG,Grade,DK (Proj),DK ($),DK (Val),DK (Pt/$1k),DK (Flr),DK (Flr Val),DK (Flr/$1k),DK (Ceil),DK (Ceil Val),DK (Ceil/$1k),DK (Wk $ Chg),DK (Own %),O/U,Line,Team O/U
2022,6,allenj3,Josh Allen,QB,BUF,@KC,21.8,31,26.4,25.7,38.4,303.6,2.1,0.8,7.6,44.8,0.6,0.0,0.0,0.0,14.6,2.9,0.0,0.3,0.0,0.0,A-Game,28.3,8200.0,5.1,3.45,14.9,-8.30,1.82,38.8,15.57,4.73,--,18,54.000,-2.500,28.25
2022,6,jacksl1,Lamar Jackson,QB,BAL,@NYG,19.1,22,23.9,20.2,31.7,232.5,1.7,0.8,10.5,68.3,0.5,0.0,0.0,0.0,11.3,4.4,0.0,0.2,0.0,0.0,A-Game,25.8,8100.0,2.9,3.19,13.6,-9.36,1.67,37.5,14.53,4.62,--,8,45.500,-5.500,25.5
2022,6,hurtsj1,Jalen Hurts,QB,PHI,DAL,10.8,5,22.4,20.9,32.1,244.3,1.0,0.7,11.9,53.0,0.8,0.0,0.0,0.0,11.8,3.4,0.0,0.2,0.0,0.0,A-Game,24.1,7900.0,1.7,3.04,11.8,-10.57,1.49,35.3,12.94,4.47,--,-,42.000,-6.5,24.25
2022,6,murrak1,Kyler Murray,QB,ARI,@SEA,21.4,29,22.1,24.7,37.7,271.3,1.7,0.7,5.6,26.5,0.6,0.0,0.0,0.0,13.3,1.7,0.0,0.2,0.0,0.0,A-Game,23.7,7300.0,3.1,3.25,10.8,-9.88,1.48,34.6,13.96,4.74,--,8,50.500,-2.500,26.5
2022,6,mahomp1,Patrick Mahomes,QB,KC,BUF,7.8,2,19.4,24.7,36.8,288.3,1.8,0.8,3.7,18.9,0.1,0.0,0.0,0.0,13.9,1.2,0.0,0.3,0.0,0.0,A-Game,21.2,8000.0,-1.5,2.64,9.8,-12.87,1.22,32.4,9.79,4.05,--,8,54.000,2.5,25.75
2022,6,bradyt1,Tom Brady,QB,TB,@PIT,19.4,24,17.5,24.6,37.4,275.7,1.9,0.5,0.4,0.8,0.0,0.0,0.0,0.0,13.4,0.1,0.0,0.2,0.0,0.0,A-Game,18.8,6300.0,1.0,2.99,9.3,-8.55,1.47,29.9,12.12,4.75,--,13,46.000,-9.500,27.75
2022,6,herbej1,Justin Herbert,QB,LAC,DEN,11.2,7,17.3,24.2,36.7,273.6,1.8,0.7,1.4,5.3,0.1,0.0,0.0,0.0,13.3,0.3,0.0,0.2,0.0,0.0,A-Game,18.8,7000.0,-1.0,2.69,8.6,-11.25,1.22,30.1,10.31,4.30,--,-,45.500,-4.5,25
2022,6,burroj1,Joe Burrow,QB,CIN,@NO,16.1,15,17.3,23.1,35.8,256.9,1.6,0.8,3.7,11.9,0.2,0.0,0.0,0.0,12.5,0.8,0.0,0.2,0.0,0.0,A-Game,18.8,6700.0,-0.1,2.81,7.6,-11.38,1.13,30.4,11.46,4.54,--,3,43.500,-3.000,23.25
2022,6,smithg1,Geno Smith,QB,SEA,ARI,18.4,20,17.2,22.1,33.3,249.0,1.7,0.8,2.9,13.0,0.2,0.0,0.0,0.0,12.1,0.8,0.0,0.2,0.0,0.0,A-Game,18.9,5700.0,2.7,3.31,7.5,-8.59,1.32,30.6,14.45,5.37,--,13,50.500,2.5,24
2022,6,rodgea1,Aaron Rodgers,QB,GB,NYJ,12.8,8,17.2,22.3,33.8,253.9,1.9,0.3,1.1,3.0,0.1,0.0,0.0,0.0,12.3,0.2,0.0,0.2,0.0,0.0,A-Game,18.2,6100.0,0.9,2.99,8.4,-8.84,1.38,29.4,12.14,4.82,--,3,45.000,-7.5,26.25
2022,6,cousik1,Kirk Cousins,QB,MIN,@MIA,19.2,23,16.1,23.5,36.1,263.3,1.7,0.8,1.3,4.9,0.0,0.0,0.0,0.0,12.8,0.3,0.0,0.2,0.0,0.0,B-Game,17.6,6000.0,0.6,2.93,8.0,-9.02,1.33,29.2,12.25,4.87,--,3,45.500,-3.000,24.25
2022,6,staffm1,Matthew Stafford,QB,LAR,CAR,16.6,17,15.7,23.6,36.2,263.3,1.8,1.0,0.9,2.6,0.0,0.0,0.0,0.0,12.8,0.2,0.0,0.2,0.0,0.0,B-Game,17.5,6200.0,-0.1,2.82,8.2,-9.39,1.32,29.3,11.74,4.72,--,3,41.500,-10,25.75
2022,6,wilsor1,Russell Wilson,QB,DEN,@LAC,17.1,18,15.7,21.2,34.3,240.8,1.3,0.8,3.8,14.5,0.2,0.0,0.0,0.0,11.7,0.9,0.0,0.3,0.0,0.0,B-Game,17.3,6500.0,-1.1,2.66,6.0,-12.36,0.93,29.3,10.87,4.50,--,-,45.500,4.500,20.5
2022,6,jonesd4,Daniel Jones,QB,NYG,BAL,21.0,27,14.9,18.7,29.1,204.3,1.3,0.9,6.1,30.6,0.1,0.0,0.0,0.0,10.0,2.0,0.0,0.3,0.0,0.0,B-Game,16.6,5200.0,1.9,3.20,6.5,-8.22,1.25,29.3,14.55,5.63,--,3,45.500,5.5,20
2022,6,garopj1,Jimmy Garoppolo,QB,SF,@ATL,21.2,28,14.6,19.7,31.5,232.1,1.5,0.7,0.7,2.0,0.2,0.0,0.0,0.0,11.2,0.1,0.0,0.2,0.0,0.0,B-Game,16.0,5500.0,0.4,2.91,6.3,-9.26,1.15,27.9,12.30,5.07,--,3,46.000,-4.500,25.25
2022,6,wentzc1,Carson Wentz,QB,WAS,@CHI,18.9,21,14.6,21.0,35.5,258.8,1.3,1.0,3.4,15.2,0.0,0.0,0.0,0.0,12.3,1.0,0.0,0.3,0.0,0.0,B-Game,16.5,5700.0,0.4,2.89,6.3,-9.79,1.11,28.7,12.54,5.03,--,-,38.500,-1.000,19.75
2022,6,fieldj1,Justin Fields,QB,CHI,WAS,19.5,25,14.6,15.9,25.8,183.4,1.1,0.8,6.0,35.6,0.3,0.0,0.0,0.0,8.9,2.3,0.0,0.2,0.0,0.0,B-Game,16.2,5200.0,1.5,3.12,5.8,-8.95,1.11,29.0,14.25,5.57,--,-,38.500,1,18.75
2022,6,lawret1,Trevor Lawrence,QB,JAX,@IND,15.6,13,14.3,22.8,36.9,248.6,1.3,0.8,1.9,7.2,0.1,0.0,0.0,0.0,12.2,0.5,0.0,0.3,0.0,0.0,B-Game,16.0,5600.0,0.1,2.85,6.1,-9.74,1.09,28.0,12.15,5.00,--,3,41.000,1.500,19.75
2022,6,wilsoz1,Zach Wilson,QB,NYJ,@GB,14.4,11,14.3,22.0,37.1,240.9,1.3,1.1,1.9,12.8,0.1,0.0,0.0,0.0,11.8,0.8,0.0,0.3,0.0,0.0,B-Game,16.2,5300.0,1.2,3.05,5.8,-9.24,1.09,28.5,13.54,5.38,--,3,45.000,7.500,18.75
2022,6,mariom1,Marcus Mariota,QB,ATL,SF,10.5,4,13.5,16.9,27.2,201.4,1.0,0.9,4.7,22.0,0.3,0.0,0.0,0.0,9.7,1.4,0.0,0.3,0.0,0.0,C-Game,15.2,5300.0,0.2,2.87,4.8,-10.17,0.91,27.9,12.86,5.26,--,3,46.000,4.5,20.75
2022,6,brissj1,Jacoby Brissett,QB,CLE,NE,16.0,14,13.4,18.7,29.0,205.1,1.0,0.6,4.9,19.8,0.2,0.0,0.0,0.0,10.0,1.3,0.0,0.3,0.0,0.0,C-Game,14.9,5400.0,-0.4,2.75,4.8,-10.46,0.89,27.3,12.01,5.05,--,1,43.000,-2.5,22.75
2022,6,ryanm1,Matt Ryan,QB,IND,JAX,10.9,6,13.4,22.2,35.4,242.7,1.4,1.1,0.7,2.1,0.1,0.0,0.0,0.0,11.9,0.1,0.0,0.2,0.0,0.0,C-Game,15.2,5300.0,0.2,2.88,6.1,-8.93,1.14,27.5,12.54,5.20,--,3,41.000,-1.5,21.25
2022,6,pickek1,Kenny Pickett,QB,PIT,TB,14.9,12,13.3,20.9,34.3,226.1,1.2,1.1,3.0,14.0,0.2,0.0,0.0,0.0,11.1,0.9,0.0,0.3,0.0,0.0,C-Game,15.2,5200.0,0.5,2.93,4.8,-9.92,0.92,27.8,13.08,5.35,--,3,46.000,9.5,18.25
2022,6,thomps1,Skylar Thompson,QB,MIA,MIN,16.4,16,13.3,21.6,35.0,238.1,1.2,0.9,1.8,7.7,0.1,0.0,0.0,0.0,11.6,0.5,0.0,0.3,0.0,0.0,C-Game,15.0,5000.0,0.9,3.01,5.5,-8.70,1.09,27.4,13.24,5.48,--,3,45.500,3,21.25
2022,6,zappeb1,Bailey Zappe,QB,NE,@CLE,17.6,19,12.3,19.5,30.5,211.9,1.3,0.9,1.2,5.6,0.1,0.0,0.0,0.0,10.4,0.4,0.0,0.2,0.0,0.0,C-Game,14.0,5100.0,-0.5,2.74,4.9,-9.56,0.96,26.5,12.11,5.21,--,1,43.000,2.500,20.25
2022,6,rushc1,Cooper Rush,QB,DAL,@PHI,7.8,1,12.1,19.7,31.8,221.0,1.2,0.8,2.0,5.5,0.0,0.0,0.0,0.0,10.8,0.4,0.0,0.3,0.0,0.0,C-Game,13.7,5200.0,-1.0,2.64,4.8,-9.89,0.93,26.2,11.50,5.04,--,-,42.000,6.500,17.75
2022,6,daltoa1,Andy Dalton,QB,NO,CIN,10.3,3,10.6,15.1,23.7,184.4,1.1,0.6,1.4,4.5,0.0,0.0,0.0,0.0,8.8,0.3,0.0,0.2,0.0,0.0,C-Game,11.9,5200.0,-2.8,2.28,3.6,-11.14,0.69,24.6,9.87,4.73,--,1,43.500,3,20.25
2022,6,walkep1,P.J. Walker,QB,CAR,@LAR,13.1,9,10.0,19.0,32.7,206.9,0.9,1.0,1.6,4.7,0.0,0.0,0.0,0.0,10.2,0.3,0.0,0.3,0.0,0.0,C-Game,11.7,4900.0,-2.2,2.39,4.1,-9.77,0.84,24.7,10.84,5.04,--,3,41.500,10.000,15.75
2022,6,chubbn1,Nick Chubb,RB,CLE,NE,14.0,4,17.2,0.0,0.0,0.0,0.0,0.0,19.6,100.0,1.1,1.1,7.2,0.1,0.0,5.0,0.3,0.1,0.0,0.0,A-Game,19.1,8200.0,4.6,2.33,7.0,-7.56,0.85,26.5,12.02,3.24,--,8,43.000,-2.5,22.75
2022,6,barkls1,Saquon Barkley,RB,NYG,BAL,15.8,12,17.1,0.0,0.0,0.0,0.0,0.0,19.8,84.3,0.7,3.8,33.7,0.3,0.0,4.2,1.5,0.2,0.0,0.0,A-Game,21.9,7700.0,8.2,2.84,8.5,-5.08,1.11,28.7,15.10,3.73,--,23,45.500,5.5,20
2022,6,ekelea1,Austin Ekeler,RB,LAC,DEN,15.0,5,16.3,0.0,0.0,0.0,0.0,0.0,15.4,67.0,0.6,5.7,39.7,0.4,0.0,3.4,1.8,0.1,0.0,0.0,A-Game,22.8,8100.0,8.4,2.81,9.2,-5.09,1.14,29.4,15.09,3.63,--,-,45.500,-4.5,25
2022,6,kamara1,Alvin Kamara,RB,NO,CIN,16.2,14,15.4,0.0,0.0,0.0,0.0,0.0,20.1,70.1,0.5,4.1,42.4,0.3,0.0,3.5,1.9,0.2,0.0,0.0,A-Game,20.4,6700.0,8.5,3.04,7.7,-4.13,1.15,27.6,15.72,4.12,--,13,43.500,3,20.25
2022,6,stever1,Rhamondre Stevenson,RB,NE,@CLE,25.7,30,15.3,0.0,0.0,0.0,0.0,0.0,18.9,88.4,0.6,3.5,25.4,0.1,0.0,4.4,1.2,0.2,0.0,0.0,A-Game,19.6,6000.0,9.0,3.27,7.4,-3.23,1.23,27.0,16.37,4.50,--,33,43.000,2.500,20.25
2022,6,mccafc1,Christian McCaffrey,RB,CAR,@LAR,11.8,2,15.0,0.0,0.0,0.0,0.0,0.0,17.8,75.1,0.4,5.5,40.4,0.2,0.0,3.8,1.9,0.2,0.0,0.0,A-Game,21.4,8300.0,6.7,2.58,9.1,-5.59,1.10,28.4,13.73,3.42,--,8,41.500,10.000,15.75
2022,6,fournl1,Leonard Fournette,RB,TB,@PIT,15.8,11,13.9,0.0,0.0,0.0,0.0,0.0,18.9,63.6,0.5,4.6,37.2,0.2,0.0,3.2,1.7,0.1,0.0,0.0,B-Game,19.2,7400.0,6.1,2.59,7.2,-5.94,0.97,26.6,13.54,3.60,--,13,46.000,-9.500,27.75
2022,6,cookd1,Dalvin Cook,RB,MIN,@MIA,22.7,27,13.9,0.0,0.0,0.0,0.0,0.0,18.5,82.4,0.7,2.4,14.5,0.1,0.0,4.1,0.7,0.1,0.0,0.0,B-Game,16.9,7500.0,3.7,2.26,5.1,-8.17,0.68,24.9,11.61,3.32,--,3,45.500,-3.000,24.25
2022,6,jonesa2,Aaron Jones,RB,GB,NYJ,20.2,24,13.2,0.0,0.0,0.0,0.0,0.0,14.1,66.5,0.5,3.2,25.4,0.2,0.0,3.3,1.2,0.1,0.0,0.0,B-Game,17.1,7600.0,3.7,2.25,5.4,-8.05,0.71,25.0,11.56,3.29,--,3,45.000,-7.5,26.25
2022,6,mixonj1,Joe Mixon,RB,CIN,@NO,16.9,17,13.0,0.0,0.0,0.0,0.0,0.0,17.5,67.8,0.5,3.2,23.1,0.2,0.0,3.4,1.1,0.1,0.0,0.0,B-Game,16.9,6900.0,4.7,2.45,5.3,-6.90,0.77,24.9,12.68,3.61,--,13,43.500,-3.000,23.25
2022,6,hallb1,Breece Hall,RB,NYJ,@GB,16.5,16,12.4,0.0,0.0,0.0,0.0,0.0,15.0,65.6,0.4,3.0,32.5,0.1,0.0,3.3,1.5,0.2,0.0,0.0,B-Game,16.1,5800.0,5.8,2.77,5.7,-4.57,0.98,24.3,14.00,4.18,--,13,45.000,7.500,18.75
2022,6,wilsoj2,Jeff Wilson,RB,SF,@ATL,19.7,22,11.8,0.0,0.0,0.0,0.0,0.0,18.9,84.8,0.4,1.7,12.8,0.0,0.0,4.3,0.6,0.1,0.0,0.0,B-Game,14.2,6200.0,3.2,2.29,4.8,-6.18,0.77,22.8,11.79,3.67,--,13,46.000,-4.500,25.25
2022,6,walkek1,Ken Walker,RB,SEA,ARI,17.7,18,11.7,0.0,0.0,0.0,0.0,0.0,17.6,71.6,0.6,1.8,11.2,0.1,0.0,3.6,0.5,0.2,0.0,0.0,B-Game,14.1,5400.0,4.5,2.61,3.6,-5.96,0.67,22.7,13.15,4.21,--,13,50.500,2.5,24
2022,6,sandem1,Miles Sanders,RB,PHI,DAL,15.6,10,11.6,0.0,0.0,0.0,0.0,0.0,18.8,85.9,0.3,1.9,9.8,0.0,0.0,4.3,0.5,0.1,0.0,0.0,B-Game,14.2,6200.0,3.2,2.29,4.6,-6.34,0.75,22.7,11.77,3.67,--,-,42.000,-6.5,24.25
2022,6,hended3,Darrell Henderson,RB,LAR,CAR,20.4,25,11.4,0.0,0.0,0.0,0.0,0.0,14.0,59.8,0.6,2.4,15.8,0.1,0.0,3.0,0.7,0.1,0.0,0.0,B-Game,14.3,5100.0,5.3,2.80,3.4,-5.64,0.66,22.8,13.80,4.48,--,18,41.500,-10,25.75
2022,6,montgd1,David Montgomery,RB,CHI,WAS,15.4,8,11.0,0.0,0.0,0.0,0.0,0.0,14.2,58.7,0.4,3.0,21.1,0.1,0.0,2.9,1.0,0.1,0.0,0.0,B-Game,14.6,6300.0,3.5,2.32,4.3,-6.89,0.68,23.1,11.97,3.67,--,-,38.500,1,18.75
2022,6,moster1,Raheem Mostert,RB,MIA,MIN,17.7,19,10.8,0.0,0.0,0.0,0.0,0.0,14.5,60.5,0.6,1.4,10.7,0.0,0.0,3.0,0.5,0.1,0.0,0.0,B-Game,12.8,5700.0,2.7,2.24,2.7,-7.43,0.47,21.7,11.57,3.80,--,3,45.500,3,21.25
2022,6,benjae1,Eno Benjamin,RB,ARI,@SEA,22.7,28,10.6,0.0,0.0,0.0,0.0,0.0,13.6,53.0,0.5,3.0,21.7,0.1,0.0,2.7,1.0,0.1,0.0,0.0,B-Game,14.1,4600.0,6.0,3.07,3.8,-4.34,0.83,22.7,14.59,4.94,--,38,50.500,-2.500,26.5
2022,6,gordom1,Melvin Gordon,RB,DEN,@LAC,23.0,29,10.6,0.0,0.0,0.0,0.0,0.0,15.1,58.6,0.4,3.0,19.3,0.1,0.0,2.9,0.9,0.1,0.0,0.0,B-Game,14.1,6400.0,2.8,2.21,4.1,-7.28,0.63,22.8,11.44,3.56,--,-,45.500,4.500,20.5
2022,6,edwarc1,Clyde Edwards-Helaire,RB,KC,BUF,18.2,20,10.4,0.0,0.0,0.0,0.0,0.0,9.6,37.3,0.4,3.1,28.8,0.3,0.0,1.9,1.3,0.1,0.0,0.0,C-Game,14.0,6300.0,2.9,2.23,3.2,-7.95,0.51,22.6,11.49,3.59,--,3,54.000,2.5,25.75
2022,6,dobbij1,J.K. Dobbins,RB,BAL,@NYG,16.3,15,9.8,0.0,0.0,0.0,0.0,0.0,11.6,46.5,0.5,2.1,16.3,0.1,0.0,2.3,0.7,0.1,0.0,0.0,C-Game,12.4,5500.0,2.7,2.26,2.2,-7.57,0.39,21.4,11.66,3.89,--,3,45.500,-5.500,25.5
2022,6,robinj4,James Robinson,RB,JAX,@IND,15.1,6,9.7,0.0,0.0,0.0,0.0,0.0,13.6,52.7,0.5,1.6,9.9,0.1,0.0,2.6,0.5,0.1,0.0,0.0,C-Game,11.8,6100.0,1.0,1.93,2.0,-8.84,0.32,20.9,10.09,3.42,--,3,41.000,1.500,19.75
2022,6,dilloa1,A.J. Dillon,RB,GB,NYJ,20.2,24,9.6,0.0,0.0,0.0,0.0,0.0,12.1,46.8,0.5,1.9,17.8,0.1,0.0,2.3,0.8,0.1,0.0,0.0,C-Game,11.9,5600.0,2.0,2.13,2.1,-7.79,0.38,21.0,11.08,3.75,--,3,45.000,-7.5,26.25
2022,6,harrin1,Najee Harris,RB,PIT,TB,11.6,1,9.5,0.0,0.0,0.0,0.0,0.0,13.3,49.3,0.4,2.2,14.7,0.1,0.0,2.5,0.7,0.1,0.0,0.0,C-Game,12.2,6000.0,1.6,2.03,2.3,-8.30,0.39,21.3,10.64,3.54,--,3,46.000,9.5,18.25
2022,6,ellioe1,Ezekiel Elliott,RB,DAL,@PHI,15.2,7,9.2,0.0,0.0,0.0,0.0,0.0,15.0,57.4,0.4,1.6,11.0,0.1,0.0,2.9,0.5,0.1,0.0,0.0,C-Game,11.3,5800.0,1.1,1.95,2.4,-7.83,0.42,20.6,10.32,3.55,--,-,42.000,6.500,17.75
2022,6,singld1,Devin Singletary,RB,BUF,@KC,19.9,23,9.2,0.0,0.0,0.0,0.0,0.0,10.7,45.9,0.2,3.4,27.3,0.1,0.0,2.3,1.3,0.1,0.0,0.0,C-Game,13.1,5900.0,2.7,2.23,4.0,-6.39,0.69,22.0,11.54,3.73,--,8,54.000,-2.500,28.25
2022,6,robinb1,Brian Robinson,RB,WAS,@CHI,21.0,26,9.2,0.0,0.0,0.0,0.0,0.0,14.6,61.3,0.4,1.1,7.8,0.0,0.0,3.1,0.4,0.1,0.0,0.0,C-Game,10.7,4900.0,2.1,2.19,2.5,-6.19,0.51,20.1,11.44,4.10,--,-,38.500,-1.000,19.75
2022,6,jacksd7,Deon Jackson,RB,IND,JAX,18.6,21,8.7,0.0,0.0,0.0,0.0,0.0,10.0,34.8,0.3,3.7,27.9,0.1,0.0,1.7,1.3,0.1,0.0,0.0,C-Game,12.9,5200.0,3.7,2.47,3.4,-5.83,0.65,21.8,12.58,4.19,--,3,41.000,-1.5,21.25
2022,6,etient1,Travis Etienne,RB,JAX,@IND,15.1,6,8.7,0.0,0.0,0.0,0.0,0.0,10.4,43.8,0.1,2.6,29.8,0.1,0.0,2.2,1.4,0.1,0.0,0.0,C-Game,11.9,5000.0,3.0,2.37,3.4,-5.42,0.69,21.0,12.13,4.20,--,3,41.000,1.500,19.75
2022,6,huntk1,Kareem Hunt,RB,CLE,NE,14.0,4,8.7,0.0,0.0,0.0,0.0,0.0,9.2,38.9,0.3,2.8,18.5,0.2,0.0,1.9,0.9,0.1,0.0,0.0,C-Game,11.9,5700.0,1.8,2.08,2.3,-7.84,0.40,21.0,10.91,3.68,--,3,43.000,-2.5,22.75
2022,6,allget1,Tyler Allgeier,RB,ATL,SF,15.5,9,7.9,0.0,0.0,0.0,0.0,0.0,13.9,50.4,0.4,1.2,8.1,0.0,0.0,2.5,0.4,0.1,0.0,0.0,C-Game,9.6,5100.0,0.6,1.88,1.6,-7.40,0.32,19.2,10.22,3.77,--,3,46.000,4.5,20.75
2022,6,pollat1,Tony Pollard,RB,DAL,@PHI,15.2,7,7.9,0.0,0.0,0.0,0.0,0.0,8.7,44.8,0.3,1.8,14.4,0.1,0.0,2.2,0.7,0.1,0.0,0.0,C-Game,10.1,5700.0,0.0,1.77,1.7,-8.41,0.30,19.6,9.53,3.44,--,-,42.000,6.500,17.75
2022,6,lindsp1,Phillip Lindsay,RB,IND,JAX,18.6,21,6.7,0.0,0.0,0.0,0.0,0.0,10.3,33.4,0.3,1.8,13.3,0.1,0.0,1.7,0.6,0.1,0.0,0.0,C-Game,8.9,4700.0,0.6,1.89,0.7,-7.65,0.14,18.7,10.36,3.98,--,1,41.000,-1.5,21.25
2022,6,herbek1,Khalil Herbert,RB,CHI,WAS,15.4,8,6.1,0.0,0.0,0.0,0.0,0.0,7.9,41.2,0.2,1.0,8.3,0.0,0.0,2.1,0.4,0.1,0.0,0.0,C-Game,7.4,5300.0,-1.9,1.40,0.9,-8.48,0.17,17.6,8.17,3.31,--,-,38.500,1,18.75
2022,6,boonem1,Mike Boone,RB,DEN,@LAC,23.0,29,5.9,0.0,0.0,0.0,0.0,0.0,5.7,33.5,0.1,2.3,19.3,0.1,0.0,1.7,0.9,0.1,0.0,0.0,C-Game,8.6,5400.0,-0.9,1.60,1.5,-8.04,0.28,18.5,8.94,3.43,--,-,45.500,4.500,20.5
2022,6,cartem2,Michael Carter,RB,NYJ,@GB,16.5,16,5.5,0.0,0.0,0.0,0.0,0.0,6.4,30.8,0.2,2.9,14.5,0.0,0.0,1.5,0.7,0.1,0.0,0.0,C-Game,8.7,5000.0,-0.1,1.75,1.3,-7.53,0.26,18.6,9.76,3.72,--,1,45.000,7.500,18.75
2022,6,ingrak1,Keaontay Ingram,RB,ARI,@SEA,22.7,28,4.9,0.0,0.0,0.0,0.0,0.0,7.8,28.8,0.2,0.7,6.8,0.0,0.0,1.4,0.3,0.0,0.0,0.0,C-Game,5.9,4000.0,-1.2,1.48,0.0,-7.08,0.00,16.4,9.29,4.09,--,1,50.500,-2.500,26.5
2022,6,mckisj1,J.D. McKissic,RB,WAS,@CHI,21.0,26,4.9,0.0,0.0,0.0,0.0,0.0,2.3,11.1,0.1,3.7,27.2,0.1,0.0,0.6,1.2,0.0,0.0,0.0,C-Game,8.8,5000.0,-0.0,1.77,1.4,-7.43,0.28,18.7,9.82,3.73,--,-,38.500,-1.000,19.75
2022,6,whiter5,Rachaad White,RB,TB,@PIT,15.8,11,4.7,0.0,0.0,0.0,0.0,0.0,5.5,16.3,0.3,2.0,15.2,0.0,0.0,0.8,0.7,0.0,0.0,0.0,C-Game,6.9,5200.0,-2.3,1.33,0.1,-9.14,0.01,17.1,7.94,3.30,--,1,46.000,-9.500,27.75
2022,6,gibsoa1,Antonio Gibson,RB,WAS,@CHI,21.0,26,4.7,0.0,0.0,0.0,0.0,0.0,3.5,15.2,0.1,1.5,16.8,0.1,0.0,0.8,0.8,0.0,0.0,0.0,C-Game,6.4,5600.0,-3.6,1.13,0.0,-9.91,0.00,16.7,6.80,2.98,--,-,38.500,-1.000,19.75
2022,6,kellej2,Joshua Kelley,RB,LAC,DEN,15.0,5,4.5,0.0,0.0,0.0,0.0,0.0,4.9,17.0,0.1,1.9,13.7,0.1,0.0,0.9,0.6,0.0,0.0,0.0,C-Game,6.7,4700.0,-1.7,1.42,0.0,-8.28,0.01,17.0,8.64,3.61,--,-,45.500,-4.5,25
2022,6,mckinj1,Jerick McKinnon,RB,KC,BUF,18.2,20,4.4,0.0,0.0,0.0,0.0,0.0,4.1,16.5,0.1,1.7,13.0,0.1,0.0,0.8,0.6,0.0,0.0,0.0,C-Game,6.3,4700.0,-2.0,1.35,0.0,-8.32,0.00,16.7,8.38,3.55,--,1,54.000,2.5,25.75
2022,6,huntlc1,Caleb Huntley,RB,ATL,SF,15.5,9,4.1,0.0,0.0,0.0,0.0,0.0,6.7,31.9,0.2,0.0,0.0,0.0,0.0,1.6,0.0,0.1,0.0,0.0,C-Game,4.4,4900.0,-4.3,0.89,0.0,-8.67,0.00,15.2,6.49,3.09,--,1,46.000,4.5,20.75
2022,6,colemt1,Tevin Coleman,RB,SF,@ATL,19.7,22,4.0,0.0,0.0,0.0,0.0,0.0,3.8,16.2,0.2,1.4,9.3,0.1,0.0,0.8,0.4,0.0,0.0,0.0,C-Game,5.5,4500.0,-2.4,1.23,0.0,-7.97,0.00,16.1,8.12,3.57,--,1,46.000,-4.500,25.25
2022,6,mattia1,Alexander Mattison,RB,MIN,@MIA,22.7,27,3.9,0.0,0.0,0.0,0.0,0.0,5.6,19.4,0.2,1.3,7.9,0.1,0.0,1.0,0.4,0.0,0.0,0.0,C-Game,5.4,5900.0,-5.0,0.92,0.0,-10.44,0.00,16.0,5.55,2.71,--,1,45.500,-3.000,24.25
2022,6,edmonc1,Chase Edmonds,RB,MIA,MIN,17.7,19,3.9,0.0,0.0,0.0,0.0,0.0,2.8,11.5,0.2,1.5,11.9,0.1,0.0,0.6,0.5,0.0,0.0,0.0,C-Game,5.6,4800.0,-2.9,1.16,0.0,-8.50,0.00,16.1,7.61,3.36,--,1,45.500,3,21.25
2022,6,warrej1,Jaylen Warren,RB,PIT,TB,11.6,1,3.8,0.0,0.0,0.0,0.0,0.0,5.9,21.9,0.0,1.6,13.6,0.1,0.0,1.1,0.6,0.1,0.0,0.0,C-Game,5.6,4600.0,-2.5,1.22,0.0,-8.14,0.00,16.2,8.03,3.52,--,1,46.000,9.5,18.25
2022,6,brownm4,Malcolm Brown,RB,LAR,CAR,20.4,25,3.7,0.0,0.0,0.0,0.0,0.0,7.0,25.0,0.2,0.2,1.3,0.0,0.0,1.3,0.1,0.0,0.0,0.0,C-Game,4.1,4000.0,-3.0,1.03,0.0,-7.08,0.00,15.0,7.89,3.74,--,1,41.500,-10,25.75
2022,6,pachei1,Isiah Pacheco,RB,KC,BUF,18.2,20,3.3,0.0,0.0,0.0,0.0,0.0,6.4,21.3,0.2,0.0,0.0,0.0,0.0,1.1,0.0,0.0,0.0,0.0,C-Game,3.5,4900.0,-5.2,0.71,0.0,-8.67,0.00,14.5,5.80,2.95,--,1,54.000,2.5,25.75
2022,6,drakek1,Kenyan Drake,RB,BAL,@NYG,16.3,15,3.3,0.0,0.0,0.0,0.0,0.0,6.2,24.7,0.0,1.0,7.0,0.0,0.0,1.2,0.3,0.0,0.0,0.0,C-Game,4.5,4000.0,-2.6,1.13,0.0,-7.08,0.00,15.3,8.23,3.83,--,1,45.500,-5.500,25.5
2022,6,perins1,Samaje Perine,RB,CIN,@NO,16.9,17,3.1,0.0,0.0,0.0,0.0,0.0,4.8,21.7,0.0,1.2,7.7,0.0,0.0,1.1,0.4,0.0,0.0,0.0,C-Game,4.4,5600.0,-5.5,0.79,0.0,-9.91,0.00,15.2,5.33,2.72,--,1,43.500,-3.000,23.25
2022,6,stronp1,Pierre Strong Jr.,RB,NE,@CLE,25.7,30,3.0,0.0,0.0,0.0,0.0,0.0,5.2,18.7,0.1,0.6,4.2,0.0,0.0,0.9,0.2,0.0,0.0,0.0,C-Game,3.8,4000.0,-3.3,0.94,0.0,-7.08,0.00,14.7,7.63,3.68,--,1,43.000,2.500,20.25
2022,6,dallad1,DeeJay Dallas,RB,SEA,ARI,17.7,18,3.0,0.0,0.0,0.0,0.0,0.0,4.0,19.2,0.1,1.5,7.5,0.0,0.0,1.0,0.3,0.0,0.0,0.0,C-Game,4.7,4500.0,-3.2,1.05,0.0,-7.97,0.00,15.5,7.52,3.44,--,1,50.500,2.5,24
2022,6,gainwk1,Kenneth Gainwell,RB,PHI,DAL,15.6,10,2.8,0.0,0.0,0.0,0.0,0.0,3.3,12.0,0.2,0.7,3.7,0.0,0.0,0.6,0.2,0.0,0.0,0.0,C-Game,3.7,4800.0,-4.8,0.77,0.0,-8.50,0.00,14.6,6.15,3.05,--,-,42.000,-6.5,24.25
2022,6,miches1,Sony Michel,RB,LAC,DEN,15.0,5,2.7,0.0,0.0,0.0,0.0,0.0,4.0,14.9,0.0,1.0,8.2,0.0,0.0,0.7,0.4,0.0,0.0,0.0,C-Game,3.9,4600.0,-4.3,0.84,0.0,-8.14,0.00,14.8,6.66,3.22,--,-,45.500,-4.5,25
2022,6,cookj3,James Cook,RB,BUF,@KC,19.9,23,2.6,0.0,0.0,0.0,0.0,0.0,5.1,18.0,0.1,0.5,3.0,0.0,0.0,0.9,0.1,0.0,0.0,0.0,C-Game,3.3,4500.0,-4.7,0.73,0.0,-7.97,0.00,14.3,6.36,3.18,--,1,54.000,-2.500,28.25
2022,6,ingram1,Mark Ingram,RB,NO,CIN,16.2,14,2.3,0.0,0.0,0.0,0.0,0.0,3.3,10.4,0.1,0.8,5.5,0.0,0.0,0.5,0.3,0.0,0.0,0.0,C-Game,3.2,5000.0,-5.6,0.65,0.0,-8.85,0.00,14.3,5.47,2.86,--,1,43.500,3,20.25
2022,6,scottb2,Boston Scott,RB,PHI,DAL,15.6,10,2.2,0.0,0.0,0.0,0.0,0.0,2.7,9.6,0.2,0.3,1.2,0.0,0.0,0.5,0.1,0.0,0.0,0.0,C-Game,2.6,4300.0,-5.0,0.60,0.0,-7.61,0.00,13.8,6.16,3.20,--,-,42.000,-6.5,24.25
2022,6,willia4,Avery Williams,RB,ATL,SF,15.5,9,2.1,0.0,0.0,0.0,0.0,0.0,3.2,11.6,0.0,0.8,6.0,0.0,0.0,0.6,0.3,0.0,0.0,0.0,C-Game,3.0,4700.0,-5.3,0.63,0.0,-8.32,0.00,14.1,5.80,3.00,--,1,46.000,4.5,20.75
2022,6,juszck1,Kyle Juszczyk,RB,SF,@ATL,19.7,22,1.7,0.0,0.0,0.0,0.0,0.0,0.7,2.0,0.1,0.7,5.8,0.1,0.0,0.1,0.3,0.0,0.0,0.0,C-Game,2.5,4000.0,-4.6,0.61,0.0,-7.08,0.00,13.7,6.62,3.42,--,1,46.000,-4.500,25.25
2022,6,ricarp1,Patrick Ricard,RB,BAL,@NYG,16.3,15,1.3,0.0,0.0,0.0,0.0,0.0,0.9,2.9,0.0,0.9,8.1,0.0,0.0,0.1,0.4,0.0,0.0,0.0,C-Game,2.3,4000.0,-4.8,0.57,0.0,-7.08,0.00,13.6,6.48,3.39,--,1,45.500,-5.500,25.5
2022,6,riverr1,Ronnie Rivers,RB,LAR,CAR,20.4,25,1.3,0.0,0.0,0.0,0.0,0.0,2.9,10.2,0.0,0.0,0.0,0.0,0.0,0.5,0.0,0.0,0.0,0.0,C-Game,1.4,4000.0,-5.7,0.34,0.0,-7.08,0.00,12.8,5.76,3.21,--,1,41.500,-10,25.75
2022,6,ahmeds1,Salvon Ahmed,RB,MIA,MIN,17.7,19,1.2,0.0,0.0,0.0,0.0,0.0,2.9,7.7,0.0,0.6,4.8,0.0,0.0,0.4,0.2,0.0,0.0,0.0,C-Game,2.0,4000.0,-5.1,0.50,0.0,-7.08,0.00,13.4,6.28,3.34,--,-,45.500,3,21.25
2022,6,breidm1,Matt Breida,RB,NYG,BAL,15.8,12,1.0,0.0,0.0,0.0,0.0,0.0,1.7,7.5,0.0,0.4,3.1,0.0,0.0,0.4,0.1,0.0,0.0,0.0,C-Game,1.5,4600.0,-6.7,0.32,0.0,-8.14,0.00,12.9,4.81,2.82,--,1,45.500,5.5,20
2022,6,hastyj1,JaMycal Hasty,RB,JAX,@IND,15.1,6,0.9,0.0,0.0,0.0,0.0,0.0,1.2,4.4,0.0,0.5,5.0,0.0,0.0,0.2,0.2,0.0,0.0,0.0,C-Game,1.4,4000.0,-5.6,0.36,0.0,-7.08,0.00,12.9,5.84,3.23,--,1,41.000,1.500,19.75
2022,6,harrik1,Kevin Harris,RB,NE,@CLE,25.7,30,0.9,0.0,0.0,0.0,0.0,0.0,2.1,7.5,0.0,0.0,0.0,0.0,0.0,0.4,0.0,0.0,0.0,0.0,C-Game,1.0,4000.0,-6.1,0.24,0.0,-7.08,0.00,12.6,5.47,3.14,--,1,43.000,2.500,20.25
2022,6,murral1,Latavius Murray,RB,DEN,@LAC,23.0,29,0.7,0.0,0.0,0.0,0.0,0.0,1.0,3.9,0.0,0.4,2.4,0.0,0.0,0.2,0.1,0.0,0.0,0.0,C-Game,1.2,4500.0,-6.7,0.27,0.0,-7.97,0.00,12.7,4.78,2.83,--,-,45.500,4.500,20.5
2022,6,hamc1,C.J. Ham,RB,MIN,@MIA,22.7,27,0.7,0.0,0.0,0.0,0.0,0.0,0.0,0.0,0.0,0.7,5.3,0.0,0.0,0.0,0.2,0.0,0.0,0.0,C-Game,1.5,4000.0,-5.6,0.37,0.0,-7.08,0.00,12.9,5.86,3.23,--,1,45.500,-3.000,24.25
2022,6,davist5,Tyrion Davis-Price,RB,SF,@ATL,19.7,22,0.7,0.0,0.0,0.0,0.0,0.0,1.1,4.0,0.1,0.0,0.0,0.0,0.0,0.2,0.0,0.0,0.0,0.0,C-Game,0.7,4000.0,-6.3,0.18,0.0,-7.08,0.00,12.4,5.29,3.09,--,1,46.000,-4.500,25.25
2022,6,hubbac1,Chuba Hubbard,RB,CAR,@LAR,11.8,2,0.5,0.0,0.0,0.0,0.0,0.0,1.6,5.6,0.0,0.0,0.0,0.0,0.0,0.3,0.0,0.0,0.0,0.0,C-Game,0.6,4400.0,-7.2,0.13,0.0,-7.79,0.00,12.3,4.46,2.78,--,1,41.500,10.000,15.75
2022,6,gillir1,Reggie Gilliam,RB,BUF,@KC,19.9,23,0.4,0.0,0.0,0.0,0.0,0.0,0.0,0.0,0.0,0.6,4.6,0.0,0.0,0.0,0.2,0.0,0.0,0.0,C-Game,1.1,4000.0,-6.0,0.28,0.0,-7.08,0.00,12.7,5.59,3.17,--,1,54.000,-2.500,28.25
2022,6,jonest2,Taiwan Jones,RB,BUF,@KC,19.9,23,0.4,0.0,0.0,0.0,0.0,0.0,1.2,4.1,0.0,0.0,0.0,0.0,0.0,0.2,0.0,0.0,0.0,0.0,C-Game,0.4,4000.0,-6.7,0.11,0.0,-7.08,0.00,12.1,5.05,3.03,--,-,54.000,-2.500,28.25
2022,6,horvaz1,Zander Horvath,RB,LAC,DEN,15.0,5,0.4,0.0,0.0,0.0,0.0,0.0,0.3,1.1,0.0,0.6,2.7,0.0,0.0,0.1,0.1,0.0,0.0,0.0,C-Game,1.0,4000.0,-6.1,0.25,0.0,-7.08,0.00,12.6,5.50,3.15,--,-,45.500,-4.5,25
2022,6,foremd1,D'Onta Foreman,RB,CAR,@LAR,11.8,2,0.4,0.0,0.0,0.0,0.0,0.0,0.9,3.7,0.0,0.0,0.0,0.0,0.0,0.2,0.0,0.0,0.0,0.0,C-Game,0.4,4000.0,-6.7,0.10,0.0,-7.08,0.00,12.1,5.02,3.03,--,1,41.500,10.000,15.75
2022,6,wattd1,Derek Watt,RB,PIT,TB,11.6,1,0.3,0.0,0.0,0.0,0.0,0.0,0.0,0.0,0.0,0.4,2.3,0.0,0.0,0.0,0.1,0.0,0.0,0.0,C-Game,0.7,4000.0,-6.4,0.18,0.0,-7.08,0.00,12.4,5.29,3.09,--,1,46.000,9.5,18.25
2022,6,davism3,Mike Davis,RB,BAL,@NYG,16.3,15,0.3,0.0,0.0,0.0,0.0,0.0,0.8,2.9,0.0,0.0,0.0,0.0,0.0,0.1,0.0,0.0,0.0,0.0,C-Game,0.3,4800.0,-8.2,0.06,0.0,-8.50,0.00,12.0,3.54,2.51,--,1,45.500,-5.500,25.5
2022,6,brighg1,Gary Brightwell,RB,NYG,BAL,15.8,12,0.2,0.0,0.0,0.0,0.0,0.0,0.6,2.5,0.0,0.0,0.0,0.0,0.0,0.1,0.0,0.0,0.0,0.0,C-Game,0.3,4000.0,-6.8,0.07,0.0,-7.08,0.00,12.0,4.92,3.00,--,1,45.500,5.5,20
2022,6,kuppc1,Cooper Kupp,WR,LAR,CAR,22.1,20,16.3,0.0,0.0,0.0,0.0,0.0,0.7,4.6,0.1,8.6,105.3,0.8,0.0,0.2,5.3,0.0,0.0,0.0,A-Game,25.6,9700.0,6.5,2.64,12.0,-7.08,1.24,34.1,14.95,3.51,--,18,41.500,-10,25.75
2022,6,jeffej1,Justin Jefferson,WR,MIN,@MIA,18.9,10,13.9,0.0,0.0,0.0,0.0,0.0,0.3,1.1,0.0,7.1,105.3,0.6,0.0,0.0,4.9,0.0,0.0,0.0,A-Game,21.7,8900.0,4.1,2.43,9.9,-7.63,1.11,30.4,12.83,3.41,--,8,45.500,-3.000,24.25
2022,6,diggss1,Stefon Diggs,WR,BUF,@KC,25.1,25,13.5,0.0,0.0,0.0,0.0,0.0,0.0,0.0,0.0,7.6,95.6,0.7,0.0,0.0,4.8,0.0,0.0,0.0,A-Game,21.7,8400.0,5.2,2.59,9.5,-7.02,1.13,30.4,13.82,3.62,--,23,54.000,-2.500,28.25
2022,6,evansm1,Mike Evans,WR,TB,@PIT,31.6,31,12.3,0.0,0.0,0.0,0.0,0.0,0.0,0.0,0.0,4.4,77.2,0.8,0.0,0.0,3.4,0.0,0.0,0.0,A-Game,17.2,7000.0,3.4,2.46,5.1,-8.66,0.73,26.2,12.46,3.75,--,8,46.000,-9.500,27.75
2022,6,samued1,Deebo Samuel,WR,SF,@ATL,24.8,24,12.0,0.0,0.0,0.0,0.0,0.0,3.9,24.2,0.2,4.8,69.6,0.2,0.0,1.0,3.3,0.1,0.0,0.0,A-Game,17.5,7600.0,2.5,2.30,8.1,-6.89,1.06,27.9,12.93,3.67,--,13,46.000,-4.500,25.25
2022,6,chasej1,Ja'Marr Chase,WR,CIN,@NO,25.4,26,11.5,0.0,0.0,0.0,0.0,0.0,0.5,2.1,0.0,6.1,80.9,0.6,0.0,0.1,3.9,0.0,0.0,0.0,A-Game,18.2,7700.0,3.0,2.36,6.8,-8.39,0.88,27.3,12.14,3.55,--,13,43.500,-3.000,23.25
2022,6,brownm6,Marquise Brown,WR,ARI,@SEA,17.2,6,11.4,0.0,0.0,0.0,0.0,0.0,0.0,0.0,0.0,6.1,84.1,0.5,0.0,0.0,4.0,0.0,0.0,0.0,A-Game,18.1,7200.0,3.9,2.51,7.0,-7.15,0.98,27.2,13.00,3.78,--,8,50.500,-2.500,26.5
2022,6,metcad1,DK Metcalf,WR,SEA,ARI,16.6,4,10.8,0.0,0.0,0.0,0.0,0.0,0.0,0.0,0.0,5.2,71.0,0.6,0.0,0.0,3.4,0.0,0.0,0.0,B-Game,16.4,6800.0,3.0,2.42,5.0,-8.37,0.74,25.7,12.28,3.78,--,18,50.500,2.5,24
2022,6,browna5,A.J. Brown,WR,PHI,DAL,18.3,8,10.7,0.0,0.0,0.0,0.0,0.0,0.0,0.0,0.0,5.8,85.5,0.4,0.0,0.0,4.0,0.0,0.0,0.0,B-Game,17.0,7300.0,2.6,2.33,6.9,-7.45,0.95,26.4,11.99,3.61,--,-,42.000,-6.5,24.25
2022,6,willim7,Mike Williams,WR,LAC,DEN,14.7,1,10.4,0.0,0.0,0.0,0.0,0.0,0.0,0.0,0.0,5.0,79.4,0.4,0.0,0.0,3.6,0.0,0.0,0.0,B-Game,15.9,7400.0,1.3,2.15,5.6,-8.97,0.76,25.3,10.74,3.42,--,-,45.500,-4.5,25
2022,6,davisg2,Gabe Davis,WR,BUF,@KC,25.1,25,10.3,0.0,0.0,0.0,0.0,0.0,0.0,0.0,0.0,3.8,74.4,0.5,0.0,0.0,3.1,0.0,0.0,0.0,B-Game,14.6,6500.0,1.8,2.25,4.1,-8.69,0.63,24.1,11.31,3.71,--,8,54.000,-2.500,28.25
2022,6,suttoc1,Courtland Sutton,WR,DEN,@LAC,27.7,29,10.1,0.0,0.0,0.0,0.0,0.0,0.3,1.1,0.0,6.1,80.7,0.3,0.0,0.0,3.9,0.1,0.0,0.0,B-Game,16.8,6400.0,4.2,2.63,6.8,-5.82,1.06,26.3,13.64,4.10,--,-,45.500,4.500,20.5
2022,6,hillt1,Tyreek Hill,WR,MIA,MIN,19.0,12,10.1,0.0,0.0,0.0,0.0,0.0,0.4,2.9,0.0,6.5,79.8,0.3,0.0,0.1,4.0,0.1,0.0,0.0,B-Game,17.1,7500.0,2.4,2.28,7.0,-7.78,0.93,26.6,11.80,3.54,--,8,45.500,3,21.25
2022,6,lambc1,CeeDee Lamb,WR,DAL,@PHI,15.6,3,10.1,0.0,0.0,0.0,0.0,0.0,0.2,1.6,0.0,6.1,74.0,0.4,0.0,0.1,3.7,0.1,0.0,0.0,B-Game,16.7,6700.0,3.5,2.49,6.1,-7.06,0.92,26.1,12.88,3.89,--,-,42.000,6.500,17.75
2022,6,locket1,Tyler Lockett,WR,SEA,ARI,16.6,4,9.9,0.0,0.0,0.0,0.0,0.0,0.0,0.0,0.0,6.0,77.2,0.4,0.0,0.0,3.8,0.0,0.0,0.0,B-Game,16.4,5600.0,5.3,2.92,6.3,-4.73,1.13,25.8,14.77,4.61,--,33,50.500,2.5,24
2022,6,kirkc1,Christian Kirk,WR,JAX,@IND,18.4,9,9.7,0.0,0.0,0.0,0.0,0.0,0.2,1.1,0.0,4.2,68.4,0.5,0.0,0.0,3.1,0.0,0.0,0.0,B-Game,14.3,5800.0,2.9,2.47,3.9,-7.53,0.67,23.9,12.50,4.12,--,13,41.000,1.500,19.75
2022,6,waddlj1,Jaylen Waddle,WR,MIA,MIN,19.0,12,9.4,0.0,0.0,0.0,0.0,0.0,1.3,5.8,0.0,4.4,65.5,0.4,0.0,0.2,3.0,0.0,0.0,0.0,B-Game,14.3,6200.0,2.1,2.31,4.0,-8.26,0.64,24.0,11.81,3.88,--,3,45.500,3,21.25
2022,6,mclaut1,Terry McLaurin,WR,WAS,@CHI,19.9,17,9.2,0.0,0.0,0.0,0.0,0.0,0.2,1.8,0.0,4.2,73.8,0.3,0.0,0.1,3.2,0.0,0.0,0.0,B-Game,13.9,6100.0,1.9,2.28,4.4,-7.62,0.72,23.7,11.66,3.88,--,-,38.500,-1.000,19.75
2022,6,godwic1,Chris Godwin,WR,TB,@PIT,31.6,31,9.0,0.0,0.0,0.0,0.0,0.0,0.2,0.8,0.0,5.9,68.9,0.4,0.0,0.0,3.5,0.0,0.0,0.0,B-Game,15.4,6100.0,3.4,2.53,5.5,-6.53,0.90,25.0,12.96,4.09,--,18,46.000,-9.500,27.75
2022,6,lazara1,Allen Lazard,WR,GB,NYJ,21.2,19,9.0,0.0,0.0,0.0,0.0,0.0,0.0,0.0,0.0,3.8,54.6,0.6,0.0,0.0,2.6,0.0,0.0,0.0,B-Game,13.1,6000.0,1.3,2.19,2.2,-9.57,0.37,22.7,10.93,3.79,--,3,45.000,-7.5,26.25
2022,6,pittmm2,Michael Pittman Jr.,WR,IND,JAX,19.0,11,8.6,0.0,0.0,0.0,0.0,0.0,0.0,0.0,0.0,5.7,65.5,0.4,0.0,0.0,3.4,0.0,0.0,0.0,B-Game,14.7,6900.0,1.1,2.14,4.9,-8.65,0.72,24.4,10.77,3.53,--,3,41.000,-1.5,21.25
2022,6,coopea1,Amari Cooper,WR,CLE,NE,18.2,7,8.3,0.0,0.0,0.0,0.0,0.0,0.0,0.0,0.0,5.2,62.6,0.3,0.0,0.0,3.2,0.0,0.0,0.0,B-Game,13.9,5900.0,2.3,2.36,4.3,-7.35,0.72,23.6,12.02,4.01,--,8,43.000,-2.5,22.75
2022,6,samuec1,Curtis Samuel,WR,WAS,@CHI,19.9,17,8.0,0.0,0.0,0.0,0.0,0.0,2.1,12.3,0.1,4.8,50.5,0.2,0.0,0.5,2.7,0.0,0.0,0.0,B-Game,13.3,5700.0,2.1,2.33,3.8,-7.46,0.66,23.6,12.34,4.13,--,-,38.500,-1.000,19.75
2022,6,higgit1,Tee Higgins,WR,CIN,@NO,25.4,26,7.8,0.0,0.0,0.0,0.0,0.0,0.0,0.0,0.0,3.9,59.1,0.3,0.0,0.0,2.7,0.0,0.0,0.0,C-Game,12.1,6300.0,-0.3,1.93,2.8,-9.63,0.44,22.1,9.65,3.50,--,3,43.500,-3.000,23.25
2022,6,duverd1,Devin Duvernay,WR,BAL,@NYG,20.1,18,7.8,0.0,0.0,0.0,0.0,0.0,0.0,0.0,0.0,3.4,51.2,0.5,0.0,0.0,2.4,0.0,0.0,0.0,C-Game,11.6,4700.0,2.3,2.47,1.6,-7.65,0.34,21.5,12.22,4.57,--,3,45.500,-5.500,25.5
2022,6,doubsr1,Romeo Doubs,WR,GB,NYJ,21.2,19,7.8,0.0,0.0,0.0,0.0,0.0,0.6,3.6,0.0,4.1,47.0,0.5,0.0,0.1,2.4,0.0,0.0,0.0,C-Game,12.2,4800.0,2.8,2.55,1.8,-7.61,0.38,22.1,12.67,4.61,--,13,45.000,-7.5,26.25
2022,6,johnsd15,Diontae Johnson,WR,PIT,TB,19.7,14,7.8,0.0,0.0,0.0,0.0,0.0,0.3,2.3,0.0,5.4,57.7,0.3,0.0,0.1,3.1,0.0,0.0,0.0,C-Game,13.6,5700.0,2.4,2.39,4.0,-7.23,0.70,23.5,12.23,4.12,--,8,46.000,9.5,18.25
2022,6,jeudyj1,Jerry Jeudy,WR,DEN,@LAC,27.7,29,7.8,0.0,0.0,0.0,0.0,0.0,0.0,0.0,0.0,3.0,45.7,0.5,0.0,0.0,2.1,0.0,0.0,0.0,C-Game,11.0,5500.0,0.2,2.00,0.7,-10.15,0.12,20.9,10.09,3.80,--,-,45.500,4.500,20.5
2022,6,londod1,Drake London,WR,ATL,SF,19.6,13,7.8,0.0,0.0,0.0,0.0,0.0,0.0,0.0,0.0,5.2,57.4,0.4,0.0,0.0,3.0,0.1,0.0,0.0,C-Game,13.4,5400.0,2.7,2.48,3.8,-6.83,0.71,23.2,12.55,4.29,--,13,46.000,4.5,20.75
2022,6,smithd4,DeVonta Smith,WR,PHI,DAL,18.3,8,7.7,0.0,0.0,0.0,0.0,0.0,0.0,0.0,0.0,5.2,61.1,0.3,0.0,0.0,3.1,0.0,0.0,0.0,C-Game,13.2,6200.0,1.0,2.14,4.1,-8.11,0.66,23.1,10.89,3.73,--,-,42.000,-6.5,24.25
2022,6,aiyukb1,Brandon Aiyuk,WR,SF,@ATL,24.8,24,7.5,0.0,0.0,0.0,0.0,0.0,0.3,1.3,0.0,3.6,51.1,0.4,0.0,0.1,2.4,0.0,0.0,0.0,C-Game,11.4,5400.0,0.7,2.11,1.7,-8.94,0.32,21.4,10.72,3.96,--,3,46.000,-4.500,25.25
2022,6,moored4,D.J. Moore,WR,CAR,@LAR,25.4,27,7.4,0.0,0.0,0.0,0.0,0.0,0.7,4.2,0.0,4.2,56.9,0.2,0.0,0.2,2.7,0.0,0.0,0.0,C-Game,12.0,5100.0,1.9,2.35,2.8,-7.24,0.55,22.1,12.02,4.33,--,3,41.500,10.000,15.75
2022,6,pickeg1,George Pickens,WR,PIT,TB,19.7,14,7.1,0.0,0.0,0.0,0.0,0.0,0.0,0.0,0.0,4.0,57.7,0.2,0.0,0.0,2.7,0.0,0.0,0.0,C-Game,11.4,4600.0,2.4,2.49,2.7,-6.38,0.58,21.5,12.45,4.68,--,3,46.000,9.5,18.25
2022,6,thiela1,Adam Thielen,WR,MIN,@MIA,18.9,10,7.0,0.0,0.0,0.0,0.0,0.0,0.0,0.0,0.0,4.6,48.7,0.4,0.0,0.0,2.6,0.0,0.0,0.0,C-Game,12.0,5900.0,0.3,2.03,2.4,-9.21,0.41,21.9,10.27,3.71,--,3,45.500,-3.000,24.25
2022,6,meyerj1,Jakobi Meyers,WR,NE,@CLE,24.1,23,7.0,0.0,0.0,0.0,0.0,0.0,0.2,1.9,0.0,5.1,55.1,0.2,0.0,0.1,2.9,0.0,0.0,0.0,C-Game,12.5,5300.0,2.0,2.35,3.4,-7.00,0.65,22.5,12.03,4.24,--,3,43.000,2.500,20.25
2022,6,valdem1,Marquez Valdes-Scantling,WR,KC,BUF,16.9,5,6.9,0.0,0.0,0.0,0.0,0.0,0.3,1.0,0.0,3.7,53.3,0.3,0.0,0.0,2.5,0.0,0.0,0.0,C-Game,11.0,4500.0,2.1,2.44,2.1,-6.81,0.46,21.1,12.25,4.69,--,13,54.000,2.5,25.75
2022,6,davisc7,Corey Davis,WR,NYJ,@GB,19.9,16,6.9,0.0,0.0,0.0,0.0,0.0,0.0,0.0,0.0,2.9,51.8,0.3,0.0,0.0,2.2,0.0,0.0,0.0,C-Game,10.1,4800.0,0.6,2.10,1.1,-8.31,0.24,20.3,10.81,4.22,--,3,45.000,7.500,18.75
2022,6,mooned1,Darnell Mooney,WR,CHI,WAS,31.6,32,6.9,0.0,0.0,0.0,0.0,0.0,0.0,0.0,0.0,3.9,53.2,0.3,0.0,0.0,2.6,0.0,0.0,0.0,C-Game,11.1,4800.0,1.7,2.32,2.2,-7.24,0.46,21.2,11.75,4.42,--,-,38.500,1,18.75
2022,6,smithj5,JuJu Smith-Schuster,WR,KC,BUF,16.9,5,6.8,0.0,0.0,0.0,0.0,0.0,0.0,0.0,0.0,4.2,53.3,0.3,0.0,0.0,2.6,0.0,0.0,0.0,C-Game,11.4,5200.0,1.1,2.19,2.5,-7.74,0.48,21.5,11.21,4.13,--,8,54.000,2.5,25.75
2022,6,wilsog1,Garrett Wilson,WR,NYJ,@GB,19.9,16,6.7,0.0,0.0,0.0,0.0,0.0,0.0,0.0,0.0,4.3,47.0,0.3,0.0,0.0,2.5,0.0,0.0,0.0,C-Game,11.3,5000.0,1.5,2.27,2.0,-7.86,0.40,21.3,11.50,4.27,--,3,45.000,7.500,18.75
2022,6,mckeni1,Isaiah McKenzie,WR,BUF,@KC,25.1,25,6.7,0.0,0.0,0.0,0.0,0.0,0.0,0.0,0.0,4.5,45.5,0.4,0.0,0.0,2.5,0.0,0.0,0.0,C-Game,11.4,5000.0,1.6,2.28,2.0,-7.85,0.40,21.4,11.57,4.28,--,3,54.000,-2.500,28.25
2022,6,boydt2,Tyler Boyd,WR,CIN,@NO,25.4,26,6.7,0.0,0.0,0.0,0.0,0.0,0.0,0.0,0.0,4.3,48.8,0.3,0.0,0.0,2.5,0.0,0.0,0.0,C-Game,11.2,5100.0,1.2,2.20,2.1,-7.91,0.42,21.3,11.25,4.18,--,3,43.500,-3.000,23.25
2022,6,cobbr1,Randall Cobb,WR,GB,NYJ,21.2,19,6.5,0.0,0.0,0.0,0.0,0.0,0.0,0.0,0.0,3.2,52.1,0.2,0.0,0.0,2.3,0.0,0.0,0.0,C-Game,10.1,4400.0,1.4,2.29,1.5,-7.16,0.34,20.3,11.63,4.61,--,3,45.000,-7.5,26.25
2022,6,mooree2,Elijah Moore,WR,NYJ,@GB,19.9,16,6.1,0.0,0.0,0.0,0.0,0.0,0.0,0.0,0.0,3.1,41.0,0.3,0.0,0.0,2.0,0.0,0.0,0.0,C-Game,9.4,4900.0,-0.2,1.93,0.5,-9.12,0.11,19.7,10.01,4.01,--,3,45.000,7.500,18.75
2022,6,pierca2,Alec Pierce,WR,IND,JAX,19.0,11,6.1,0.0,0.0,0.0,0.0,0.0,0.0,0.0,0.0,3.7,49.7,0.2,0.0,0.0,2.4,0.0,0.0,0.0,C-Game,10.1,4300.0,1.6,2.34,1.7,-6.79,0.39,20.3,11.86,4.73,--,8,41.000,-1.5,21.25
2022,6,moorer1,Rondale Moore,WR,ARI,@SEA,17.2,6,6.0,0.0,0.0,0.0,0.0,0.0,1.1,4.5,0.0,4.8,47.5,0.1,0.0,0.2,2.7,0.0,0.0,0.0,C-Game,11.2,4200.0,2.9,2.66,2.5,-5.76,0.60,21.4,13.17,5.10,--,18,50.500,-2.500,26.5
2022,6,robina3,Allen Robinson,WR,LAR,CAR,22.1,20,5.8,0.0,0.0,0.0,0.0,0.0,0.0,0.0,0.0,3.0,34.2,0.4,0.0,0.0,1.8,0.0,0.0,0.0,C-Game,9.0,4900.0,-0.7,1.83,0.4,-9.24,0.08,19.2,9.56,3.92,--,1,41.500,-10,25.75
2022,6,jonesz1,Zay Jones,WR,JAX,@IND,18.4,9,5.6,0.0,0.0,0.0,0.0,0.0,0.0,0.0,0.0,5.3,44.7,0.2,0.0,0.0,2.7,0.0,0.0,0.0,C-Game,11.3,4200.0,3.0,2.68,2.7,-5.55,0.65,21.4,13.15,5.10,--,8,41.000,1.500,19.75
2022,6,gallum1,Michael Gallup,WR,DAL,@PHI,15.6,3,5.5,0.0,0.0,0.0,0.0,0.0,0.0,0.0,0.0,3.8,43.1,0.2,0.0,0.0,2.3,0.0,0.0,0.0,C-Game,9.7,4800.0,0.2,2.01,1.2,-8.23,0.25,20.0,10.51,4.16,--,-,42.000,6.500,17.75
2022,6,palmej3,Josh Palmer,WR,LAC,DEN,14.7,1,5.5,0.0,0.0,0.0,0.0,0.0,0.2,1.1,0.0,3.3,36.9,0.3,0.0,0.0,1.9,0.0,0.0,0.0,C-Game,9.0,4700.0,-0.3,1.91,0.7,-8.56,0.15,19.3,10.05,4.11,--,-,45.500,-4.5,25
2022,6,parked1,DeVante Parker,WR,NE,@CLE,24.1,23,5.4,0.0,0.0,0.0,0.0,0.0,0.0,0.0,0.0,1.7,36.0,0.3,0.0,0.0,1.5,0.0,0.0,0.0,C-Game,7.3,4400.0,-1.4,1.65,0.0,-8.67,0.00,17.7,9.06,4.03,--,3,43.000,2.500,20.25
2022,6,brownn1,Noah Brown,WR,DAL,@PHI,15.6,3,5.3,0.0,0.0,0.0,0.0,0.0,0.0,0.0,0.0,3.2,42.0,0.2,0.0,0.0,2.0,0.0,0.0,0.0,C-Game,8.7,4200.0,0.4,2.08,0.6,-7.68,0.14,19.1,10.86,4.55,--,-,42.000,6.500,17.75
2022,6,brownd12,Dyami Brown,WR,WAS,@CHI,19.9,17,5.3,0.0,0.0,0.0,0.0,0.0,0.0,0.0,0.0,2.2,38.8,0.2,0.0,0.0,1.7,0.0,0.0,0.0,C-Game,7.7,3400.0,1.0,2.27,0.0,-6.70,0.00,18.2,11.50,5.35,--,-,38.500,-1.000,19.75
2022,6,zaccho1,Olamide Zaccheaus,WR,ATL,SF,19.6,13,5.3,0.0,0.0,0.0,0.0,0.0,0.0,0.0,0.0,2.5,41.3,0.2,0.0,0.0,1.8,0.0,0.0,0.0,C-Game,8.1,4000.0,0.2,2.02,0.0,-7.84,0.01,18.5,10.66,4.63,--,1,46.000,4.5,20.75
2022,6,osbork1,K.J. Osborn,WR,MIN,@MIA,18.9,10,5.2,0.0,0.0,0.0,0.0,0.0,0.0,0.0,0.0,2.8,35.5,0.3,0.0,0.0,1.8,0.0,0.0,0.0,C-Game,8.3,4300.0,-0.2,1.92,0.3,-8.17,0.07,18.7,10.18,4.34,--,1,45.500,-3.000,24.25
2022,6,stbroe1,Equanimeous St. Brown,WR,CHI,WAS,31.6,32,5.0,0.0,0.0,0.0,0.0,0.0,0.4,4.2,0.0,1.9,30.3,0.3,0.0,0.2,1.4,0.0,0.0,0.0,C-Game,7.1,3700.0,-0.1,1.93,0.0,-7.29,0.00,17.7,10.44,4.79,--,-,38.500,1,18.75
2022,6,claypc1,Chase Claypool,WR,PIT,TB,19.7,14,5.0,0.0,0.0,0.0,0.0,0.0,0.8,5.6,0.0,2.9,33.9,0.2,0.0,0.2,1.8,0.0,0.0,0.0,C-Game,8.2,4500.0,-0.7,1.82,0.5,-8.37,0.11,18.8,9.90,4.17,--,3,46.000,9.5,18.25
2022,6,callam1,Marquez Callaway,WR,NO,CIN,15.5,2,5.0,0.0,0.0,0.0,0.0,0.0,0.0,0.0,0.0,2.9,38.7,0.2,0.0,0.0,1.9,0.0,0.0,0.0,C-Game,8.2,3900.0,0.5,2.09,0.4,-7.27,0.11,18.6,10.95,4.78,--,1,43.500,3,20.25
2022,6,carted4,DeAndre Carter,WR,LAC,DEN,14.7,1,4.8,0.0,0.0,0.0,0.0,0.0,0.0,0.0,0.0,2.3,39.7,0.2,0.0,0.0,1.7,0.0,0.0,0.0,C-Game,7.4,3600.0,0.3,2.05,0.0,-7.09,0.00,18.0,10.87,4.99,--,-,45.500,-4.5,25
2022,6,anderr2,Robbie Anderson,WR,CAR,@LAR,25.4,27,4.6,0.0,0.0,0.0,0.0,0.0,0.0,0.0,0.0,2.6,34.1,0.2,0.0,0.0,1.7,0.0,0.0,0.0,C-Game,7.4,4100.0,-0.6,1.81,0.1,-8.01,0.02,18.0,9.90,4.38,--,1,41.500,10.000,15.75
2022,6,slaytd1,Darius Slayton,WR,NYG,BAL,22.2,21,4.6,0.0,0.0,0.0,0.0,0.0,0.0,0.0,0.0,2.6,34.7,0.2,0.0,0.0,1.7,0.0,0.0,0.0,C-Game,7.5,3800.0,-0.0,1.96,0.1,-7.36,0.03,18.0,10.52,4.74,--,3,45.500,5.5,20
2022,6,robinw1,Wan'Dale Robinson,WR,NYG,BAL,22.2,21,4.6,0.0,0.0,0.0,0.0,0.0,0.0,0.0,0.0,3.5,34.7,0.2,0.0,0.0,1.9,0.0,0.0,0.0,C-Game,8.3,3600.0,1.2,2.30,0.9,-6.21,0.24,18.8,11.67,5.21,--,1,45.500,5.5,20
2022,6,shakik1,Khalil Shakir,WR,BUF,@KC,25.1,25,4.3,0.0,0.0,0.0,0.0,0.0,0.6,3.5,0.0,2.3,27.3,0.2,0.0,0.1,1.4,0.0,0.0,0.0,C-Game,6.8,3700.0,-0.5,1.85,0.0,-7.29,0.00,17.7,10.37,4.77,--,1,54.000,-2.500,28.25
2022,6,agnewj1,Jamal Agnew,WR,JAX,@IND,18.4,9,4.3,0.0,0.0,0.0,0.0,0.0,0.2,1.7,0.0,2.7,29.8,0.2,0.0,0.1,1.6,0.0,0.0,0.0,C-Game,7.2,3200.0,0.9,2.26,0.2,-6.09,0.07,17.8,11.53,5.57,--,1,41.000,1.500,19.75
2022,6,bournk1,Kendrick Bourne,WR,NE,@CLE,24.1,23,4.3,0.0,0.0,0.0,0.0,0.0,0.3,2.5,0.0,2.2,26.5,0.2,0.0,0.1,1.4,0.0,0.0,0.0,C-Game,6.7,3100.0,0.6,2.16,0.0,-6.11,0.00,17.3,11.23,5.59,--,1,43.000,2.500,20.25
2022,6,smitht9,Tre'Quan Smith,WR,NO,CIN,15.5,2,4.2,0.0,0.0,0.0,0.0,0.0,0.0,0.0,0.0,2.3,31.4,0.2,0.0,0.0,1.5,0.0,0.0,0.0,C-Game,6.7,3700.0,-0.6,1.81,0.0,-7.29,0.00,17.3,10.05,4.69,--,1,43.500,3,20.25
2022,6,greena2,A.J. Green,WR,ARI,@SEA,17.2,6,4.1,0.0,0.0,0.0,0.0,0.0,0.0,0.0,0.0,2.4,32.6,0.1,0.0,0.0,1.6,0.0,0.0,0.0,C-Game,6.7,4100.0,-1.4,1.63,0.0,-8.08,0.00,17.3,9.26,4.23,--,1,50.500,-2.500,26.5
2022,6,skowrb1,Ben Skowronek,WR,LAR,CAR,22.1,20,4.1,0.0,0.0,0.0,0.0,0.0,0.0,0.0,0.0,2.6,32.9,0.1,0.0,0.0,1.6,0.0,0.0,0.0,C-Game,6.9,4100.0,-1.2,1.68,0.1,-7.98,0.02,17.5,9.45,4.27,--,1,41.500,-10,25.75
2022,6,peopld1,Donovan Peoples-Jones,WR,CLE,NE,18.2,7,4.0,0.0,0.0,0.0,0.0,0.0,0.0,0.0,0.0,2.5,32.8,0.1,0.0,0.0,1.6,0.0,0.0,0.0,C-Game,6.7,3900.0,-1.0,1.72,0.0,-7.66,0.01,17.4,9.71,4.46,--,3,43.000,-2.5,22.75
2022,6,gager1,Russell Gage,WR,TB,@PIT,31.6,31,3.8,0.0,0.0,0.0,0.0,0.0,0.0,0.0,0.0,2.5,24.8,0.2,0.0,0.0,1.4,0.0,0.0,0.0,C-Game,6.4,4400.0,-2.3,1.46,0.0,-8.67,0.00,17.1,8.39,3.88,--,1,46.000,-9.500,27.75
2022,6,hardmm1,Mecole Hardman,WR,KC,BUF,16.9,5,3.6,0.0,0.0,0.0,0.0,0.0,0.4,1.9,0.0,2.5,27.4,0.1,0.0,0.1,1.4,0.0,0.0,0.0,C-Game,6.3,4000.0,-1.6,1.57,0.0,-7.88,0.00,17.0,9.17,4.26,--,1,54.000,2.5,25.75
2022,6,robind2,Demarcus Robinson,WR,BAL,@NYG,20.1,18,3.6,0.0,0.0,0.0,0.0,0.0,0.0,0.0,0.0,2.2,22.1,0.2,0.0,0.0,1.2,0.0,0.0,0.0,C-Game,6.0,3200.0,-0.4,1.86,0.0,-6.30,0.00,16.6,10.34,5.20,--,1,45.500,-5.500,25.5
2022,6,jennij1,Jauan Jennings,WR,SF,@ATL,24.8,24,3.6,0.0,0.0,0.0,0.0,0.0,0.0,0.0,0.0,2.3,24.4,0.2,0.0,0.0,1.3,0.0,0.0,0.0,C-Game,6.0,3600.0,-1.1,1.67,0.0,-7.09,0.00,16.7,9.62,4.64,--,1,46.000,-4.500,25.25
2022,6,jamesr1,Richie James,WR,NYG,BAL,22.2,21,3.4,0.0,0.0,0.0,0.0,0.0,0.0,0.0,0.0,2.3,25.5,0.1,0.0,0.0,1.3,0.0,0.0,0.0,C-Game,5.8,4200.0,-2.5,1.38,0.0,-8.27,0.00,16.6,8.30,3.95,--,3,45.500,5.5,20
2022,6,thornt1,Tyquan Thornton,WR,NE,@CLE,24.1,23,3.3,0.0,0.0,0.0,0.0,0.0,0.0,0.0,0.0,2.4,24.4,0.1,0.0,0.0,1.4,0.0,0.0,0.0,C-Game,5.9,3000.0,-0.0,1.97,0.0,-5.91,0.00,16.7,10.75,5.55,--,1,43.000,2.500,20.25
2022,6,hodgek1,KhaDarel Hodge,WR,ATL,SF,19.6,13,3.2,0.0,0.0,0.0,0.0,0.0,0.0,0.0,0.0,1.9,26.2,0.1,0.0,0.0,1.3,0.0,0.0,0.0,C-Game,5.3,3400.0,-1.4,1.56,0.0,-6.70,0.00,16.1,9.45,4.75,--,1,46.000,4.5,20.75
2022,6,prochj1,James Proche,WR,BAL,@NYG,20.1,18,2.9,0.0,0.0,0.0,0.0,0.0,0.0,0.0,0.0,1.3,20.9,0.1,0.0,0.0,0.9,0.0,0.0,0.0,C-Game,4.3,3000.0,-1.6,1.44,0.0,-5.91,0.00,15.3,9.34,5.08,--,1,45.500,-5.500,25.5
2022,6,milles2,Scott Miller,WR,TB,@PIT,31.6,31,2.7,0.0,0.0,0.0,0.0,0.0,0.3,2.1,0.0,1.7,17.9,0.1,0.0,0.1,1.0,0.0,0.0,0.0,C-Game,4.5,3800.0,-3.0,1.19,0.0,-7.49,0.00,15.5,8.00,4.08,--,1,46.000,-9.500,27.75
2022,6,wilsoc2,Cedrick Wilson,WR,MIA,MIN,19.0,12,2.7,0.0,0.0,0.0,0.0,0.0,0.0,0.0,0.0,2.3,20.2,0.1,0.0,0.0,1.2,0.0,0.0,0.0,C-Game,5.1,3400.0,-1.6,1.49,0.0,-6.70,0.00,15.9,9.24,4.69,--,1,45.500,3,21.25
2022,6,smiths4,Shi Smith,WR,CAR,@LAR,25.4,27,2.6,0.0,0.0,0.0,0.0,0.0,0.0,0.0,0.0,1.8,21.7,0.1,0.0,0.0,1.1,0.0,0.0,0.0,C-Game,4.5,3600.0,-2.6,1.25,0.0,-7.09,0.00,15.5,8.39,4.30,--,1,41.500,10.000,15.75
2022,6,kirkwk1,Keith Kirkwood,WR,NO,CIN,15.5,2,2.4,0.0,0.0,0.0,0.0,0.0,0.0,0.0,0.0,1.1,18.4,0.1,0.0,0.0,0.8,0.0,0.0,0.0,C-Game,3.7,3000.0,-2.2,1.22,0.0,-5.91,0.00,14.7,8.78,4.90,--,1,43.500,3,20.25
2022,6,pettid1,Dante Pettis,WR,CHI,WAS,31.6,32,2.3,0.0,0.0,0.0,0.0,0.0,0.0,0.0,0.0,0.7,18.3,0.1,0.0,0.0,0.7,0.0,0.0,0.0,C-Game,3.1,3300.0,-3.4,0.94,0.0,-6.50,0.00,14.2,7.70,4.30,--,-,38.500,1,18.75
2022,6,hintok1,Kendall Hinton,WR,DEN,@LAC,27.7,29,2.3,0.0,0.0,0.0,0.0,0.0,0.0,0.0,0.0,1.4,18.1,0.1,0.0,0.0,0.9,0.0,0.0,0.0,C-Game,3.8,3000.0,-2.1,1.26,0.0,-5.91,0.00,14.8,8.89,4.93,--,-,45.500,4.500,20.5
2022,6,johnsm3,Marcus Johnson,WR,NYG,BAL,22.2,21,2.3,0.0,0.0,0.0,0.0,0.0,0.0,0.0,0.0,1.5,20.4,0.0,0.0,0.0,1.0,0.0,0.0,0.0,C-Game,3.9,3000.0,-2.0,1.30,0.0,-5.91,0.00,14.9,9.03,4.98,--,1,45.500,5.5,20
2022,6,dortcg1,Greg Dortch,WR,ARI,@SEA,17.2,6,2.3,0.0,0.0,0.0,0.0,0.0,0.0,0.0,0.0,1.7,14.9,0.1,0.0,0.0,0.9,0.0,0.0,0.0,C-Game,4.1,4000.0,-3.8,1.02,0.0,-7.88,0.00,15.1,7.18,3.76,--,1,50.500,-2.500,26.5
2022,6,campbp1,Parris Campbell,WR,IND,JAX,19.0,11,2.2,0.0,0.0,0.0,0.0,0.0,0.0,0.0,0.0,2.3,20.6,0.0,0.0,0.0,1.2,0.0,0.0,0.0,C-Game,4.7,3400.0,-2.0,1.39,0.0,-6.70,0.00,15.7,8.99,4.61,--,1,41.000,-1.5,21.25
2022,6,moores1,Skyy Moore,WR,KC,BUF,16.9,5,2.1,0.0,0.0,0.0,0.0,0.0,0.0,0.0,0.0,1.1,15.9,0.1,0.0,0.0,0.7,0.0,0.0,0.0,C-Game,3.3,3500.0,-3.6,0.94,0.0,-6.90,0.00,14.4,7.47,4.11,--,1,54.000,2.5,25.75
2022,6,marsht1,Terrace Marshall,WR,CAR,@LAR,25.4,27,2.1,0.0,0.0,0.0,0.0,0.0,0.0,0.0,0.0,1.5,16.6,0.1,0.0,0.0,0.9,0.0,0.0,0.0,C-Game,3.7,3400.0,-3.0,1.08,0.0,-6.70,0.00,14.7,8.05,4.34,--,1,41.500,10.000,15.75
2022,6,hamlek1,K.J. Hamler,WR,DEN,@LAC,27.7,29,1.9,0.0,0.0,0.0,0.0,0.0,0.0,0.0,0.0,1.5,14.4,0.1,0.0,0.0,0.8,0.0,0.0,0.0,C-Game,3.5,3600.0,-3.6,0.98,0.0,-7.09,0.00,14.6,7.50,4.05,--,-,45.500,4.500,20.5
2022,6,sillsd1,David Sills,WR,NYG,BAL,22.2,21,1.8,0.0,0.0,0.0,0.0,0.0,0.0,0.0,0.0,1.2,14.3,0.1,0.0,0.0,0.7,0.0,0.0,0.0,C-Game,3.2,3400.0,-3.5,0.93,0.0,-6.70,0.00,14.3,7.57,4.20,--,1,45.500,5.5,20
2022,6,berrib2,Braxton Berrios,WR,NYJ,@GB,19.9,16,1.8,0.0,0.0,0.0,0.0,0.0,0.9,7.0,0.0,1.2,9.6,0.0,0.0,0.3,0.6,0.0,0.0,0.0,C-Game,3.1,3600.0,-4.0,0.86,0.3,-6.83,0.07,14.4,7.28,3.99,--,1,45.000,7.500,18.75
2022,6,goodwm1,Marquise Goodwin,WR,SEA,ARI,16.6,4,1.7,0.0,0.0,0.0,0.0,0.0,0.0,0.0,0.0,0.9,12.4,0.1,0.0,0.0,0.6,0.0,0.0,0.0,C-Game,2.7,3400.0,-4.0,0.80,0.0,-6.70,0.00,13.9,7.16,4.08,--,-,50.500,2.5,24
2022,6,sherft1,Trent Sherfield,WR,MIA,MIN,19.0,12,1.7,0.0,0.0,0.0,0.0,0.0,0.0,0.0,0.0,1.6,13.1,0.1,0.0,0.0,0.8,0.0,0.0,0.0,C-Game,3.4,3000.0,-2.5,1.15,0.0,-5.91,0.00,14.5,8.61,4.84,--,1,45.500,3,21.25
2022,6,jonesv1,Velus Jones,WR,CHI,WAS,31.6,32,1.6,0.0,0.0,0.0,0.0,0.0,0.0,0.0,0.0,1.0,11.0,0.1,0.0,0.0,0.6,0.0,0.0,0.0,C-Game,2.7,3200.0,-3.6,0.84,0.0,-6.30,0.00,13.8,7.53,4.32,--,-,38.500,1,18.75
2022,6,mclour1,Ray-Ray McCloud,WR,SF,@ATL,24.8,24,1.4,0.0,0.0,0.0,0.0,0.0,0.0,0.0,0.0,0.9,10.4,0.1,0.0,0.0,0.5,0.0,0.0,0.0,C-Game,2.4,3000.0,-3.5,0.80,0.0,-5.91,0.00,13.6,7.68,4.53,--,1,46.000,-4.500,25.25
2022,6,watkiq1,Quez Watkins,WR,PHI,DAL,18.3,8,1.4,0.0,0.0,0.0,0.0,0.0,0.0,0.0,0.0,0.8,11.0,0.1,0.0,0.0,0.5,0.0,0.0,0.0,C-Game,2.3,3500.0,-4.6,0.67,0.0,-6.90,0.00,13.5,6.65,3.87,--,-,42.000,-6.5,24.25
2022,6,atwelt1,Tutu Atwell,WR,LAR,CAR,22.1,20,1.4,0.0,0.0,0.0,0.0,0.0,0.0,0.0,0.0,0.6,9.2,0.1,0.0,0.0,0.4,0.0,0.0,0.0,C-Game,2.0,3000.0,-3.9,0.68,0.0,-5.91,0.00,13.3,7.36,4.42,--,1,41.500,-10,25.75
2022,6,winfrj1,Juwann Winfree,WR,GB,NYJ,21.2,19,1.4,0.0,0.0,0.0,0.0,0.0,0.0,0.0,0.0,0.9,14.0,0.0,0.0,0.0,0.6,0.0,0.0,0.0,C-Game,2.4,3000.0,-3.5,0.79,0.0,-5.91,0.00,13.6,7.70,4.54,--,1,45.000,-7.5,26.25
2022,6,stracm1,Mike Strachan,WR,IND,JAX,19.0,11,1.3,0.0,0.0,0.0,0.0,0.0,0.0,0.0,0.0,0.6,10.9,0.0,0.0,0.0,0.5,0.0,0.0,0.0,C-Game,1.9,3000.0,-4.0,0.64,0.0,-5.91,0.00,13.2,7.28,4.40,--,1,41.000,-1.5,21.25
2022,6,wallat1,Tylan Wallace,WR,BAL,@NYG,20.1,18,1.3,0.0,0.0,0.0,0.0,0.0,0.0,0.0,0.0,0.6,11.6,0.0,0.0,0.0,0.5,0.0,0.0,0.0,C-Game,1.9,3000.0,-4.0,0.65,0.0,-5.91,0.00,13.2,7.31,4.41,--,1,45.500,-5.500,25.5
2022,6,jonest6,Tim Jones,WR,JAX,@IND,18.4,9,1.2,0.0,0.0,0.0,0.0,0.0,0.0,0.0,0.0,0.8,12.4,0.0,0.0,0.0,0.6,0.0,0.0,0.0,C-Game,2.1,3000.0,-3.8,0.70,0.0,-5.91,0.00,13.4,7.47,4.46,--,1,41.000,1.500,19.75
2022,6,watsoj1,Justin Watson,WR,KC,BUF,16.9,5,1.2,0.0,0.0,0.0,0.0,0.0,0.0,0.0,0.0,0.6,10.1,0.0,0.0,0.0,0.5,0.0,0.0,0.0,C-Game,1.9,3000.0,-4.0,0.64,0.0,-5.91,0.00,13.2,7.27,4.39,--,1,54.000,2.5,25.75
2022,6,shaher1,Rashid Shaheed,WR,NO,CIN,15.5,2,1.2,0.0,0.0,0.0,0.0,0.0,0.0,0.0,0.0,0.4,9.2,0.0,0.0,0.0,0.4,0.0,0.0,0.0,C-Game,1.6,3000.0,-4.3,0.54,0.0,-5.91,0.00,12.9,7.00,4.30,--,1,43.500,3,20.25
2022,6,simsc2,Cam Sims,WR,WAS,@CHI,19.9,17,1.0,0.0,0.0,0.0,0.0,0.0,0.0,0.0,0.0,0.6,7.8,0.0,0.0,0.0,0.4,0.0,0.0,0.0,C-Game,1.7,3100.0,-4.4,0.54,0.0,-6.11,0.00,13.0,6.87,4.19,--,-,38.500,-1.000,19.75
2022,6,eskrid1,D'Wayne Eskridge,WR,SEA,ARI,16.6,4,1.0,0.0,0.0,0.0,0.0,0.0,0.0,0.0,0.0,0.7,7.5,0.0,0.0,0.0,0.4,0.0,0.0,0.0,C-Game,1.7,3300.0,-4.8,0.52,0.0,-6.50,0.00,13.0,6.50,3.94,--,1,50.500,2.5,24
2022,6,belld1,David Bell,WR,CLE,NE,18.2,7,0.8,0.0,0.0,0.0,0.0,0.0,0.0,0.0,0.0,0.8,8.2,0.0,0.0,0.0,0.5,0.0,0.0,0.0,C-Game,1.7,3100.0,-4.4,0.55,0.0,-6.11,0.00,13.0,6.92,4.20,--,1,43.000,-2.5,22.75
2022,6,pascaz1,Zach Pascal,WR,PHI,DAL,18.3,8,0.7,0.0,0.0,0.0,0.0,0.0,0.0,0.0,0.0,1.0,7.3,0.0,0.0,0.0,0.5,0.0,0.0,0.0,C-Game,1.8,3200.0,-4.5,0.56,0.0,-6.30,0.00,13.1,6.82,4.10,--,-,42.000,-6.5,24.25
2022,6,boykim1,Miles Boykin,WR,PIT,TB,19.7,14,0.7,0.0,0.0,0.0,0.0,0.0,0.0,0.0,0.0,0.4,5.7,0.0,0.0,0.0,0.3,0.0,0.0,0.0,C-Game,1.2,3000.0,-4.8,0.38,0.0,-5.91,0.00,12.5,6.61,4.17,--,1,46.000,9.5,18.25
2022,6,thomam3,Mike Thomas,WR,CIN,@NO,25.4,26,0.6,0.0,0.0,0.0,0.0,0.0,0.0,0.0,0.0,0.5,5.1,0.0,0.0,0.0,0.3,0.0,0.0,0.0,C-Game,1.1,3000.0,-4.8,0.37,0.0,-5.91,0.00,12.5,6.57,4.16,--,1,43.500,-3.000,23.25
2022,6,schwaa1,Anthony Schwartz,WR,CLE,NE,18.2,7,0.5,0.0,0.0,0.0,0.0,0.0,0.0,0.0,0.0,0.3,5.1,0.0,0.0,0.0,0.2,0.0,0.0,0.0,C-Game,0.8,3000.0,-5.1,0.27,0.0,-5.91,0.00,12.2,6.33,4.08,--,1,43.000,-2.5,22.75
2022,6,edwarb4,Bryan Edwards,WR,ATL,SF,19.6,13,0.5,0.0,0.0,0.0,0.0,0.0,0.0,0.0,0.0,0.7,5.0,0.0,0.0,0.0,0.3,0.0,0.0,0.0,C-Game,1.2,3000.0,-4.7,0.40,0.0,-5.91,0.00,12.6,6.68,4.20,--,1,46.000,4.5,20.75
2022,6,whitek1,Kevin White,WR,NO,CIN,15.5,2,0.5,0.0,0.0,0.0,0.0,0.0,0.0,0.0,0.0,0.2,3.7,0.0,0.0,0.0,0.1,0.0,0.0,0.0,C-Game,0.6,3000.0,-5.3,0.21,0.0,-5.91,0.00,12.1,6.15,4.02,--,1,43.500,3,20.25
2022,6,fehoks1,Simi Fehoko,WR,DAL,@PHI,15.6,3,0.4,0.0,0.0,0.0,0.0,0.0,0.0,0.0,0.0,0.1,2.2,0.0,0.0,0.0,0.1,0.0,0.0,0.0,C-Game,0.5,3000.0,-5.4,0.16,0.0,-5.91,0.00,11.9,6.00,3.97,--,-,42.000,6.500,17.75
2022,6,reagoj1,Jalen Reagor,WR,MIN,@MIA,18.9,10,0.3,0.0,0.0,0.0,0.0,0.0,0.0,0.0,0.0,0.2,2.6,0.0,0.0,0.0,0.1,0.0,0.0,0.0,C-Game,0.5,3300.0,-6.0,0.16,0.0,-6.50,0.00,12.0,5.46,3.63,--,1,45.500,-3.000,24.25
2022,6,smithj8,Jeff Smith,WR,NYJ,@GB,19.9,16,0.2,0.0,0.0,0.0,0.0,0.0,0.0,0.0,0.0,0.3,2.4,0.0,0.0,0.0,0.2,0.0,0.0,0.0,C-Game,0.6,3000.0,-5.3,0.19,0.0,-5.91,0.00,12.0,6.12,4.01,--,1,45.000,7.500,18.75
2022,6,kelcet1,Travis Kelce,TE,KC,BUF,1.6,1,10.9,0.0,0.0,0.0,0.0,0.0,0.0,0.0,0.0,6.4,72.1,0.6,0.0,0.0,3.8,0.0,0.0,0.0,A-Game,17.9,7800.0,3.7,2.29,6.0,-8.22,0.77,23.3,9.10,2.99,--,8,54.000,2.5,25.75
2022,6,andrem1,Mark Andrews,TE,BAL,@NYG,8.5,23,10.7,0.0,0.0,0.0,0.0,0.0,0.0,0.0,0.0,6.4,76.7,0.5,0.0,0.0,4.0,0.0,0.0,0.0,A-Game,17.6,7000.0,4.8,2.51,6.2,-6.49,0.89,23.1,10.34,3.30,--,18,45.500,-5.500,25.5
2022,6,hillt2,Taysom Hill,TE,NO,CIN,7.8,19,9.1,0.0,0.0,0.0,0.0,0.0,10.7,64.1,0.5,0.0,0.0,0.0,0.0,2.7,0.0,0.1,0.0,0.0,A-Game,9.6,5100.0,0.3,1.88,0.0,-9.28,0.00,11.5,2.24,2.26,--,3,43.500,3,20.25
2022,6,ertzz1,Zach Ertz,TE,ARI,@SEA,23.5,32,9.0,0.0,0.0,0.0,0.0,0.0,0.0,0.0,0.0,4.8,50.2,0.7,0.0,0.0,2.7,0.0,0.0,0.0,A-Game,14.2,4900.0,5.2,2.89,3.4,-5.51,0.70,20.9,11.96,4.26,--,13,50.500,-2.500,26.5
2022,6,goeded1,Dallas Goedert,TE,PHI,DAL,4.2,8,7.8,0.0,0.0,0.0,0.0,0.0,0.0,0.0,0.0,4.7,61.1,0.3,0.0,0.0,3.1,0.0,0.0,0.0,B-Game,12.8,5000.0,3.7,2.57,4.0,-5.06,0.81,19.9,10.85,3.99,--,-,42.000,-6.5,24.25
2022,6,kittlg1,George Kittle,TE,SF,@ATL,8.2,21,7.6,0.0,0.0,0.0,0.0,0.0,0.0,0.0,0.0,4.4,48.7,0.5,0.0,0.0,2.6,0.0,0.0,0.0,B-Game,12.3,5100.0,3.0,2.41,3.1,-6.23,0.60,19.6,10.36,3.85,--,3,46.000,-4.500,25.25
2022,6,higbet1,Tyler Higbee,TE,LAR,CAR,4.0,6,7.0,0.0,0.0,0.0,0.0,0.0,0.0,0.0,0.0,5.7,55.3,0.3,0.0,0.0,3.1,0.0,0.0,0.0,B-Game,13.0,4600.0,4.6,2.83,4.3,-4.05,0.94,20.1,11.71,4.37,--,18,41.500,-10,25.75
2022,6,njokud1,David Njoku,TE,CLE,NE,7.9,20,6.7,0.0,0.0,0.0,0.0,0.0,0.0,0.0,0.0,4.3,55.4,0.2,0.0,0.0,2.8,0.0,0.0,0.0,B-Game,11.4,4000.0,4.1,2.84,3.4,-3.88,0.85,19.0,11.71,4.75,--,8,43.000,-2.5,22.75
2022,6,evereg1,Gerald Everett,TE,LAC,DEN,4.7,9,6.1,0.0,0.0,0.0,0.0,0.0,0.0,0.0,0.0,3.2,39.7,0.4,0.0,0.0,2.0,0.0,0.0,0.0,C-Game,9.5,3700.0,2.7,2.56,1.6,-5.17,0.42,17.8,11.02,4.80,--,-,45.500,-4.5,25
2022,6,pittsk1,Kyle Pitts,TE,ATL,SF,2.4,2,5.1,0.0,0.0,0.0,0.0,0.0,0.0,0.0,0.0,3.0,40.3,0.2,0.0,0.0,2.0,0.0,0.0,0.0,C-Game,8.4,4200.0,0.7,1.99,1.5,-6.16,0.35,17.0,9.39,4.05,--,8,46.000,4.5,20.75
2022,6,smithi2,Irv Smith Jr.,TE,MIN,@MIA,9.8,26,4.6,0.0,0.0,0.0,0.0,0.0,0.0,0.0,0.0,2.8,30.3,0.3,0.0,0.0,1.6,0.0,0.0,0.0,C-Game,7.6,3200.0,1.8,2.39,0.7,-5.11,0.22,16.6,10.74,5.18,--,3,45.500,-3.000,24.25
2022,6,knoxd1,Dawson Knox,TE,BUF,@KC,8.3,22,4.5,0.0,0.0,0.0,0.0,0.0,0.0,0.0,0.0,2.9,25.8,0.3,0.0,0.0,1.5,0.0,0.0,0.0,C-Game,7.6,3400.0,1.4,2.24,0.7,-5.45,0.22,16.6,10.37,4.87,--,8,54.000,-2.500,28.25
2022,6,hursth1,Hayden Hurst,TE,CIN,@NO,3.4,5,4.4,0.0,0.0,0.0,0.0,0.0,0.0,0.0,0.0,3.7,29.5,0.3,0.0,0.0,1.7,0.0,0.0,0.0,C-Game,8.3,3300.0,2.3,2.53,1.3,-4.75,0.38,17.0,11.02,5.16,--,8,43.500,-3.000,23.25
2022,6,bellid1,Daniel Bellinger,TE,NYG,BAL,10.6,28,4.4,0.0,0.0,0.0,0.0,0.0,0.0,0.0,0.0,2.2,24.5,0.3,0.0,0.0,1.3,0.0,0.0,0.0,C-Game,6.7,3200.0,0.9,2.09,0.2,-5.60,0.07,15.9,10.12,4.98,--,1,45.500,5.5,20
2022,6,disslw1,Will Dissly,TE,SEA,ARI,11.2,31,4.3,0.0,0.0,0.0,0.0,0.0,0.0,0.0,0.0,2.5,26.1,0.3,0.0,0.0,1.4,0.0,0.0,0.0,C-Game,7.0,3100.0,1.4,2.27,0.5,-5.16,0.16,16.2,10.53,5.22,--,3,50.500,2.5,24
2022,6,tonyar1,Robert Tonyan,TE,GB,NYJ,5.0,11,4.3,0.0,0.0,0.0,0.0,0.0,0.0,0.0,0.0,3.3,26.7,0.3,0.0,0.0,1.6,0.0,0.0,0.0,C-Game,7.8,3600.0,1.3,2.17,1.0,-5.53,0.28,16.7,10.14,4.64,--,3,45.000,-7.5,26.25
2022,6,engrae1,Evan Engram,TE,JAX,@IND,9.6,25,4.3,0.0,0.0,0.0,0.0,0.0,0.0,0.0,0.0,3.9,33.6,0.2,0.0,0.0,1.9,0.0,0.0,0.0,C-Game,8.4,3500.0,2.0,2.39,1.6,-4.74,0.47,17.1,10.68,4.87,--,3,41.000,1.500,19.75
2022,6,conklt1,Tyler Conklin,TE,NYJ,@GB,6.8,17,4.1,0.0,0.0,0.0,0.0,0.0,0.0,0.0,0.0,3.4,31.3,0.2,0.0,0.0,1.8,0.0,0.0,0.0,C-Game,7.7,3400.0,1.5,2.27,1.2,-5.01,0.35,16.6,10.43,4.89,--,1,45.000,7.500,18.75
2022,6,henryh1,Hunter Henry,TE,NE,@CLE,4.8,10,4.0,0.0,0.0,0.0,0.0,0.0,0.0,0.0,0.0,2.2,27.5,0.2,0.0,0.0,1.4,0.0,0.0,0.0,C-Game,6.4,3100.0,0.8,2.07,0.3,-5.36,0.09,15.8,10.11,5.08,--,3,43.000,2.500,20.25
2022,6,gesicm1,Mike Gesicki,TE,MIA,MIN,6.5,16,4.0,0.0,0.0,0.0,0.0,0.0,0.0,0.0,0.0,2.6,28.6,0.2,0.0,0.0,1.5,0.0,0.0,0.0,C-Game,6.7,3100.0,1.1,2.17,0.5,-5.13,0.17,16.0,10.32,5.15,--,1,45.500,3,21.25
2022,6,aliecm1,Mo Alie-Cox,TE,IND,JAX,2.4,3,3.8,0.0,0.0,0.0,0.0,0.0,0.0,0.0,0.0,1.8,23.1,0.3,0.0,0.0,1.2,0.0,0.0,0.0,C-Game,5.7,3000.0,0.3,1.92,0.0,-5.46,0.00,15.3,9.85,5.10,--,1,41.000,-1.5,21.25
2022,6,bratec1,Cameron Brate,TE,TB,@PIT,7.4,18,3.6,0.0,0.0,0.0,0.0,0.0,0.0,0.0,0.0,2.5,24.8,0.2,0.0,0.0,1.4,0.0,0.0,0.0,C-Game,6.2,3300.0,0.2,1.89,0.4,-5.58,0.13,15.6,9.63,4.74,--,1,46.000,-9.500,27.75
2022,6,batesj1,John Bates,TE,WAS,@CHI,5.7,14,3.6,0.0,0.0,0.0,0.0,0.0,0.0,0.0,0.0,2.3,28.5,0.1,0.0,0.0,1.5,0.0,0.0,0.0,C-Game,6.1,2900.0,0.8,2.10,0.3,-4.95,0.11,15.5,10.24,5.35,--,-,38.500,-1.000,19.75
2022,6,fantn1,Noah Fant,TE,SEA,ARI,11.2,31,3.5,0.0,0.0,0.0,0.0,0.0,0.0,0.0,0.0,2.7,22.4,0.2,0.0,0.0,1.3,0.0,0.0,0.0,C-Game,6.3,3000.0,0.9,2.11,0.6,-4.90,0.19,15.7,10.26,5.24,--,1,50.500,2.5,24
2022,6,gentrz1,Zach Gentry,TE,PIT,TB,6.4,15,3.5,0.0,0.0,0.0,0.0,0.0,0.0,0.0,0.0,2.5,27.1,0.1,0.0,0.0,1.4,0.0,0.0,0.0,C-Game,6.2,2600.0,1.5,2.38,0.5,-4.27,0.18,15.6,10.87,6.00,--,8,46.000,9.5,18.25
2022,6,kmetc1,Cole Kmet,TE,CHI,WAS,5.0,12,3.3,0.0,0.0,0.0,0.0,0.0,0.0,0.0,0.0,2.8,23.8,0.2,0.0,0.0,1.4,0.0,0.0,0.0,C-Game,6.3,3100.0,0.6,2.03,0.6,-4.99,0.21,15.7,10.03,5.06,--,-,38.500,1,18.75
2022,6,saubee1,Eric Saubert,TE,DEN,@LAC,2.9,4,3.1,0.0,0.0,0.0,0.0,0.0,0.0,0.0,0.0,2.0,21.7,0.2,0.0,0.0,1.2,0.0,0.0,0.0,C-Game,5.3,2500.0,0.7,2.11,0.1,-4.42,0.05,15.0,10.44,6.00,--,-,45.500,4.500,20.5
2022,6,gransk1,Kylen Granson,TE,IND,JAX,2.4,3,3.0,0.0,0.0,0.0,0.0,0.0,0.0,0.0,0.0,2.1,21.8,0.1,0.0,0.0,1.2,0.0,0.0,0.0,C-Game,5.2,2600.0,0.5,2.02,0.2,-4.54,0.07,15.0,10.25,5.76,--,1,41.000,-1.5,21.25
2022,6,hendep1,Peyton Hendershot,TE,DAL,@PHI,5.1,13,2.7,0.0,0.0,0.0,0.0,0.0,0.0,0.0,0.0,1.7,21.0,0.1,0.0,0.0,1.1,0.0,0.0,0.0,C-Game,4.6,2500.0,0.0,1.83,0.0,-4.55,0.00,14.5,9.97,5.81,--,-,42.000,6.500,17.75
2022,6,johnsj16,Juwan Johnson,TE,NO,CIN,7.8,19,2.5,0.0,0.0,0.0,0.0,0.0,0.0,0.0,0.0,1.4,18.4,0.1,0.0,0.0,0.9,0.0,0.0,0.0,C-Game,4.0,2800.0,-1.1,1.41,0.0,-5.10,0.00,14.1,9.02,5.04,--,1,43.500,3,20.25
2022,6,thomai1,Ian Thomas,TE,CAR,@LAR,4.1,7,2.4,0.0,0.0,0.0,0.0,0.0,0.0,0.0,0.0,1.6,20.7,0.1,0.0,0.0,1.1,0.0,0.0,0.0,C-Game,4.2,2600.0,-0.6,1.60,0.0,-4.73,0.00,14.3,9.53,5.48,--,1,41.500,10.000,15.75
2022,6,likeli1,Isaiah Likely,TE,BAL,@NYG,8.5,23,2.4,0.0,0.0,0.0,0.0,0.0,0.0,0.0,0.0,1.8,16.3,0.1,0.0,0.0,0.9,0.0,0.0,0.0,C-Game,4.3,2800.0,-0.8,1.53,0.0,-5.10,0.00,14.3,9.25,5.12,--,1,45.500,-5.500,25.5
2022,6,trauta1,Adam Trautman,TE,NO,CIN,7.8,19,2.1,0.0,0.0,0.0,0.0,0.0,0.0,0.0,0.0,1.6,14.8,0.1,0.0,0.0,0.8,0.0,0.0,0.0,C-Game,3.8,3000.0,-1.7,1.26,0.0,-5.46,0.00,14.0,8.56,4.67,--,1,43.500,3,20.25
2022,6,bryanh2,Harrison Bryant,TE,CLE,NE,7.9,20,2.1,0.0,0.0,0.0,0.0,0.0,0.0,0.0,0.0,1.6,15.4,0.1,0.0,0.0,0.9,0.0,0.0,0.0,C-Game,3.8,2700.0,-1.2,1.39,0.0,-4.91,0.00,14.0,9.08,5.18,--,1,43.000,-2.5,22.75
2022,6,woodsj1,Jelani Woods,TE,IND,JAX,2.4,3,2.0,0.0,0.0,0.0,0.0,0.0,0.0,0.0,0.0,0.7,9.7,0.2,0.0,0.0,0.5,0.0,0.0,0.0,C-Game,2.8,2500.0,-1.8,1.11,0.0,-4.55,0.00,13.4,8.80,5.34,--,1,41.000,-1.5,21.25
2022,6,heywac1,Connor Heyward,TE,PIT,TB,6.4,15,1.8,0.0,0.0,0.0,0.0,0.0,0.0,0.0,0.0,1.5,13.6,0.1,0.0,0.0,0.8,0.0,0.0,0.0,C-Game,3.3,2500.0,-1.2,1.32,0.0,-4.55,0.00,13.7,9.15,5.48,--,1,46.000,9.5,18.25
2022,6,griffr2,Ryan Griffin,TE,CHI,WAS,5.0,12,1.7,0.0,0.0,0.0,0.0,0.0,0.0,0.0,0.0,1.1,13.8,0.1,0.0,0.0,0.7,0.0,0.0,0.0,C-Game,3.0,2500.0,-1.6,1.18,0.0,-4.55,0.00,13.5,8.91,5.38,--,-,38.500,1,18.75
2022,6,ferguj3,Jake Ferguson,TE,DAL,@PHI,5.1,13,1.7,0.0,0.0,0.0,0.0,0.0,0.0,0.0,0.0,1.5,13.3,0.1,0.0,0.0,0.8,0.0,0.0,0.0,C-Game,3.3,2500.0,-1.3,1.32,0.0,-4.55,0.00,13.7,9.15,5.48,--,-,42.000,6.500,17.75
2022,6,mundtj1,Johnny Mundt,TE,MIN,@MIA,9.8,26,1.6,0.0,0.0,0.0,0.0,0.0,0.0,0.0,0.0,1.6,13.2,0.1,0.0,0.0,0.8,0.0,0.0,0.0,C-Game,3.4,2500.0,-1.2,1.35,0.0,-4.55,0.00,13.8,9.21,5.50,--,1,45.500,-3.000,24.25
2022,6,mcbrit2,Trey McBride,TE,ARI,@SEA,23.5,32,1.6,0.0,0.0,0.0,0.0,0.0,0.0,0.0,0.0,1.2,13.6,0.0,0.0,0.0,0.7,0.0,0.0,0.0,C-Game,2.9,2500.0,-1.6,1.17,0.0,-4.55,0.00,13.4,8.89,5.38,--,1,50.500,-2.500,26.5
2022,6,smithj6,Jonnu Smith,TE,NE,@CLE,4.8,10,1.5,0.0,0.0,0.0,0.0,0.0,0.0,0.0,0.0,1.8,12.7,0.0,0.0,0.0,0.8,0.0,0.0,0.0,C-Game,3.3,2600.0,-1.4,1.28,0.0,-4.73,0.00,13.7,8.99,5.28,--,1,43.000,2.500,20.25
2022,6,parkic1,Colby Parkinson,TE,SEA,ARI,11.2,31,1.5,0.0,0.0,0.0,0.0,0.0,0.0,0.0,0.0,0.9,13.7,0.0,0.0,0.0,0.7,0.0,0.0,0.0,C-Game,2.4,2500.0,-2.1,0.97,0.0,-4.55,0.00,13.1,8.56,5.24,--,1,50.500,2.5,24
2022,6,ottonc1,Cade Otton,TE,TB,@PIT,7.4,18,1.4,0.0,0.0,0.0,0.0,0.0,0.0,0.0,0.0,1.1,9.6,0.1,0.0,0.0,0.6,0.0,0.0,0.0,C-Game,2.6,2900.0,-2.7,0.89,0.0,-5.28,0.00,13.2,7.95,4.56,--,1,46.000,-9.500,27.75
2022,6,trembt1,Tommy Tremble,TE,CAR,@LAR,4.1,7,1.4,0.0,0.0,0.0,0.0,0.0,0.0,0.0,0.0,1.3,11.4,0.0,0.0,0.0,0.7,0.0,0.0,0.0,C-Game,2.8,2500.0,-1.8,1.11,0.0,-4.55,0.00,13.4,8.81,5.34,--,1,41.500,10.000,15.75
2022,6,hudsot1,Tanner Hudson,TE,NYG,BAL,10.6,28,1.3,0.0,0.0,0.0,0.0,0.0,0.0,0.0,0.0,0.7,9.2,0.1,0.0,0.0,0.5,0.0,0.0,0.0,C-Game,2.0,2500.0,-2.6,0.79,0.0,-4.55,0.00,12.8,8.27,5.13,--,1,45.500,5.5,20
2022,6,grayn1,Noah Gray,TE,KC,BUF,1.6,1,1.2,0.0,0.0,0.0,0.0,0.0,0.0,0.0,0.0,1.0,11.5,0.0,0.0,0.0,0.6,0.0,0.0,0.0,C-Game,2.3,2900.0,-3.0,0.80,0.0,-5.28,0.00,13.0,7.76,4.50,--,1,54.000,2.5,25.75
2022,6,arnold1,Dan Arnold,TE,JAX,@IND,9.6,25,1.2,0.0,0.0,0.0,0.0,0.0,0.0,0.0,0.0,0.6,11.2,0.0,0.0,0.0,0.5,0.0,0.0,0.0,C-Game,1.9,2600.0,-2.9,0.72,0.0,-4.73,0.00,12.7,8.01,4.90,--,1,41.000,1.500,19.75
2022,6,okwuea1,Albert Okwuegbunam,TE,DEN,@LAC,2.9,4,1.2,0.0,0.0,0.0,0.0,0.0,0.0,0.0,0.0,1.1,12.0,0.0,0.0,0.0,0.6,0.0,0.0,0.0,C-Game,2.3,2800.0,-2.8,0.83,0.0,-5.10,0.00,13.0,7.95,4.66,--,-,45.500,4.500,20.5
2022,6,hessep1,Parker Hesse,TE,ATL,SF,2.4,2,1.2,0.0,0.0,0.0,0.0,0.0,0.0,0.0,0.0,0.9,9.1,0.0,0.0,0.0,0.5,0.0,0.0,0.0,C-Game,2.2,2500.0,-2.4,0.87,0.0,-4.55,0.00,13.0,8.41,5.18,--,1,46.000,4.5,20.75
2022,6,mckitt1,Tre McKitty,TE,LAC,DEN,4.7,9,1.1,0.0,0.0,0.0,0.0,0.0,0.0,0.0,0.0,0.7,8.2,0.1,0.0,0.0,0.4,0.0,0.0,0.0,C-Game,1.9,2500.0,-2.6,0.76,0.0,-4.55,0.00,12.8,8.23,5.11,--,-,45.500,-4.5,25
2022,6,blantk1,Kendall Blanton,TE,LAR,CAR,4.0,6,1.1,0.0,0.0,0.0,0.0,0.0,0.0,0.0,0.0,0.6,9.2,0.0,0.0,0.0,0.4,0.0,0.0,0.0,C-Game,1.7,2500.0,-2.8,0.69,0.0,-4.55,0.00,12.7,8.10,5.06,--,1,41.500,-10,25.75
2022,6,uzomac1,C.J. Uzomah,TE,NYJ,@GB,6.8,17,1.1,0.0,0.0,0.0,0.0,0.0,0.0,0.0,0.0,1.0,10.8,0.0,0.0,0.0,0.6,0.0,0.0,0.0,C-Game,2.1,2500.0,-2.4,0.85,0.0,-4.55,0.00,12.9,8.37,5.17,--,1,45.000,7.500,18.75
2022,6,firksa1,Anthony Firkser,TE,ATL,SF,2.4,2,1.0,0.0,0.0,0.0,0.0,0.0,0.0,0.0,0.0,0.7,8.1,0.0,0.0,0.0,0.4,0.0,0.0,0.0,C-Game,1.8,2500.0,-2.8,0.70,0.0,-4.55,0.00,12.7,8.13,5.07,--,1,46.000,4.5,20.75
2022,6,deguaj1,Josiah Deguara,TE,GB,NYJ,5.0,11,1.0,0.0,0.0,0.0,0.0,0.0,0.0,0.0,0.0,1.0,10.2,0.0,0.0,0.0,0.6,0.0,0.0,0.0,C-Game,2.1,2500.0,-2.5,0.83,0.0,-4.55,0.00,12.9,8.33,5.15,--,1,45.000,-7.5,26.25
2022,6,rogera1,Armani Rogers,TE,WAS,@CHI,5.7,14,0.8,0.0,0.0,0.0,0.0,0.0,0.0,0.0,0.0,0.4,5.2,0.1,0.0,0.0,0.3,0.0,0.0,0.0,C-Game,1.3,2500.0,-3.3,0.51,0.0,-4.55,0.00,12.4,7.81,4.94,--,-,38.500,-1.000,19.75
2022,6,becka1,Andrew Beck,TE,DEN,@LAC,2.9,4,0.7,0.0,0.0,0.0,0.0,0.0,0.0,0.0,0.0,0.4,7.2,0.0,0.0,0.0,0.3,0.0,0.0,0.0,C-Game,1.2,2500.0,-3.4,0.47,0.0,-4.55,0.00,12.3,7.75,4.92,--,-,45.500,4.500,20.5
2022,6,davist4,Tyler Davis,TE,GB,NYJ,5.0,11,0.6,0.0,0.0,0.0,0.0,0.0,0.0,0.0,0.0,0.8,6.3,0.0,0.0,0.0,0.4,0.0,0.0,0.0,C-Game,1.4,2500.0,-3.1,0.58,0.0,-4.55,0.00,12.5,7.93,4.99,--,1,45.000,-7.5,26.25
2022,6,parhad1,Donald Parham,TE,LAC,DEN,4.7,9,0.5,0.0,0.0,0.0,0.0,0.0,0.0,0.0,0.0,0.6,5.5,0.0,0.0,0.0,0.3,0.0,0.0,0.0,C-Game,1.2,2500.0,-3.4,0.47,0.0,-4.55,0.00,12.3,7.75,4.92,--,-,45.500,-4.5,25
2022,6,sullis1,Stephen Sullivan,TE,CAR,@LAR,4.1,7,0.5,0.0,0.0,0.0,0.0,0.0,0.0,0.0,0.0,0.5,5.2,0.0,0.0,0.0,0.3,0.0,0.0,0.0,C-Game,1.0,2500.0,-3.5,0.41,0.0,-4.55,0.00,12.2,7.64,4.88,--,1,41.500,10.000,15.75
2022,6,myaric1,Chris Myarick,TE,NYG,BAL,10.6,28,0.5,0.0,0.0,0.0,0.0,0.0,0.0,0.0,0.0,0.7,4.1,0.0,0.0,0.0,0.3,0.0,0.0,0.0,C-Game,1.2,2500.0,-3.4,0.46,0.0,-4.55,0.00,12.3,7.74,4.92,--,1,45.500,5.5,20
2022,6,connet1,Tanner Conner,TE,MIA,MIN,6.5,16,0.5,0.0,0.0,0.0,0.0,0.0,0.0,0.0,0.0,0.6,3.6,0.0,0.0,0.0,0.2,0.0,0.0,0.0,C-Game,1.1,2500.0,-3.4,0.45,0.0,-4.55,0.00,12.3,7.72,4.91,--,-,45.500,3,21.25
2022,6,fortsj1,Jody Fortson,TE,KC,BUF,1.6,1,0.5,0.0,0.0,0.0,0.0,0.0,0.0,0.0,0.0,0.4,2.9,0.0,0.0,0.0,0.2,0.0,0.0,0.0,C-Game,0.8,2500.0,-3.7,0.34,0.0,-4.55,0.00,12.1,7.53,4.83,--,1,54.000,2.5,25.75
2022,6,olivej1,Josh Oliver,TE,BAL,@NYG,8.5,23,0.4,0.0,0.0,0.0,0.0,0.0,0.0,0.0,0.0,0.4,2.3,0.0,0.0,0.0,0.2,0.0,0.0,0.0,C-Game,0.8,2500.0,-3.7,0.34,0.0,-4.55,0.00,12.1,7.53,4.83,--,1,45.500,-5.500,25.5
2022,6,manhec1,Chris Manhertz,TE,JAX,@IND,9.6,25,0.4,0.0,0.0,0.0,0.0,0.0,0.0,0.0,0.0,0.6,3.7,0.0,0.0,0.0,0.2,0.0,0.0,0.0,C-Game,1.0,2500.0,-3.5,0.40,0.0,-4.55,0.00,12.2,7.63,4.87,--,1,41.000,1.500,19.75
2022,6,wescot1,Trevon Wesco,TE,CHI,WAS,5.0,12,0.4,0.0,0.0,0.0,0.0,0.0,0.0,0.0,0.0,0.5,3.7,0.0,0.0,0.0,0.2,0.0,0.0,0.0,C-Game,0.9,2500.0,-3.7,0.35,0.0,-4.55,0.00,12.1,7.54,4.84,--,-,38.500,1,18.75
2022,6,turnec2,Cole Turner,TE,WAS,@CHI,5.7,14,0.3,0.0,0.0,0.0,0.0,0.0,0.0,0.0,0.0,0.2,2.6,0.0,0.0,0.0,0.1,0.0,0.0,0.0,C-Game,0.6,2500.0,-4.0,0.22,0.0,-4.55,0.00,11.9,7.34,4.76,--,-,38.500,-1.000,19.75
2022,6,holtzj1,J.P. Holtz,TE,NO,CIN,7.8,19,0.3,0.0,0.0,0.0,0.0,0.0,0.0,0.0,0.0,0.4,1.8,0.0,0.0,0.0,0.1,0.0,0.0,0.0,C-Game,0.7,2500.0,-3.8,0.28,0.0,-4.55,0.00,12.0,7.44,4.79,--,-,43.500,3,20.25
2022,6,wilcom1,Mitchell Wilcox,TE,CIN,@NO,3.4,5,0.3,0.0,0.0,0.0,0.0,0.0,0.0,0.0,0.0,0.2,2.6,0.0,0.0,0.0,0.1,0.0,0.0,0.0,C-Game,0.5,2500.0,-4.0,0.20,0.0,-4.55,0.00,11.8,7.30,4.74,--,1,43.500,-3.000,23.25
2022,6,stollj1,Jack Stoll,TE,PHI,DAL,4.2,8,0.2,0.0,0.0,0.0,0.0,0.0,0.0,0.0,0.0,0.3,2.4,0.0,0.0,0.0,0.1,0.0,0.0,0.0,C-Game,0.6,2500.0,-4.0,0.23,0.0,-4.55,0.00,11.9,7.34,4.76,--,-,42.000,-6.5,24.25
2022,6,calcag1,Grant Calcaterra,TE,PHI,DAL,4.2,8,0.2,0.0,0.0,0.0,0.0,0.0,0.0,0.0,0.0,0.2,1.2,0.0,0.0,0.0,0.1,0.0,0.0,0.0,C-Game,0.4,2500.0,-4.1,0.17,0.0,-4.55,0.00,11.8,7.26,4.72,--,-,42.000,-6.5,24.25
2022,6,ARI,Arizona Cardinals,DEF,ARI,@SEA,6.1,15,,,,,,,,,,,,,,,,,,,,6.4,3300.0,-2.0,1.94,1.9,-6.56,0.56,11.0,2.54,3.32,--,3,50.500,-2.500,26.5
2022,6,ATL,Atlanta Falcons,DEF,ATL,SF,7.7,20,,,,,,,,,,,,,,,,,,,,5.3,2500.0,-1.1,2.11,1.5,-4.85,0.61,9.0,2.64,3.61,--,3,46.000,4.5,20.75
2022,6,BAL,Baltimore Ravens,DEF,BAL,@NYG,5.3,8,,,,,,,,,,,,,,,,,,,,7.0,3600.0,-2.1,1.96,2.0,-7.14,0.57,12.0,2.87,3.35,--,3,45.500,-5.500,25.5
2022,6,BUF,Buffalo Bills,DEF,BUF,@KC,3.5,3,,,,,,,,,,,,,,,,,,,,6.1,2700.0,-0.7,2.28,1.8,-5.10,0.66,10.5,3.63,3.89,--,3,54.000,-2.500,28.25
2022,6,CAR,Carolina Panthers,DEF,CAR,@LAR,14.1,32,,,,,,,,,,,,,,,,,,,,5.9,2400.0,-0.2,2.45,1.7,-4.41,0.71,10.1,3.95,4.20,--,18,41.500,10.000,15.75
2022,6,CHI,Chicago Bears,DEF,CHI,WAS,9.1,24,,,,,,,,,,,,,,,,,,,,6.9,3300.0,-1.5,2.10,2.0,-6.40,0.61,11.9,3.44,3.59,--,-,38.500,1,18.75
2022,6,CIN,Cincinnati Bengals,DEF,CIN,@NO,12.8,31,,,,,,,,,,,,,,,,,,,,6.2,3100.0,-1.7,2.00,1.8,-6.11,0.58,10.6,2.69,3.42,--,8,43.500,-3.000,23.25
2022,6,CLE,Cleveland Browns,DEF,CLE,NE,9.6,27,,,,,,,,,,,,,,,,,,,,6.7,3500.0,-2.3,1.90,1.9,-6.99,0.55,11.4,2.47,3.26,--,1,43.000,-2.5,22.75
2022,6,DAL,Dallas Cowboys,DEF,DAL,@PHI,5.7,11,,,,,,,,,,,,,,,,,,,,5.6,2700.0,-1.3,2.07,1.6,-5.26,0.60,9.6,2.68,3.54,--,-,42.000,6.500,17.75
2022,6,DEN,Denver Broncos,DEF,DEN,@LAC,5.1,6,,,,,,,,,,,,,,,,,,,,5.0,2500.0,-1.4,2.01,1.5,-4.92,0.58,8.6,2.20,3.43,--,-,45.500,4.500,20.5
2022,6,GB,Green Bay Packers,DEF,GB,NYJ,9.5,26,,,,,,,,,,,,,,,,,,,,8.0,4000.0,-2.2,1.99,2.3,-7.89,0.58,13.6,3.40,3.40,--,3,45.000,-7.5,26.25
2022,6,IND,Indianapolis Colts,DEF,IND,JAX,6.1,14,,,,,,,,,,,,,,,,,,,,6.6,3200.0,-1.6,2.05,1.9,-6.26,0.59,11.2,3.05,3.50,--,8,41.000,-1.5,21.25
2022,6,JAX,Jacksonville Jaguars,DEF,JAX,@IND,12.0,30,,,,,,,,,,,,,,,,,,,,7.1,3000.0,-0.6,2.35,2.0,-5.60,0.68,12.1,4.42,4.02,--,13,41.000,1.500,19.75
2022,6,KC,Kansas City Chiefs,DEF,KC,BUF,5.6,10,,,,,,,,,,,,,,,,,,,,5.5,2500.0,-0.9,2.21,1.6,-4.78,0.64,9.4,3.06,3.77,--,3,54.000,2.5,25.75
2022,6,LAC,Los Angeles Chargers,DEF,LAC,DEN,10.3,29,,,,,,,,,,,,,,,,,,,,6.9,3100.0,-1.0,2.21,2.0,-5.92,0.64,11.7,3.82,3.78,--,-,45.500,-4.5,25
2022,6,LAR,Los Angeles Rams,DEF,LAR,CAR,9.8,28,,,,,,,,,,,,,,,,,,,,10.2,4100.0,-0.2,2.49,3.0,-7.49,0.72,17.5,7.02,4.26,--,8,41.500,-10,25.75
2022,6,MIA,Miami Dolphins,DEF,MIA,MIN,5.9,13,,,,,,,,,,,,,,,,,,,,5.6,2700.0,-1.3,2.06,1.6,-5.27,0.60,9.5,2.61,3.52,--,1,45.500,3,21.25
2022,6,MIN,Minnesota Vikings,DEF,MIN,@MIA,4.2,5,,,,,,,,,,,,,,,,,,,,7.0,3400.0,-1.7,2.06,2.0,-6.64,0.60,12.0,3.33,3.53,--,3,45.500,-3.000,24.25
2022,6,NE,New England Patriots,DEF,NE,@CLE,2.6,2,,,,,,,,,,,,,,,,,,,,6.4,2900.0,-0.9,2.22,1.9,-5.53,0.64,11.0,3.63,3.80,--,3,43.000,2.500,20.25
2022,6,NO,New Orleans Saints,DEF,NO,CIN,7.6,19,,,,,,,,,,,,,,,,,,,,6.3,2800.0,-0.9,2.24,1.8,-5.32,0.65,10.7,3.61,3.84,--,13,43.500,3,20.25
2022,6,NYG,New York Giants,DEF,NYG,BAL,2.3,1,,,,,,,,,,,,,,,,,,,,5.5,2600.0,-1.1,2.12,1.6,-5.03,0.61,9.4,2.78,3.62,--,3,45.500,5.5,20
2022,6,NYJ,New York Jets,DEF,NYJ,@GB,6.9,18,,,,,,,,,,,,,,,,,,,,4.4,2600.0,-2.2,1.70,1.3,-5.35,0.49,7.5,0.92,2.90,--,1,45.000,7.500,18.75
2022,6,PHI,Philadelphia Eagles,DEF,PHI,DAL,4.0,4,,,,,,,,,,,,,,,,,,,,8.2,3000.0,0.5,2.73,2.4,-5.27,0.79,14.0,6.37,4.67,--,-,42.000,-6.5,24.25
2022,6,PIT,Pittsburgh Steelers,DEF,PIT,TB,5.2,7,,,,,,,,,,,,,,,,,,,,4.5,2400.0,-1.6,1.87,1.3,-4.82,0.54,7.7,1.57,3.20,--,1,46.000,9.5,18.25
2022,6,SEA,Seattle Seahawks,DEF,SEA,ARI,5.3,9,,,,,,,,,,,,,,,,,,,,5.4,2800.0,-1.7,1.94,1.6,-5.56,0.56,9.3,2.16,3.32,--,3,50.500,2.5,24
2022,6,SF,San Francisco 49ers,DEF,SF,@ATL,6.4,16,,,,,,,,,,,,,,,,,,,,7.4,3700.0,-2.0,2.01,2.2,-7.28,0.58,12.7,3.27,3.43,--,3,46.000,-4.500,25.25
2022,6,TB,Tampa Bay Buccaneers,DEF,TB,@PIT,8.5,22,,,,,,,,,,,,,,,,,,,,8.4,3900.0,-1.5,2.16,2.4,-7.50,0.63,14.4,4.46,3.69,--,3,46.000,-9.500,27.75
2022,6,WAS,Washington Commanders,DEF,WAS,@CHI,8.8,23,,,,,,,,,,,,,,,,,,,,7.0,3200.0,-1.1,2.19,2.0,-6.13,0.64,12.0,3.84,3.75,--,-,38.500,-1.000,19.75
