Season,Week,PID,Player,Pos,Team,Opp,aFPA,aFPA Rk,FFPts,Comp,Pass Att,Pass Yds,Pass TD,INT,Rush Att,Rush Yds,Rush TD,Rec,Rec Yds,Rec TD,Pa1D,Ru1D,Rec1D,Fum,XP,FG,Grade,FD (Proj),FD ($),FD (Val),FD (Pt/$1k),FD (Flr),FD (Flr Val),FD (Flr/$1k),FD (Ceil),FD (Ceil Val),FD (Ceil/$1k),FD (Wk $ Chg),FD (Own %),O/U,Line,Team O/U
2022,6,allenj3,Josh Allen,QB,BUF,@KC,21.8,31,26.4,25.7,38.4,303.6,2.1,0.8,7.6,44.8,0.6,0.0,0.0,0.0,14.6,2.9,0.0,0.3,0.0,0.0,A-Game,27.1,9200.0,7.7,2.95,14.3,-5.12,1.55,37.7,18.28,4.10,--,23,54.000,-2.500,28.25
2022,6,jacksl1,Lamar Jackson,QB,BAL,@NYG,19.1,22,23.9,20.2,31.7,232.5,1.7,0.8,10.5,68.3,0.5,0.0,0.0,0.0,11.3,4.4,0.0,0.2,0.0,0.0,A-Game,24.7,8800.0,6.2,2.81,12.9,-5.66,1.47,36.3,17.76,4.13,--,8,45.500,-5.500,25.5
2022,6,hurtsj1,Jalen Hurts,QB,PHI,DAL,10.8,5,22.4,20.9,32.1,244.3,1.0,0.7,11.9,53.0,0.8,0.0,0.0,0.0,11.8,3.4,0.0,0.2,0.0,0.0,A-Game,23.0,8700.0,4.7,2.65,11.2,-7.14,1.29,34.3,15.89,3.94,--,-,42.000,-6.5,24.25
2022,6,murrak1,Kyler Murray,QB,ARI,@SEA,21.4,29,22.1,24.7,37.7,271.3,1.7,0.7,5.6,26.5,0.6,0.0,0.0,0.0,13.3,1.7,0.0,0.2,0.0,0.0,A-Game,22.8,8300.0,5.3,2.75,10.3,-7.19,1.24,33.7,16.18,4.06,--,8,50.500,-2.500,26.5
2022,6,mahomp1,Patrick Mahomes,QB,KC,BUF,7.8,2,19.4,24.7,36.8,288.3,1.8,0.8,3.7,18.9,0.1,0.0,0.0,0.0,13.9,1.2,0.0,0.3,0.0,0.0,A-Game,20.2,8600.0,2.1,2.35,9.3,-8.81,1.09,31.5,13.38,3.67,--,8,54.000,2.5,25.75
2022,6,bradyt1,Tom Brady,QB,TB,@PIT,19.4,24,17.5,24.6,37.4,275.7,1.9,0.5,0.4,0.8,0.0,0.0,0.0,0.0,13.4,0.1,0.0,0.2,0.0,0.0,A-Game,18.1,7500.0,2.2,2.41,8.9,-6.93,1.19,29.2,13.35,3.89,--,13,46.000,-9.500,27.75
2022,6,herbej1,Justin Herbert,QB,LAC,DEN,11.2,7,17.3,24.2,36.7,273.6,1.8,0.7,1.4,5.3,0.1,0.0,0.0,0.0,13.3,0.3,0.0,0.2,0.0,0.0,A-Game,18.0,8200.0,0.7,2.20,8.2,-9.12,1.00,29.3,12.02,3.58,--,-,45.500,-4.5,25
2022,6,burroj1,Joe Burrow,QB,CIN,@NO,16.1,15,17.3,23.1,35.8,256.9,1.6,0.8,3.7,11.9,0.2,0.0,0.0,0.0,12.5,0.8,0.0,0.2,0.0,0.0,A-Game,18.0,8000.0,1.2,2.25,7.2,-9.66,0.90,29.6,12.73,3.70,--,3,43.500,-3.000,23.25
2022,6,smithg1,Geno Smith,QB,SEA,ARI,18.4,20,17.2,22.1,33.3,249.0,1.7,0.8,2.9,13.0,0.2,0.0,0.0,0.0,12.1,0.8,0.0,0.2,0.0,0.0,A-Game,18.1,7400.0,2.4,2.44,7.2,-8.41,0.97,29.8,14.16,4.02,--,8,50.500,2.5,24
2022,6,rodgea1,Aaron Rodgers,QB,GB,NYJ,12.8,8,17.2,22.3,33.8,253.9,1.9,0.3,1.1,3.0,0.1,0.0,0.0,0.0,12.3,0.2,0.0,0.2,0.0,0.0,A-Game,17.5,7500.0,1.7,2.33,8.1,-7.75,1.08,28.6,12.82,3.82,--,3,45.000,-7.5,26.25
2022,6,cousik1,Kirk Cousins,QB,MIN,@MIA,19.2,23,16.1,23.5,36.1,263.3,1.7,0.8,1.3,4.9,0.0,0.0,0.0,0.0,12.8,0.3,0.0,0.2,0.0,0.0,B-Game,16.8,7600.0,0.8,2.22,7.6,-8.44,1.00,28.5,12.42,3.74,--,3,45.500,-3.000,24.25
2022,6,staffm1,Matthew Stafford,QB,LAR,CAR,16.6,17,15.7,23.6,36.2,263.3,1.8,1.0,0.9,2.6,0.0,0.0,0.0,0.0,12.8,0.2,0.0,0.2,0.0,0.0,B-Game,16.8,7200.0,1.6,2.33,7.8,-7.40,1.08,28.5,13.33,3.96,--,8,41.500,-10,25.75
2022,6,wilsor1,Russell Wilson,QB,DEN,@LAC,17.1,18,15.7,21.2,34.3,240.8,1.3,0.8,3.8,14.5,0.2,0.0,0.0,0.0,11.7,0.9,0.0,0.3,0.0,0.0,B-Game,16.5,7000.0,1.7,2.35,5.7,-9.07,0.81,28.5,13.69,4.07,--,-,45.500,4.500,20.5
2022,6,jonesd4,Daniel Jones,QB,NYG,BAL,21.0,27,14.9,18.7,29.1,204.3,1.3,0.9,6.1,30.6,0.1,0.0,0.0,0.0,10.0,2.0,0.0,0.3,0.0,0.0,B-Game,15.8,6800.0,1.4,2.32,6.1,-8.23,0.90,28.4,14.06,4.18,--,3,45.500,5.5,20
2022,6,garopj1,Jimmy Garoppolo,QB,SF,@ATL,21.2,28,14.6,19.7,31.5,232.1,1.5,0.7,0.7,2.0,0.2,0.0,0.0,0.0,11.2,0.1,0.0,0.2,0.0,0.0,B-Game,15.4,7100.0,0.4,2.16,6.0,-8.99,0.84,27.1,12.16,3.82,--,3,46.000,-4.500,25.25
2022,6,wentzc1,Carson Wentz,QB,WAS,@CHI,18.9,21,14.6,21.0,35.5,258.8,1.3,1.0,3.4,15.2,0.0,0.0,0.0,0.0,12.3,1.0,0.0,0.3,0.0,0.0,B-Game,15.6,7300.0,0.2,2.14,6.0,-9.42,0.82,27.8,12.44,3.81,--,-,38.500,-1.000,19.75
2022,6,fieldj1,Justin Fields,QB,CHI,WAS,19.5,25,14.6,15.9,25.8,183.4,1.1,0.8,6.0,35.6,0.3,0.0,0.0,0.0,8.9,2.3,0.0,0.2,0.0,0.0,B-Game,15.4,6600.0,1.5,2.34,5.4,-8.54,0.82,28.1,14.19,4.26,--,-,38.500,1,18.75
2022,6,lawret1,Trevor Lawrence,QB,JAX,@IND,15.6,13,14.3,22.8,36.9,248.6,1.3,0.8,1.9,7.2,0.1,0.0,0.0,0.0,12.2,0.5,0.0,0.3,0.0,0.0,B-Game,15.2,7100.0,0.2,2.14,5.8,-9.22,0.81,27.2,12.25,3.84,--,3,41.000,1.500,19.75
2022,6,wilsoz1,Zach Wilson,QB,NYJ,@GB,14.4,11,14.3,22.0,37.1,240.9,1.3,1.1,1.9,12.8,0.1,0.0,0.0,0.0,11.8,0.8,0.0,0.3,0.0,0.0,B-Game,15.3,6700.0,1.2,2.29,5.4,-8.71,0.81,27.7,13.60,4.14,--,3,45.000,7.500,18.75
2022,6,mariom1,Marcus Mariota,QB,ATL,SF,10.5,4,13.5,16.9,27.2,201.4,1.0,0.9,4.7,22.0,0.3,0.0,0.0,0.0,9.7,1.4,0.0,0.3,0.0,0.0,C-Game,14.4,6800.0,0.1,2.12,4.5,-9.84,0.66,27.1,12.72,3.98,--,3,46.000,4.5,20.75
2022,6,brissj1,Jacoby Brissett,QB,CLE,NE,16.0,14,13.4,18.7,29.0,205.1,1.0,0.6,4.9,19.8,0.2,0.0,0.0,0.0,10.0,1.3,0.0,0.3,0.0,0.0,C-Game,14.1,6600.0,0.1,2.13,4.5,-9.42,0.68,26.5,12.58,4.02,--,1,43.000,-2.5,22.75
2022,6,ryanm1,Matt Ryan,QB,IND,JAX,10.9,6,13.4,22.2,35.4,242.7,1.4,1.1,0.7,2.1,0.1,0.0,0.0,0.0,11.9,0.1,0.0,0.2,0.0,0.0,C-Game,14.5,6900.0,-0.0,2.11,5.7,-8.83,0.83,26.8,12.25,3.89,--,1,41.000,-1.5,21.25
2022,6,pickek1,Kenny Pickett,QB,PIT,TB,14.9,12,13.3,20.9,34.3,226.1,1.2,1.1,3.0,14.0,0.2,0.0,0.0,0.0,11.1,0.9,0.0,0.3,0.0,0.0,C-Game,14.4,6500.0,0.7,2.21,4.5,-9.23,0.69,27.0,13.30,4.16,--,3,46.000,9.5,18.25
2022,6,thomps1,Skylar Thompson,QB,MIA,MIN,16.4,16,13.3,21.6,35.0,238.1,1.2,0.9,1.8,7.7,0.1,0.0,0.0,0.0,11.6,0.5,0.0,0.3,0.0,0.0,C-Game,14.2,6300.0,0.9,2.26,5.1,-8.17,0.81,26.6,13.34,4.23,--,3,45.500,3,21.25
2022,6,zappeb1,Bailey Zappe,QB,NE,@CLE,17.6,19,12.3,19.5,30.5,211.9,1.3,0.9,1.2,5.6,0.1,0.0,0.0,0.0,10.4,0.4,0.0,0.2,0.0,0.0,C-Game,13.3,6300.0,-0.0,2.11,4.6,-8.71,0.73,25.8,12.55,4.10,--,1,43.000,2.500,20.25
2022,6,rushc1,Cooper Rush,QB,DAL,@PHI,7.8,1,12.1,19.7,31.8,221.0,1.2,0.8,2.0,5.5,0.0,0.0,0.0,0.0,10.8,0.4,0.0,0.3,0.0,0.0,C-Game,13.0,6500.0,-0.7,2.00,4.5,-9.19,0.70,25.5,11.78,3.92,--,-,42.000,6.500,17.75
2022,6,daltoa1,Andy Dalton,QB,NO,CIN,10.3,3,10.6,15.1,23.7,184.4,1.1,0.6,1.4,4.5,0.0,0.0,0.0,0.0,8.8,0.3,0.0,0.2,0.0,0.0,C-Game,11.3,6400.0,-2.3,1.76,3.3,-10.17,0.52,23.9,10.42,3.74,--,1,43.500,3,20.25
2022,6,walkep1,P.J. Walker,QB,CAR,@LAR,13.1,9,10.0,19.0,32.7,206.9,0.9,1.0,1.6,4.7,0.0,0.0,0.0,0.0,10.2,0.3,0.0,0.3,0.0,0.0,C-Game,11.0,6300.0,-2.3,1.74,3.8,-9.48,0.61,24.0,10.72,3.81,--,3,41.500,10.000,15.75
2022,6,chubbn1,Nick Chubb,RB,CLE,NE,14.0,4,17.2,0.0,0.0,0.0,0.0,0.0,19.6,100.0,1.1,1.1,7.2,0.1,0.0,5.0,0.3,0.1,0.0,0.0,A-Game,17.8,9500.0,7.0,1.87,7.0,-3.87,0.73,24.9,14.09,2.62,--,8,43.000,-2.5,22.75
2022,6,barkls1,Saquon Barkley,RB,NYG,BAL,15.8,12,17.1,0.0,0.0,0.0,0.0,0.0,19.8,84.3,0.7,3.8,33.7,0.3,0.0,4.2,1.5,0.2,0.0,0.0,A-Game,19.1,8800.0,9.0,2.17,7.8,-2.26,0.88,26.0,16.01,2.96,--,13,45.500,5.5,20
2022,6,ekelea1,Austin Ekeler,RB,LAC,DEN,15.0,5,16.3,0.0,0.0,0.0,0.0,0.0,15.4,67.0,0.6,5.7,39.7,0.4,0.0,3.4,1.8,0.1,0.0,0.0,A-Game,19.2,9200.0,8.7,2.08,7.7,-2.75,0.84,26.0,15.52,2.83,--,-,45.500,-4.5,25
2022,6,kamara1,Alvin Kamara,RB,NO,CIN,16.2,14,15.4,0.0,0.0,0.0,0.0,0.0,20.1,70.1,0.5,4.1,42.4,0.3,0.0,3.5,1.9,0.2,0.0,0.0,A-Game,17.5,8100.0,8.2,2.16,6.9,-2.37,0.85,24.8,15.56,3.06,--,8,43.500,3,20.25
2022,6,stever1,Rhamondre Stevenson,RB,NE,@CLE,25.7,30,15.3,0.0,0.0,0.0,0.0,0.0,18.9,88.4,0.6,3.5,25.4,0.1,0.0,4.4,1.2,0.2,0.0,0.0,A-Game,17.0,7500.0,8.5,2.27,6.8,-1.80,0.90,24.4,15.89,3.26,--,23,43.000,2.500,20.25
2022,6,mccafc1,Christian McCaffrey,RB,CAR,@LAR,11.8,2,15.0,0.0,0.0,0.0,0.0,0.0,17.8,75.1,0.4,5.5,40.4,0.2,0.0,3.8,1.9,0.2,0.0,0.0,A-Game,17.7,8700.0,7.8,2.04,7.7,-2.25,0.88,25.1,15.16,2.88,--,13,41.500,10.000,15.75
2022,6,fournl1,Leonard Fournette,RB,TB,@PIT,15.8,11,13.9,0.0,0.0,0.0,0.0,0.0,18.9,63.6,0.5,4.6,37.2,0.2,0.0,3.2,1.7,0.1,0.0,0.0,B-Game,16.2,8500.0,6.5,1.90,6.1,-3.58,0.72,23.7,13.98,2.78,--,13,46.000,-9.500,27.75
2022,6,cookd1,Dalvin Cook,RB,MIN,@MIA,22.7,27,13.9,0.0,0.0,0.0,0.0,0.0,18.5,82.4,0.7,2.4,14.5,0.1,0.0,4.1,0.7,0.1,0.0,0.0,B-Game,15.1,8300.0,5.6,1.82,4.9,-4.54,0.59,22.8,13.33,2.75,--,3,45.500,-3.000,24.25
2022,6,jonesa2,Aaron Jones,RB,GB,NYJ,20.2,24,13.2,0.0,0.0,0.0,0.0,0.0,14.1,66.5,0.5,3.2,25.4,0.2,0.0,3.3,1.2,0.1,0.0,0.0,B-Game,14.9,7300.0,6.5,2.03,4.9,-3.45,0.67,22.6,14.25,3.09,--,13,45.000,-7.5,26.25
2022,6,mixonj1,Joe Mixon,RB,CIN,@NO,16.9,17,13.0,0.0,0.0,0.0,0.0,0.0,17.5,67.8,0.5,3.2,23.1,0.2,0.0,3.4,1.1,0.1,0.0,0.0,B-Game,14.6,7800.0,5.7,1.87,4.8,-4.11,0.61,22.4,13.56,2.88,--,13,43.500,-3.000,23.25
2022,6,hallb1,Breece Hall,RB,NYJ,@GB,16.5,16,12.4,0.0,0.0,0.0,0.0,0.0,15.0,65.6,0.4,3.0,32.5,0.1,0.0,3.3,1.5,0.2,0.0,0.0,B-Game,13.9,7100.0,5.8,1.95,5.3,-2.83,0.74,21.9,13.84,3.09,--,8,45.000,7.500,18.75
2022,6,wilsoj2,Jeff Wilson,RB,SF,@ATL,19.7,22,11.8,0.0,0.0,0.0,0.0,0.0,18.9,84.8,0.4,1.7,12.8,0.0,0.0,4.3,0.6,0.1,0.0,0.0,B-Game,12.6,7200.0,4.4,1.75,4.8,-3.41,0.67,20.9,12.73,2.91,--,8,46.000,-4.500,25.25
2022,6,walkek1,Ken Walker,RB,SEA,ARI,17.7,18,11.7,0.0,0.0,0.0,0.0,0.0,17.6,71.6,0.6,1.8,11.2,0.1,0.0,3.6,0.5,0.2,0.0,0.0,B-Game,12.6,6500.0,5.1,1.93,3.6,-3.81,0.55,20.8,13.44,3.21,--,23,50.500,2.5,24
2022,6,sandem1,Miles Sanders,RB,PHI,DAL,15.6,10,11.6,0.0,0.0,0.0,0.0,0.0,18.8,85.9,0.3,1.9,9.8,0.0,0.0,4.3,0.5,0.1,0.0,0.0,B-Game,12.6,7600.0,3.9,1.65,4.6,-4.03,0.61,20.8,12.18,2.74,--,-,42.000,-6.5,24.25
2022,6,hended3,Darrell Henderson,RB,LAR,CAR,20.4,25,11.4,0.0,0.0,0.0,0.0,0.0,14.0,59.8,0.6,2.4,15.8,0.1,0.0,3.0,0.7,0.1,0.0,0.0,B-Game,12.6,5700.0,6.1,2.21,3.2,-3.30,0.56,20.7,14.24,3.64,--,28,41.500,-10,25.75
2022,6,montgd1,David Montgomery,RB,CHI,WAS,15.4,8,11.0,0.0,0.0,0.0,0.0,0.0,14.2,58.7,0.4,3.0,21.1,0.1,0.0,2.9,1.0,0.1,0.0,0.0,B-Game,12.5,6600.0,5.0,1.89,3.8,-3.72,0.58,20.8,13.24,3.15,--,-,38.500,1,18.75
2022,6,moster1,Raheem Mostert,RB,MIA,MIN,17.7,19,10.8,0.0,0.0,0.0,0.0,0.0,14.5,60.5,0.6,1.4,10.7,0.0,0.0,3.0,0.5,0.1,0.0,0.0,B-Game,11.5,6500.0,4.1,1.77,2.7,-4.75,0.41,19.9,12.53,3.07,--,8,45.500,3,21.25
2022,6,benjae1,Eno Benjamin,RB,ARI,@SEA,22.7,28,10.6,0.0,0.0,0.0,0.0,0.0,13.6,53.0,0.5,3.0,21.7,0.1,0.0,2.7,1.0,0.1,0.0,0.0,B-Game,12.1,6300.0,4.9,1.92,3.4,-3.81,0.54,20.4,13.21,3.24,--,28,50.500,-2.500,26.5
2022,6,gordom1,Melvin Gordon,RB,DEN,@LAC,23.0,29,10.6,0.0,0.0,0.0,0.0,0.0,15.1,58.6,0.4,3.0,19.3,0.1,0.0,2.9,0.9,0.1,0.0,0.0,B-Game,12.1,6800.0,4.3,1.77,3.6,-4.13,0.53,20.4,12.68,3.01,--,-,45.500,4.500,20.5
2022,6,edwarc1,Clyde Edwards-Helaire,RB,KC,BUF,18.2,20,10.4,0.0,0.0,0.0,0.0,0.0,9.6,37.3,0.4,3.1,28.8,0.3,0.0,1.9,1.3,0.1,0.0,0.0,C-Game,12.0,7000.0,4.0,1.71,2.7,-5.26,0.39,20.3,12.27,2.89,--,3,54.000,2.5,25.75
2022,6,dobbij1,J.K. Dobbins,RB,BAL,@NYG,16.3,15,9.8,0.0,0.0,0.0,0.0,0.0,11.6,46.5,0.5,2.1,16.3,0.1,0.0,2.3,0.7,0.1,0.0,0.0,C-Game,10.9,6800.0,3.2,1.60,2.1,-5.69,0.30,19.4,11.64,2.85,--,3,45.500,-5.500,25.5
2022,6,robinj4,James Robinson,RB,JAX,@IND,15.1,6,9.7,0.0,0.0,0.0,0.0,0.0,13.6,52.7,0.5,1.6,9.9,0.1,0.0,2.6,0.5,0.1,0.0,0.0,C-Game,10.5,6700.0,2.9,1.57,2.0,-5.68,0.29,19.1,11.45,2.85,--,3,41.000,1.500,19.75
2022,6,dilloa1,A.J. Dillon,RB,GB,NYJ,20.2,24,9.6,0.0,0.0,0.0,0.0,0.0,12.1,46.8,0.5,1.9,17.8,0.1,0.0,2.3,0.8,0.1,0.0,0.0,C-Game,10.5,5900.0,3.8,1.78,2.1,-4.61,0.36,19.1,12.36,3.23,--,8,45.000,-7.5,26.25
2022,6,harrin1,Najee Harris,RB,PIT,TB,11.6,1,9.5,0.0,0.0,0.0,0.0,0.0,13.3,49.3,0.4,2.2,14.7,0.1,0.0,2.5,0.7,0.1,0.0,0.0,C-Game,10.6,6200.0,3.5,1.71,2.2,-4.87,0.35,19.2,12.17,3.10,--,8,46.000,9.5,18.25
2022,6,ellioe1,Ezekiel Elliott,RB,DAL,@PHI,15.2,7,9.2,0.0,0.0,0.0,0.0,0.0,15.0,57.4,0.4,1.6,11.0,0.1,0.0,2.9,0.5,0.1,0.0,0.0,C-Game,10.0,6200.0,2.9,1.61,2.4,-4.63,0.39,18.8,11.73,3.03,--,-,42.000,6.500,17.75
2022,6,singld1,Devin Singletary,RB,BUF,@KC,19.9,23,9.2,0.0,0.0,0.0,0.0,0.0,10.7,45.9,0.2,3.4,27.3,0.1,0.0,2.3,1.3,0.1,0.0,0.0,C-Game,10.9,5700.0,4.4,1.91,3.4,-3.06,0.60,19.5,12.96,3.41,--,13,54.000,-2.500,28.25
2022,6,robinb1,Brian Robinson,RB,WAS,@CHI,21.0,26,9.2,0.0,0.0,0.0,0.0,0.0,14.6,61.3,0.4,1.1,7.8,0.0,0.0,3.1,0.4,0.1,0.0,0.0,C-Game,9.7,5500.0,3.4,1.76,2.5,-3.79,0.45,18.5,12.26,3.37,--,-,38.500,-1.000,19.75
2022,6,jacksd7,Deon Jackson,RB,IND,JAX,18.6,21,8.7,0.0,0.0,0.0,0.0,0.0,10.0,34.8,0.3,3.7,27.9,0.1,0.0,1.7,1.3,0.1,0.0,0.0,C-Game,10.6,5600.0,4.2,1.88,2.7,-3.71,0.48,19.2,12.79,3.42,--,3,41.000,-1.5,21.25
2022,6,etient1,Travis Etienne,RB,JAX,@IND,15.1,6,8.7,0.0,0.0,0.0,0.0,0.0,10.4,43.8,0.1,2.6,29.8,0.1,0.0,2.2,1.4,0.1,0.0,0.0,C-Game,10.0,6400.0,2.7,1.57,3.1,-4.16,0.49,18.8,11.49,2.94,--,3,41.000,1.500,19.75
2022,6,huntk1,Kareem Hunt,RB,CLE,NE,14.0,4,8.7,0.0,0.0,0.0,0.0,0.0,9.2,38.9,0.3,2.8,18.5,0.2,0.0,1.9,0.9,0.1,0.0,0.0,C-Game,10.1,6000.0,3.2,1.68,1.9,-4.95,0.32,18.7,11.89,3.12,--,3,43.000,-2.5,22.75
2022,6,allget1,Tyler Allgeier,RB,ATL,SF,15.5,9,7.9,0.0,0.0,0.0,0.0,0.0,13.9,50.4,0.4,1.2,8.1,0.0,0.0,2.5,0.4,0.1,0.0,0.0,C-Game,8.5,5800.0,1.9,1.47,1.6,-4.99,0.28,17.6,11.00,3.04,--,3,46.000,4.5,20.75
2022,6,pollat1,Tony Pollard,RB,DAL,@PHI,15.2,7,7.9,0.0,0.0,0.0,0.0,0.0,8.7,44.8,0.3,1.8,14.4,0.1,0.0,2.2,0.7,0.1,0.0,0.0,C-Game,8.8,5700.0,2.3,1.54,1.7,-4.81,0.30,17.8,11.26,3.12,--,-,42.000,6.500,17.75
2022,6,lindsp1,Phillip Lindsay,RB,IND,JAX,18.6,21,6.7,0.0,0.0,0.0,0.0,0.0,10.3,33.4,0.3,1.8,13.3,0.1,0.0,1.7,0.6,0.1,0.0,0.0,C-Game,7.6,5400.0,1.5,1.41,0.7,-5.48,0.12,16.8,10.66,3.11,--,1,41.000,-1.5,21.25
2022,6,herbek1,Khalil Herbert,RB,CHI,WAS,15.4,8,6.1,0.0,0.0,0.0,0.0,0.0,7.9,41.2,0.2,1.0,8.3,0.0,0.0,2.1,0.4,0.1,0.0,0.0,C-Game,6.6,5800.0,-0.0,1.14,0.9,-5.71,0.15,16.0,9.40,2.76,--,-,38.500,1,18.75
2022,6,boonem1,Mike Boone,RB,DEN,@LAC,23.0,29,5.9,0.0,0.0,0.0,0.0,0.0,5.7,33.5,0.1,2.3,19.3,0.1,0.0,1.7,0.9,0.1,0.0,0.0,C-Game,7.1,5600.0,0.7,1.27,1.3,-5.05,0.24,16.4,10.03,2.93,--,-,45.500,4.500,20.5
2022,6,cartem2,Michael Carter,RB,NYJ,@GB,16.5,16,5.5,0.0,0.0,0.0,0.0,0.0,6.4,30.8,0.2,2.9,14.5,0.0,0.0,1.5,0.7,0.1,0.0,0.0,C-Game,7.0,5900.0,0.2,1.18,0.9,-5.79,0.16,16.3,9.59,2.77,--,1,45.000,7.500,18.75
2022,6,ingrak1,Keaontay Ingram,RB,ARI,@SEA,22.7,28,4.9,0.0,0.0,0.0,0.0,0.0,7.8,28.8,0.2,0.7,6.8,0.0,0.0,1.4,0.3,0.0,0.0,0.0,C-Game,5.3,4500.0,0.2,1.17,0.0,-5.13,0.00,14.9,9.78,3.31,--,1,50.500,-2.500,26.5
2022,6,mckisj1,J.D. McKissic,RB,WAS,@CHI,21.0,26,4.9,0.0,0.0,0.0,0.0,0.0,2.3,11.1,0.1,3.7,27.2,0.1,0.0,0.6,1.2,0.0,0.0,0.0,C-Game,6.7,5100.0,0.9,1.32,0.7,-5.11,0.14,16.1,10.24,3.15,--,-,38.500,-1.000,19.75
2022,6,whiter5,Rachaad White,RB,TB,@PIT,15.8,11,4.7,0.0,0.0,0.0,0.0,0.0,5.5,16.3,0.3,2.0,15.2,0.0,0.0,0.8,0.7,0.0,0.0,0.0,C-Game,5.7,5200.0,-0.2,1.09,0.0,-5.89,0.01,15.2,9.27,2.92,--,1,46.000,-9.500,27.75
2022,6,gibsoa1,Antonio Gibson,RB,WAS,@CHI,21.0,26,4.7,0.0,0.0,0.0,0.0,0.0,3.5,15.2,0.1,1.5,16.8,0.1,0.0,0.8,0.8,0.0,0.0,0.0,C-Game,5.4,6300.0,-1.8,0.86,0.0,-7.18,0.00,15.0,7.78,2.38,--,-,38.500,-1.000,19.75
2022,6,kellej2,Joshua Kelley,RB,LAC,DEN,15.0,5,4.5,0.0,0.0,0.0,0.0,0.0,4.9,17.0,0.1,1.9,13.7,0.1,0.0,0.9,0.6,0.0,0.0,0.0,C-Game,5.5,5100.0,-0.4,1.07,0.0,-5.79,0.00,15.0,9.21,2.95,--,-,45.500,-4.5,25
2022,6,mckinj1,Jerick McKinnon,RB,KC,BUF,18.2,20,4.4,0.0,0.0,0.0,0.0,0.0,4.1,16.5,0.1,1.7,13.0,0.1,0.0,0.8,0.6,0.0,0.0,0.0,C-Game,5.2,5500.0,-1.0,0.95,0.0,-6.27,0.00,14.9,8.58,2.70,--,1,54.000,2.5,25.75
2022,6,huntlc1,Caleb Huntley,RB,ATL,SF,15.5,9,4.1,0.0,0.0,0.0,0.0,0.0,6.7,31.9,0.2,0.0,0.0,0.0,0.0,1.6,0.0,0.1,0.0,0.0,C-Game,4.1,5500.0,-2.2,0.75,0.0,-6.27,0.00,14.0,7.73,2.55,--,1,46.000,4.5,20.75
2022,6,colemt1,Tevin Coleman,RB,SF,@ATL,19.7,22,4.0,0.0,0.0,0.0,0.0,0.0,3.8,16.2,0.2,1.4,9.3,0.1,0.0,0.8,0.4,0.0,0.0,0.0,C-Game,4.7,5700.0,-1.8,0.82,0.0,-6.50,0.00,14.4,7.87,2.52,--,1,46.000,-4.500,25.25
2022,6,mattia1,Alexander Mattison,RB,MIN,@MIA,22.7,27,3.9,0.0,0.0,0.0,0.0,0.0,5.6,19.4,0.2,1.3,7.9,0.1,0.0,1.0,0.4,0.0,0.0,0.0,C-Game,4.6,5300.0,-1.5,0.86,0.0,-6.04,0.00,14.3,8.28,2.70,--,1,45.500,-3.000,24.25
2022,6,edmonc1,Chase Edmonds,RB,MIA,MIN,17.7,19,3.9,0.0,0.0,0.0,0.0,0.0,2.8,11.5,0.2,1.5,11.9,0.1,0.0,0.6,0.5,0.0,0.0,0.0,C-Game,4.6,5300.0,-1.4,0.88,0.0,-6.04,0.00,14.3,8.30,2.71,--,1,45.500,3,21.25
2022,6,warrej1,Jaylen Warren,RB,PIT,TB,11.6,1,3.8,0.0,0.0,0.0,0.0,0.0,5.9,21.9,0.0,1.6,13.6,0.1,0.0,1.1,0.6,0.1,0.0,0.0,C-Game,4.6,5400.0,-1.6,0.84,0.0,-6.16,0.00,14.4,8.23,2.66,--,1,46.000,9.5,18.25
2022,6,brownm4,Malcolm Brown,RB,LAR,CAR,20.4,25,3.7,0.0,0.0,0.0,0.0,0.0,7.0,25.0,0.2,0.2,1.3,0.0,0.0,1.3,0.1,0.0,0.0,0.0,C-Game,3.8,4500.0,-1.3,0.84,0.0,-5.13,0.00,13.7,8.58,3.05,--,1,41.500,-10,25.75
2022,6,pachei1,Isiah Pacheco,RB,KC,BUF,18.2,20,3.3,0.0,0.0,0.0,0.0,0.0,6.4,21.3,0.2,0.0,0.0,0.0,0.0,1.1,0.0,0.0,0.0,0.0,C-Game,3.3,5700.0,-3.2,0.58,0.0,-6.50,0.00,13.3,6.81,2.33,--,1,54.000,2.5,25.75
2022,6,drakek1,Kenyan Drake,RB,BAL,@NYG,16.3,15,3.3,0.0,0.0,0.0,0.0,0.0,6.2,24.7,0.0,1.0,7.0,0.0,0.0,1.2,0.3,0.0,0.0,0.0,C-Game,3.8,5200.0,-2.1,0.73,0.0,-5.93,0.00,13.7,7.82,2.64,--,1,45.500,-5.500,25.5
2022,6,perins1,Samaje Perine,RB,CIN,@NO,16.9,17,3.1,0.0,0.0,0.0,0.0,0.0,4.8,21.7,0.0,1.2,7.7,0.0,0.0,1.1,0.4,0.0,0.0,0.0,C-Game,3.6,5600.0,-2.7,0.65,0.0,-6.38,0.00,13.6,7.24,2.43,--,1,43.500,-3.000,23.25
2022,6,stronp1,Pierre Strong Jr.,RB,NE,@CLE,25.7,30,3.0,0.0,0.0,0.0,0.0,0.0,5.2,18.7,0.1,0.6,4.2,0.0,0.0,0.9,0.2,0.0,0.0,0.0,C-Game,3.3,4700.0,-2.1,0.70,0.0,-5.36,0.00,13.3,7.96,2.83,--,1,43.000,2.500,20.25
2022,6,dallad1,DeeJay Dallas,RB,SEA,ARI,17.7,18,3.0,0.0,0.0,0.0,0.0,0.0,4.0,19.2,0.1,1.5,7.5,0.0,0.0,1.0,0.3,0.0,0.0,0.0,C-Game,3.8,5300.0,-2.3,0.71,0.0,-6.04,0.00,13.7,7.67,2.59,--,1,50.500,2.5,24
2022,6,gainwk1,Kenneth Gainwell,RB,PHI,DAL,15.6,10,2.8,0.0,0.0,0.0,0.0,0.0,3.3,12.0,0.2,0.7,3.7,0.0,0.0,0.6,0.2,0.0,0.0,0.0,C-Game,3.2,5200.0,-2.7,0.62,0.0,-5.93,0.00,13.2,7.27,2.54,--,-,42.000,-6.5,24.25
2022,6,miches1,Sony Michel,RB,LAC,DEN,15.0,5,2.7,0.0,0.0,0.0,0.0,0.0,4.0,14.9,0.0,1.0,8.2,0.0,0.0,0.7,0.4,0.0,0.0,0.0,C-Game,3.2,5300.0,-2.8,0.61,0.0,-6.04,0.00,13.3,7.21,2.50,--,-,45.500,-4.5,25
2022,6,cookj3,James Cook,RB,BUF,@KC,19.9,23,2.6,0.0,0.0,0.0,0.0,0.0,5.1,18.0,0.1,0.5,3.0,0.0,0.0,0.9,0.1,0.0,0.0,0.0,C-Game,2.9,5000.0,-2.8,0.57,0.0,-5.70,0.00,13.0,7.26,2.59,--,1,54.000,-2.500,28.25
2022,6,ingram1,Mark Ingram,RB,NO,CIN,16.2,14,2.3,0.0,0.0,0.0,0.0,0.0,3.3,10.4,0.1,0.8,5.5,0.0,0.0,0.5,0.3,0.0,0.0,0.0,C-Game,2.7,5100.0,-3.1,0.53,0.0,-5.81,0.00,12.8,7.01,2.51,--,1,43.500,3,20.25
2022,6,scottb2,Boston Scott,RB,PHI,DAL,15.6,10,2.2,0.0,0.0,0.0,0.0,0.0,2.7,9.6,0.2,0.3,1.2,0.0,0.0,0.5,0.1,0.0,0.0,0.0,C-Game,2.3,4700.0,-3.0,0.50,0.0,-5.36,0.00,12.5,7.13,2.66,--,-,42.000,-6.5,24.25
2022,6,willia4,Avery Williams,RB,ATL,SF,15.5,9,2.1,0.0,0.0,0.0,0.0,0.0,3.2,11.6,0.0,0.8,6.0,0.0,0.0,0.6,0.3,0.0,0.0,0.0,C-Game,2.5,5300.0,-3.6,0.46,0.0,-6.04,0.00,12.6,6.61,2.39,--,1,46.000,4.5,20.75
2022,6,juszck1,Kyle Juszczyk,RB,SF,@ATL,19.7,22,1.7,0.0,0.0,0.0,0.0,0.0,0.7,2.0,0.1,0.7,5.8,0.1,0.0,0.1,0.3,0.0,0.0,0.0,C-Game,2.1,4600.0,-3.2,0.45,0.0,-5.24,0.00,12.3,7.02,2.67,--,1,46.000,-4.500,25.25
2022,6,ricarp1,Patrick Ricard,RB,BAL,@NYG,16.3,15,1.3,0.0,0.0,0.0,0.0,0.0,0.9,2.9,0.0,0.9,8.1,0.0,0.0,0.1,0.4,0.0,0.0,0.0,C-Game,1.7,4500.0,-3.4,0.39,0.0,-5.13,0.00,12.0,6.91,2.68,--,1,45.500,-5.500,25.5
2022,6,riverr1,Ronnie Rivers,RB,LAR,CAR,20.4,25,1.3,0.0,0.0,0.0,0.0,0.0,2.9,10.2,0.0,0.0,0.0,0.0,0.0,0.5,0.0,0.0,0.0,0.0,C-Game,1.3,4500.0,-3.9,0.28,0.0,-5.13,0.00,11.7,6.54,2.59,--,1,41.500,-10,25.75
2022,6,ahmeds1,Salvon Ahmed,RB,MIA,MIN,17.7,19,1.2,0.0,0.0,0.0,0.0,0.0,2.9,7.7,0.0,0.6,4.8,0.0,0.0,0.4,0.2,0.0,0.0,0.0,C-Game,1.6,4500.0,-3.6,0.35,0.0,-5.13,0.00,11.9,6.81,2.65,--,-,45.500,3,21.25
2022,6,breidm1,Matt Breida,RB,NYG,BAL,15.8,12,1.0,0.0,0.0,0.0,0.0,0.0,1.7,7.5,0.0,0.4,3.1,0.0,0.0,0.4,0.1,0.0,0.0,0.0,C-Game,1.2,5600.0,-5.2,0.22,0.0,-6.38,0.00,11.6,5.25,2.08,--,1,45.500,5.5,20
2022,6,hastyj1,JaMycal Hasty,RB,JAX,@IND,15.1,6,0.9,0.0,0.0,0.0,0.0,0.0,1.2,4.4,0.0,0.5,5.0,0.0,0.0,0.2,0.2,0.0,0.0,0.0,C-Game,1.1,4700.0,-4.2,0.24,0.0,-5.36,0.00,11.6,6.22,2.46,--,1,41.000,1.500,19.75
2022,6,harrik1,Kevin Harris,RB,NE,@CLE,25.7,30,0.9,0.0,0.0,0.0,0.0,0.0,2.1,7.5,0.0,0.0,0.0,0.0,0.0,0.4,0.0,0.0,0.0,0.0,C-Game,0.9,4600.0,-4.3,0.20,0.0,-5.24,0.00,11.4,6.14,2.48,--,1,43.000,2.500,20.25
2022,6,murral1,Latavius Murray,RB,DEN,@LAC,23.0,29,0.7,0.0,0.0,0.0,0.0,0.0,1.0,3.9,0.0,0.4,2.4,0.0,0.0,0.2,0.1,0.0,0.0,0.0,C-Game,1.0,6000.0,-5.9,0.16,0.0,-6.84,0.00,11.4,4.58,1.90,--,-,45.500,4.500,20.5
2022,6,hamc1,C.J. Ham,RB,MIN,@MIA,22.7,27,0.7,0.0,0.0,0.0,0.0,0.0,0.0,0.0,0.0,0.7,5.3,0.0,0.0,0.0,0.2,0.0,0.0,0.0,C-Game,1.1,4500.0,-4.1,0.24,0.0,-5.13,0.00,11.5,6.36,2.55,--,1,45.500,-3.000,24.25
2022,6,davist5,Tyrion Davis-Price,RB,SF,@ATL,19.7,22,0.7,0.0,0.0,0.0,0.0,0.0,1.1,4.0,0.1,0.0,0.0,0.0,0.0,0.2,0.0,0.0,0.0,0.0,C-Game,0.7,4800.0,-4.8,0.15,0.0,-5.47,0.00,11.2,5.73,2.33,--,1,46.000,-4.500,25.25
2022,6,hubbac1,Chuba Hubbard,RB,CAR,@LAR,11.8,2,0.5,0.0,0.0,0.0,0.0,0.0,1.6,5.6,0.0,0.0,0.0,0.0,0.0,0.3,0.0,0.0,0.0,0.0,C-Game,0.5,4700.0,-4.8,0.11,0.0,-5.36,0.00,11.1,5.73,2.36,--,1,41.500,10.000,15.75
2022,6,gillir1,Reggie Gilliam,RB,BUF,@KC,19.9,23,0.4,0.0,0.0,0.0,0.0,0.0,0.0,0.0,0.0,0.6,4.6,0.0,0.0,0.0,0.2,0.0,0.0,0.0,C-Game,0.8,4500.0,-4.4,0.17,0.0,-5.13,0.00,11.3,6.12,2.50,--,1,54.000,-2.500,28.25
2022,6,jonest2,Taiwan Jones,RB,BUF,@KC,19.9,23,0.4,0.0,0.0,0.0,0.0,0.0,1.2,4.1,0.0,0.0,0.0,0.0,0.0,0.2,0.0,0.0,0.0,0.0,C-Game,0.4,4500.0,-4.7,0.09,0.0,-5.13,0.00,11.0,5.83,2.44,--,-,54.000,-2.500,28.25
2022,6,horvaz1,Zander Horvath,RB,LAC,DEN,15.0,5,0.4,0.0,0.0,0.0,0.0,0.0,0.3,1.1,0.0,0.6,2.7,0.0,0.0,0.1,0.1,0.0,0.0,0.0,C-Game,0.7,4600.0,-4.6,0.15,0.0,-5.24,0.00,11.2,5.94,2.43,--,-,45.500,-4.5,25
2022,6,foremd1,D'Onta Foreman,RB,CAR,@LAR,11.8,2,0.4,0.0,0.0,0.0,0.0,0.0,0.9,3.7,0.0,0.0,0.0,0.0,0.0,0.2,0.0,0.0,0.0,0.0,C-Game,0.4,4800.0,-5.1,0.07,0.0,-5.47,0.00,10.9,5.46,2.28,--,1,41.500,10.000,15.75
2022,6,wattd1,Derek Watt,RB,PIT,TB,11.6,1,0.3,0.0,0.0,0.0,0.0,0.0,0.0,0.0,0.0,0.4,2.3,0.0,0.0,0.0,0.1,0.0,0.0,0.0,C-Game,0.5,4500.0,-4.6,0.11,0.0,-5.13,0.00,11.0,5.91,2.45,--,1,46.000,9.5,18.25
2022,6,davism3,Mike Davis,RB,BAL,@NYG,16.3,15,0.3,0.0,0.0,0.0,0.0,0.0,0.8,2.9,0.0,0.0,0.0,0.0,0.0,0.1,0.0,0.0,0.0,0.0,C-Game,0.3,4900.0,-5.3,0.06,0.0,-5.59,0.00,10.9,5.28,2.22,--,1,45.500,-5.500,25.5
2022,6,brighg1,Gary Brightwell,RB,NYG,BAL,15.8,12,0.2,0.0,0.0,0.0,0.0,0.0,0.6,2.5,0.0,0.0,0.0,0.0,0.0,0.1,0.0,0.0,0.0,0.0,C-Game,0.2,5100.0,-5.6,0.05,0.0,-5.81,0.00,10.8,5.02,2.12,--,1,45.500,5.5,20
2022,6,kuppc1,Cooper Kupp,WR,LAR,CAR,22.1,20,16.3,0.0,0.0,0.0,0.0,0.0,0.7,4.6,0.1,8.6,105.3,0.8,0.0,0.2,5.3,0.0,0.0,0.0,A-Game,20.6,9400.0,9.2,2.19,9.3,-2.10,0.99,28.9,17.52,3.07,--,23,41.500,-10,25.75
2022,6,jeffej1,Justin Jefferson,WR,MIN,@MIA,18.9,10,13.9,0.0,0.0,0.0,0.0,0.0,0.3,1.1,0.0,7.1,105.3,0.6,0.0,0.0,4.9,0.0,0.0,0.0,A-Game,17.4,9200.0,6.3,1.90,7.8,-3.28,0.85,25.9,14.76,2.81,--,8,45.500,-3.000,24.25
2022,6,diggss1,Stefon Diggs,WR,BUF,@KC,25.1,25,13.5,0.0,0.0,0.0,0.0,0.0,0.0,0.0,0.0,7.6,95.6,0.7,0.0,0.0,4.8,0.0,0.0,0.0,A-Game,17.3,8900.0,6.5,1.94,7.2,-3.56,0.81,25.6,14.87,2.88,--,23,54.000,-2.500,28.25
2022,6,evansm1,Mike Evans,WR,TB,@PIT,31.6,31,12.3,0.0,0.0,0.0,0.0,0.0,0.0,0.0,0.0,4.4,77.2,0.8,0.0,0.0,3.4,0.0,0.0,0.0,A-Game,14.5,7700.0,5.2,1.89,4.3,-5.06,0.55,23.0,13.65,2.98,--,13,46.000,-9.500,27.75
2022,6,samued1,Deebo Samuel,WR,SF,@ATL,24.8,24,12.0,0.0,0.0,0.0,0.0,0.0,3.9,24.2,0.2,4.8,69.6,0.2,0.0,1.0,3.3,0.1,0.0,0.0,A-Game,14.5,7600.0,5.3,1.90,7.0,-2.17,0.92,24.4,15.23,3.21,--,18,46.000,-4.500,25.25
2022,6,chasej1,Ja'Marr Chase,WR,CIN,@NO,25.4,26,11.5,0.0,0.0,0.0,0.0,0.0,0.5,2.1,0.0,6.1,80.9,0.6,0.0,0.1,3.9,0.0,0.0,0.0,A-Game,14.6,8100.0,4.8,1.80,5.2,-4.65,0.64,23.3,13.47,2.87,--,18,43.500,-3.000,23.25
2022,6,brownm6,Marquise Brown,WR,ARI,@SEA,17.2,6,11.4,0.0,0.0,0.0,0.0,0.0,0.0,0.0,0.0,6.1,84.1,0.5,0.0,0.0,4.0,0.0,0.0,0.0,A-Game,14.5,8200.0,4.6,1.77,5.4,-4.50,0.66,23.2,13.24,2.82,--,8,50.500,-2.500,26.5
2022,6,metcad1,DK Metcalf,WR,SEA,ARI,16.6,4,10.8,0.0,0.0,0.0,0.0,0.0,0.0,0.0,0.0,5.2,71.0,0.6,0.0,0.0,3.4,0.0,0.0,0.0,B-Game,13.4,7400.0,4.4,1.81,3.8,-5.14,0.51,22.1,13.10,2.98,--,13,50.500,2.5,24
2022,6,browna5,A.J. Brown,WR,PHI,DAL,18.3,8,10.7,0.0,0.0,0.0,0.0,0.0,0.0,0.0,0.0,5.8,85.5,0.4,0.0,0.0,4.0,0.0,0.0,0.0,B-Game,13.6,7800.0,4.1,1.74,5.4,-4.00,0.70,22.5,13.03,2.88,--,-,42.000,-6.5,24.25
2022,6,willim7,Mike Williams,WR,LAC,DEN,14.7,1,10.4,0.0,0.0,0.0,0.0,0.0,0.0,0.0,0.0,5.0,79.4,0.4,0.0,0.0,3.6,0.0,0.0,0.0,B-Game,12.9,7900.0,3.3,1.63,4.5,-5.07,0.57,21.8,12.23,2.76,--,-,45.500,-4.5,25
2022,6,davisg2,Gabe Davis,WR,BUF,@KC,25.1,25,10.3,0.0,0.0,0.0,0.0,0.0,0.0,0.0,0.0,3.8,74.4,0.5,0.0,0.0,3.1,0.0,0.0,0.0,B-Game,12.2,6900.0,3.9,1.77,3.5,-4.84,0.51,21.1,12.76,3.06,--,13,54.000,-2.500,28.25
2022,6,suttoc1,Courtland Sutton,WR,DEN,@LAC,27.7,29,10.1,0.0,0.0,0.0,0.0,0.0,0.3,1.1,0.0,6.1,80.7,0.3,0.0,0.0,3.9,0.1,0.0,0.0,B-Game,13.2,7200.0,4.5,1.83,5.1,-3.57,0.71,22.2,13.48,3.08,--,-,45.500,4.500,20.5
2022,6,hillt1,Tyreek Hill,WR,MIA,MIN,19.0,12,10.1,0.0,0.0,0.0,0.0,0.0,0.4,2.9,0.0,6.5,79.8,0.3,0.0,0.1,4.0,0.1,0.0,0.0,B-Game,13.3,8000.0,3.7,1.67,5.2,-4.48,0.65,22.4,12.69,2.80,--,8,45.500,3,21.25
2022,6,lambc1,CeeDee Lamb,WR,DAL,@PHI,15.6,3,10.1,0.0,0.0,0.0,0.0,0.0,0.2,1.6,0.0,6.1,74.0,0.4,0.0,0.1,3.7,0.1,0.0,0.0,B-Game,13.1,7200.0,4.4,1.82,4.5,-4.20,0.63,22.0,13.32,3.06,--,-,42.000,6.500,17.75
2022,6,locket1,Tyler Lockett,WR,SEA,ARI,16.6,4,9.9,0.0,0.0,0.0,0.0,0.0,0.0,0.0,0.0,6.0,77.2,0.4,0.0,0.0,3.8,0.0,0.0,0.0,B-Game,12.9,7500.0,3.8,1.72,4.7,-4.34,0.63,21.8,12.75,2.91,--,13,50.500,2.5,24
2022,6,kirkc1,Christian Kirk,WR,JAX,@IND,18.4,9,9.7,0.0,0.0,0.0,0.0,0.0,0.2,1.1,0.0,4.2,68.4,0.5,0.0,0.0,3.1,0.0,0.0,0.0,B-Game,11.8,7000.0,3.3,1.68,3.1,-5.34,0.45,20.7,12.27,2.96,--,8,41.000,1.500,19.75
2022,6,waddlj1,Jaylen Waddle,WR,MIA,MIN,19.0,12,9.4,0.0,0.0,0.0,0.0,0.0,1.3,5.8,0.0,4.4,65.5,0.4,0.0,0.2,3.0,0.0,0.0,0.0,B-Game,11.6,7300.0,2.8,1.59,3.1,-5.75,0.42,20.7,11.91,2.84,--,3,45.500,3,21.25
2022,6,mclaut1,Terry McLaurin,WR,WAS,@CHI,19.9,17,9.2,0.0,0.0,0.0,0.0,0.0,0.2,1.8,0.0,4.2,73.8,0.3,0.0,0.1,3.2,0.0,0.0,0.0,B-Game,11.3,6500.0,3.5,1.74,3.6,-4.24,0.56,20.5,12.63,3.15,--,-,38.500,-1.000,19.75
2022,6,godwic1,Chris Godwin,WR,TB,@PIT,31.6,31,9.0,0.0,0.0,0.0,0.0,0.0,0.2,0.8,0.0,5.9,68.9,0.4,0.0,0.0,3.5,0.0,0.0,0.0,B-Game,12.0,6800.0,3.8,1.76,3.9,-4.28,0.58,21.0,12.80,3.09,--,18,46.000,-9.500,27.75
2022,6,lazara1,Allen Lazard,WR,GB,NYJ,21.2,19,9.0,0.0,0.0,0.0,0.0,0.0,0.0,0.0,0.0,3.8,54.6,0.6,0.0,0.0,2.6,0.0,0.0,0.0,B-Game,10.9,6200.0,3.4,1.75,1.7,-5.84,0.27,19.7,12.25,3.19,--,8,45.000,-7.5,26.25
2022,6,pittmm2,Michael Pittman Jr.,WR,IND,JAX,19.0,11,8.6,0.0,0.0,0.0,0.0,0.0,0.0,0.0,0.0,5.7,65.5,0.4,0.0,0.0,3.4,0.0,0.0,0.0,B-Game,11.5,6700.0,3.4,1.71,3.5,-4.59,0.52,20.5,12.42,3.06,--,8,41.000,-1.5,21.25
2022,6,coopea1,Amari Cooper,WR,CLE,NE,18.2,7,8.3,0.0,0.0,0.0,0.0,0.0,0.0,0.0,0.0,5.2,62.6,0.3,0.0,0.0,3.2,0.0,0.0,0.0,B-Game,10.9,7100.0,2.3,1.53,3.0,-5.55,0.43,20.0,11.41,2.82,--,8,43.000,-2.5,22.75
2022,6,samuec1,Curtis Samuel,WR,WAS,@CHI,19.9,17,8.0,0.0,0.0,0.0,0.0,0.0,2.1,12.3,0.1,4.8,50.5,0.2,0.0,0.5,2.7,0.0,0.0,0.0,B-Game,10.4,6000.0,3.2,1.74,2.7,-4.55,0.45,20.1,12.84,3.35,--,-,38.500,-1.000,19.75
2022,6,higgit1,Tee Higgins,WR,CIN,@NO,25.4,26,7.8,0.0,0.0,0.0,0.0,0.0,0.0,0.0,0.0,3.9,59.1,0.3,0.0,0.0,2.7,0.0,0.0,0.0,C-Game,9.8,7200.0,1.1,1.36,2.1,-6.58,0.30,19.0,10.29,2.64,--,3,43.500,-3.000,23.25
2022,6,duverd1,Devin Duvernay,WR,BAL,@NYG,20.1,18,7.8,0.0,0.0,0.0,0.0,0.0,0.0,0.0,0.0,3.4,51.2,0.5,0.0,0.0,2.4,0.0,0.0,0.0,C-Game,9.5,6200.0,2.0,1.54,1.2,-6.32,0.19,18.6,11.14,3.01,--,3,45.500,-5.500,25.5
2022,6,doubsr1,Romeo Doubs,WR,GB,NYJ,21.2,19,7.8,0.0,0.0,0.0,0.0,0.0,0.6,3.6,0.0,4.1,47.0,0.5,0.0,0.1,2.4,0.0,0.0,0.0,C-Game,9.9,5500.0,3.2,1.79,1.1,-5.55,0.20,19.0,12.33,3.45,--,13,45.000,-7.5,26.25
2022,6,johnsd15,Diontae Johnson,WR,PIT,TB,19.7,14,7.8,0.0,0.0,0.0,0.0,0.0,0.3,2.3,0.0,5.4,57.7,0.3,0.0,0.1,3.1,0.0,0.0,0.0,C-Game,10.5,6300.0,2.9,1.67,2.7,-4.94,0.43,19.7,12.10,3.13,--,8,46.000,9.5,18.25
2022,6,jeudyj1,Jerry Jeudy,WR,DEN,@LAC,27.7,29,7.8,0.0,0.0,0.0,0.0,0.0,0.0,0.0,0.0,3.0,45.7,0.5,0.0,0.0,2.1,0.0,0.0,0.0,C-Game,9.2,6500.0,1.4,1.42,0.5,-7.40,0.07,18.3,10.43,2.81,--,-,45.500,4.500,20.5
2022,6,londod1,Drake London,WR,ATL,SF,19.6,13,7.8,0.0,0.0,0.0,0.0,0.0,0.0,0.0,0.0,5.2,57.4,0.4,0.0,0.0,3.0,0.1,0.0,0.0,C-Game,10.4,6100.0,3.0,1.70,2.6,-4.81,0.42,19.5,12.16,3.20,--,8,46.000,4.5,20.75
2022,6,smithd4,DeVonta Smith,WR,PHI,DAL,18.3,8,7.7,0.0,0.0,0.0,0.0,0.0,0.0,0.0,0.0,5.2,61.1,0.3,0.0,0.0,3.1,0.0,0.0,0.0,C-Game,10.3,6800.0,2.0,1.51,2.9,-5.34,0.42,19.5,11.25,2.86,--,-,42.000,-6.5,24.25
2022,6,aiyukb1,Brandon Aiyuk,WR,SF,@ATL,24.8,24,7.5,0.0,0.0,0.0,0.0,0.0,0.3,1.3,0.0,3.6,51.1,0.4,0.0,0.1,2.4,0.0,0.0,0.0,C-Game,9.3,5800.0,2.2,1.60,1.2,-5.80,0.21,18.5,11.46,3.19,--,8,46.000,-4.500,25.25
2022,6,moored4,D.J. Moore,WR,CAR,@LAR,25.4,27,7.4,0.0,0.0,0.0,0.0,0.0,0.7,4.2,0.0,4.2,56.9,0.2,0.0,0.2,2.7,0.0,0.0,0.0,C-Game,9.5,5700.0,2.6,1.66,2.0,-4.85,0.36,18.9,12.00,3.31,--,3,41.500,10.000,15.75
2022,6,pickeg1,George Pickens,WR,PIT,TB,19.7,14,7.1,0.0,0.0,0.0,0.0,0.0,0.0,0.0,0.0,4.0,57.7,0.2,0.0,0.0,2.7,0.0,0.0,0.0,C-Game,9.1,5800.0,2.1,1.57,2.0,-5.00,0.35,18.4,11.42,3.18,--,3,46.000,9.5,18.25
2022,6,thiela1,Adam Thielen,WR,MIN,@MIA,18.9,10,7.0,0.0,0.0,0.0,0.0,0.0,0.0,0.0,0.0,4.6,48.7,0.4,0.0,0.0,2.6,0.0,0.0,0.0,C-Game,9.3,5900.0,2.2,1.58,1.5,-5.67,0.25,18.5,11.40,3.14,--,8,45.500,-3.000,24.25
2022,6,meyerj1,Jakobi Meyers,WR,NE,@CLE,24.1,23,7.0,0.0,0.0,0.0,0.0,0.0,0.2,1.9,0.0,5.1,55.1,0.2,0.0,0.1,2.9,0.0,0.0,0.0,C-Game,9.5,6600.0,1.6,1.45,2.3,-5.71,0.35,18.9,10.92,2.86,--,3,43.000,2.500,20.25
2022,6,valdem1,Marquez Valdes-Scantling,WR,KC,BUF,16.9,5,6.9,0.0,0.0,0.0,0.0,0.0,0.3,1.0,0.0,3.7,53.3,0.3,0.0,0.0,2.5,0.0,0.0,0.0,C-Game,8.8,5800.0,1.8,1.51,1.5,-5.51,0.26,18.2,11.13,3.13,--,8,54.000,2.5,25.75
2022,6,davisc7,Corey Davis,WR,NYJ,@GB,19.9,16,6.9,0.0,0.0,0.0,0.0,0.0,0.0,0.0,0.0,2.9,51.8,0.3,0.0,0.0,2.2,0.0,0.0,0.0,C-Game,8.3,5800.0,1.3,1.44,1.0,-6.04,0.17,17.7,10.67,3.05,--,3,45.000,7.500,18.75
2022,6,mooned1,Darnell Mooney,WR,CHI,WAS,31.6,32,6.9,0.0,0.0,0.0,0.0,0.0,0.0,0.0,0.0,3.9,53.2,0.3,0.0,0.0,2.6,0.0,0.0,0.0,C-Game,8.8,5800.0,1.8,1.52,1.6,-5.44,0.27,18.2,11.14,3.13,--,-,38.500,1,18.75
2022,6,smithj5,JuJu Smith-Schuster,WR,KC,BUF,16.9,5,6.8,0.0,0.0,0.0,0.0,0.0,0.0,0.0,0.0,4.2,53.3,0.3,0.0,0.0,2.6,0.0,0.0,0.0,C-Game,8.9,6400.0,1.2,1.40,1.7,-6.02,0.27,18.3,10.52,2.85,--,8,54.000,2.5,25.75
2022,6,wilsog1,Garrett Wilson,WR,NYJ,@GB,19.9,16,6.7,0.0,0.0,0.0,0.0,0.0,0.0,0.0,0.0,4.3,47.0,0.3,0.0,0.0,2.5,0.0,0.0,0.0,C-Game,8.9,5700.0,2.0,1.56,1.2,-5.72,0.21,18.1,11.23,3.18,--,3,45.000,7.500,18.75
2022,6,mckeni1,Isaiah McKenzie,WR,BUF,@KC,25.1,25,6.7,0.0,0.0,0.0,0.0,0.0,0.0,0.0,0.0,4.5,45.5,0.4,0.0,0.0,2.5,0.0,0.0,0.0,C-Game,8.9,6000.0,1.6,1.48,1.1,-6.14,0.19,18.1,10.87,3.02,--,3,54.000,-2.500,28.25
2022,6,boydt2,Tyler Boyd,WR,CIN,@NO,25.4,26,6.7,0.0,0.0,0.0,0.0,0.0,0.0,0.0,0.0,4.3,48.8,0.3,0.0,0.0,2.5,0.0,0.0,0.0,C-Game,8.8,6000.0,1.5,1.46,1.3,-5.92,0.22,18.1,10.83,3.01,--,3,43.500,-3.000,23.25
2022,6,cobbr1,Randall Cobb,WR,GB,NYJ,21.2,19,6.5,0.0,0.0,0.0,0.0,0.0,0.0,0.0,0.0,3.2,52.1,0.2,0.0,0.0,2.3,0.0,0.0,0.0,C-Game,8.1,5700.0,1.2,1.43,1.2,-5.72,0.21,17.5,10.65,3.08,--,3,45.000,-7.5,26.25
2022,6,mooree2,Elijah Moore,WR,NYJ,@GB,19.9,16,6.1,0.0,0.0,0.0,0.0,0.0,0.0,0.0,0.0,3.1,41.0,0.3,0.0,0.0,2.0,0.0,0.0,0.0,C-Game,7.6,5200.0,1.3,1.47,0.3,-6.03,0.05,17.0,10.70,3.27,--,3,45.000,7.500,18.75
2022,6,pierca2,Alec Pierce,WR,IND,JAX,19.0,11,6.1,0.0,0.0,0.0,0.0,0.0,0.0,0.0,0.0,3.7,49.7,0.2,0.0,0.0,2.4,0.0,0.0,0.0,C-Game,7.9,5900.0,0.8,1.34,1.2,-5.99,0.19,17.4,10.25,2.95,--,3,41.000,-1.5,21.25
2022,6,moorer1,Rondale Moore,WR,ARI,@SEA,17.2,6,6.0,0.0,0.0,0.0,0.0,0.0,1.1,4.5,0.0,4.8,47.5,0.1,0.0,0.2,2.7,0.0,0.0,0.0,C-Game,8.4,5600.0,1.6,1.50,1.5,-5.31,0.26,18.0,11.20,3.21,--,13,50.500,-2.500,26.5
2022,6,robina3,Allen Robinson,WR,LAR,CAR,22.1,20,5.8,0.0,0.0,0.0,0.0,0.0,0.0,0.0,0.0,3.0,34.2,0.4,0.0,0.0,1.8,0.0,0.0,0.0,C-Game,7.3,5400.0,0.8,1.35,0.2,-6.33,0.04,16.6,10.06,3.07,--,1,41.500,-10,25.75
2022,6,jonesz1,Zay Jones,WR,JAX,@IND,18.4,9,5.6,0.0,0.0,0.0,0.0,0.0,0.0,0.0,0.0,5.3,44.7,0.2,0.0,0.0,2.7,0.0,0.0,0.0,C-Game,8.3,5600.0,1.5,1.48,1.4,-5.33,0.26,17.7,10.95,3.17,--,8,41.000,1.500,19.75
2022,6,gallum1,Michael Gallup,WR,DAL,@PHI,15.6,3,5.5,0.0,0.0,0.0,0.0,0.0,0.0,0.0,0.0,3.8,43.1,0.2,0.0,0.0,2.3,0.0,0.0,0.0,C-Game,7.4,6000.0,0.2,1.24,0.6,-6.65,0.10,16.9,9.68,2.82,--,-,42.000,6.500,17.75
2022,6,palmej3,Josh Palmer,WR,LAC,DEN,14.7,1,5.5,0.0,0.0,0.0,0.0,0.0,0.2,1.1,0.0,3.3,36.9,0.3,0.0,0.0,1.9,0.0,0.0,0.0,C-Game,7.1,5200.0,0.8,1.36,0.4,-5.94,0.07,16.5,10.26,3.18,--,-,45.500,-4.5,25
2022,6,parked1,DeVante Parker,WR,NE,@CLE,24.1,23,5.4,0.0,0.0,0.0,0.0,0.0,0.0,0.0,0.0,1.7,36.0,0.3,0.0,0.0,1.5,0.0,0.0,0.0,C-Game,6.2,5500.0,-0.5,1.13,0.0,-6.66,0.00,15.7,9.04,2.85,--,3,43.000,2.500,20.25
2022,6,brownn1,Noah Brown,WR,DAL,@PHI,15.6,3,5.3,0.0,0.0,0.0,0.0,0.0,0.0,0.0,0.0,3.2,42.0,0.2,0.0,0.0,2.0,0.0,0.0,0.0,C-Game,6.9,5400.0,0.3,1.27,0.3,-6.23,0.06,16.4,9.89,3.04,--,-,42.000,6.500,17.75
2022,6,brownd12,Dyami Brown,WR,WAS,@CHI,19.9,17,5.3,0.0,0.0,0.0,0.0,0.0,0.0,0.0,0.0,2.2,38.8,0.2,0.0,0.0,1.7,0.0,0.0,0.0,C-Game,6.4,4600.0,0.8,1.39,0.0,-5.57,0.00,15.9,10.35,3.46,--,-,38.500,-1.000,19.75
2022,6,zaccho1,Olamide Zaccheaus,WR,ATL,SF,19.6,13,5.3,0.0,0.0,0.0,0.0,0.0,0.0,0.0,0.0,2.5,41.3,0.2,0.0,0.0,1.8,0.0,0.0,0.0,C-Game,6.5,5300.0,0.1,1.23,0.0,-6.39,0.00,16.1,9.69,3.04,--,1,46.000,4.5,20.75
2022,6,osbork1,K.J. Osborn,WR,MIN,@MIA,18.9,10,5.2,0.0,0.0,0.0,0.0,0.0,0.0,0.0,0.0,2.8,35.5,0.3,0.0,0.0,1.8,0.0,0.0,0.0,C-Game,6.6,5300.0,0.2,1.25,0.2,-6.26,0.03,16.1,9.68,3.04,--,1,45.500,-3.000,24.25
2022,6,stbroe1,Equanimeous St. Brown,WR,CHI,WAS,31.6,32,5.0,0.0,0.0,0.0,0.0,0.0,0.4,4.2,0.0,1.9,30.3,0.3,0.0,0.2,1.4,0.0,0.0,0.0,C-Game,6.0,5200.0,-0.3,1.15,0.0,-6.29,0.00,15.6,9.29,3.00,--,-,38.500,1,18.75
2022,6,claypc1,Chase Claypool,WR,PIT,TB,19.7,14,5.0,0.0,0.0,0.0,0.0,0.0,0.8,5.6,0.0,2.9,33.9,0.2,0.0,0.2,1.8,0.0,0.0,0.0,C-Game,6.5,5500.0,-0.2,1.18,0.3,-6.35,0.06,16.2,9.50,2.94,--,3,46.000,9.5,18.25
2022,6,callam1,Marquez Callaway,WR,NO,CIN,15.5,2,5.0,0.0,0.0,0.0,0.0,0.0,0.0,0.0,0.0,2.9,38.7,0.2,0.0,0.0,1.9,0.0,0.0,0.0,C-Game,6.4,5600.0,-0.3,1.15,0.2,-6.57,0.04,16.0,9.24,2.86,--,1,43.500,3,20.25
2022,6,carted4,DeAndre Carter,WR,LAC,DEN,14.7,1,4.8,0.0,0.0,0.0,0.0,0.0,0.0,0.0,0.0,2.3,39.7,0.2,0.0,0.0,1.7,0.0,0.0,0.0,C-Game,6.0,5100.0,-0.2,1.17,0.0,-6.17,0.00,15.6,9.47,3.07,--,-,45.500,-4.5,25
2022,6,anderr2,Robbie Anderson,WR,CAR,@LAR,25.4,27,4.6,0.0,0.0,0.0,0.0,0.0,0.0,0.0,0.0,2.6,34.1,0.2,0.0,0.0,1.7,0.0,0.0,0.0,C-Game,5.9,5300.0,-0.5,1.12,0.0,-6.38,0.01,15.5,9.12,2.93,--,1,41.500,10.000,15.75
2022,6,slaytd1,Darius Slayton,WR,NYG,BAL,22.2,21,4.6,0.0,0.0,0.0,0.0,0.0,0.0,0.0,0.0,2.6,34.7,0.2,0.0,0.0,1.7,0.0,0.0,0.0,C-Game,5.9,5600.0,-0.9,1.06,0.1,-6.71,0.01,15.5,8.76,2.77,--,3,45.500,5.5,20
2022,6,robinw1,Wan'Dale Robinson,WR,NYG,BAL,22.2,21,4.6,0.0,0.0,0.0,0.0,0.0,0.0,0.0,0.0,3.5,34.7,0.2,0.0,0.0,1.9,0.0,0.0,0.0,C-Game,6.3,4900.0,0.4,1.29,0.4,-5.49,0.09,15.9,9.99,3.25,--,1,45.500,5.5,20
2022,6,shakik1,Khalil Shakir,WR,BUF,@KC,25.1,25,4.3,0.0,0.0,0.0,0.0,0.0,0.6,3.5,0.0,2.3,27.3,0.2,0.0,0.1,1.4,0.0,0.0,0.0,C-Game,5.5,5400.0,-1.0,1.02,0.0,-6.53,0.00,15.3,8.81,2.84,--,1,54.000,-2.500,28.25
2022,6,agnewj1,Jamal Agnew,WR,JAX,@IND,18.4,9,4.3,0.0,0.0,0.0,0.0,0.0,0.2,1.7,0.0,2.7,29.8,0.2,0.0,0.1,1.6,0.0,0.0,0.0,C-Game,5.7,5100.0,-0.5,1.11,0.1,-6.06,0.02,15.3,9.14,3.00,--,1,41.000,1.500,19.75
2022,6,bournk1,Kendrick Bourne,WR,NE,@CLE,24.1,23,4.3,0.0,0.0,0.0,0.0,0.0,0.3,2.5,0.0,2.2,26.5,0.2,0.0,0.1,1.4,0.0,0.0,0.0,C-Game,5.4,5000.0,-0.7,1.08,0.0,-6.05,0.00,15.0,8.99,3.01,--,1,43.000,2.500,20.25
2022,6,smitht9,Tre'Quan Smith,WR,NO,CIN,15.5,2,4.2,0.0,0.0,0.0,0.0,0.0,0.0,0.0,0.0,2.3,31.4,0.2,0.0,0.0,1.5,0.0,0.0,0.0,C-Game,5.4,5300.0,-1.0,1.01,0.0,-6.41,0.00,15.0,8.61,2.84,--,1,43.500,3,20.25
2022,6,greena2,A.J. Green,WR,ARI,@SEA,17.2,6,4.1,0.0,0.0,0.0,0.0,0.0,0.0,0.0,0.0,2.4,32.6,0.1,0.0,0.0,1.6,0.0,0.0,0.0,C-Game,5.3,5300.0,-1.1,1.00,0.0,-6.41,0.00,15.0,8.57,2.83,--,1,50.500,-2.500,26.5
2022,6,skowrb1,Ben Skowronek,WR,LAR,CAR,22.1,20,4.1,0.0,0.0,0.0,0.0,0.0,0.0,0.0,0.0,2.6,32.9,0.1,0.0,0.0,1.6,0.0,0.0,0.0,C-Game,5.4,5500.0,-1.3,0.98,0.0,-6.61,0.01,15.1,8.41,2.74,--,1,41.500,-10,25.75
2022,6,peopld1,Donovan Peoples-Jones,WR,CLE,NE,18.2,7,4.0,0.0,0.0,0.0,0.0,0.0,0.0,0.0,0.0,2.5,32.8,0.1,0.0,0.0,1.6,0.0,0.0,0.0,C-Game,5.2,5500.0,-1.4,0.95,0.0,-6.64,0.00,15.0,8.32,2.72,--,3,43.000,-2.5,22.75
2022,6,gager1,Russell Gage,WR,TB,@PIT,31.6,31,3.8,0.0,0.0,0.0,0.0,0.0,0.0,0.0,0.0,2.5,24.8,0.2,0.0,0.0,1.4,0.0,0.0,0.0,C-Game,5.0,5600.0,-1.8,0.90,0.0,-6.78,0.00,14.7,7.88,2.62,--,1,46.000,-9.500,27.75
2022,6,hardmm1,Mecole Hardman,WR,KC,BUF,16.9,5,3.6,0.0,0.0,0.0,0.0,0.0,0.4,1.9,0.0,2.5,27.4,0.1,0.0,0.1,1.4,0.0,0.0,0.0,C-Game,4.8,5600.0,-1.9,0.87,0.0,-6.78,0.00,14.6,7.87,2.62,--,1,54.000,2.5,25.75
2022,6,robind2,Demarcus Robinson,WR,BAL,@NYG,20.1,18,3.6,0.0,0.0,0.0,0.0,0.0,0.0,0.0,0.0,2.2,22.1,0.2,0.0,0.0,1.2,0.0,0.0,0.0,C-Game,4.7,5400.0,-1.8,0.87,0.0,-6.53,0.00,14.4,7.82,2.66,--,1,45.500,-5.500,25.5
2022,6,jennij1,Jauan Jennings,WR,SF,@ATL,24.8,24,3.6,0.0,0.0,0.0,0.0,0.0,0.0,0.0,0.0,2.3,24.4,0.2,0.0,0.0,1.3,0.0,0.0,0.0,C-Game,4.7,5100.0,-1.5,0.92,0.0,-6.17,0.00,14.4,8.23,2.82,--,1,46.000,-4.500,25.25
2022,6,jamesr1,Richie James,WR,NYG,BAL,22.2,21,3.4,0.0,0.0,0.0,0.0,0.0,0.0,0.0,0.0,2.3,25.5,0.1,0.0,0.0,1.3,0.0,0.0,0.0,C-Game,4.5,5300.0,-1.9,0.85,0.0,-6.41,0.00,14.3,7.86,2.69,--,3,45.500,5.5,20
2022,6,thornt1,Tyquan Thornton,WR,NE,@CLE,24.1,23,3.3,0.0,0.0,0.0,0.0,0.0,0.0,0.0,0.0,2.4,24.4,0.1,0.0,0.0,1.4,0.0,0.0,0.0,C-Game,4.5,4800.0,-1.3,0.94,0.0,-5.81,0.00,14.3,8.46,2.97,--,1,43.000,2.500,20.25
2022,6,hodgek1,KhaDarel Hodge,WR,ATL,SF,19.6,13,3.2,0.0,0.0,0.0,0.0,0.0,0.0,0.0,0.0,1.9,26.2,0.1,0.0,0.0,1.3,0.0,0.0,0.0,C-Game,4.1,5100.0,-2.0,0.81,0.0,-6.17,0.00,14.0,7.81,2.74,--,1,46.000,4.5,20.75
2022,6,prochj1,James Proche,WR,BAL,@NYG,20.1,18,2.9,0.0,0.0,0.0,0.0,0.0,0.0,0.0,0.0,1.3,20.9,0.1,0.0,0.0,0.9,0.0,0.0,0.0,C-Game,3.5,5000.0,-2.5,0.71,0.0,-6.05,0.00,13.4,7.32,2.67,--,1,45.500,-5.500,25.5
2022,6,milles2,Scott Miller,WR,TB,@PIT,31.6,31,2.7,0.0,0.0,0.0,0.0,0.0,0.3,2.1,0.0,1.7,17.9,0.1,0.0,0.1,1.0,0.0,0.0,0.0,C-Game,3.5,4900.0,-2.4,0.72,0.0,-5.93,0.00,13.4,7.50,2.74,--,1,46.000,-9.500,27.75
2022,6,wilsoc2,Cedrick Wilson,WR,MIA,MIN,19.0,12,2.7,0.0,0.0,0.0,0.0,0.0,0.0,0.0,0.0,2.3,20.2,0.1,0.0,0.0,1.2,0.0,0.0,0.0,C-Game,3.8,5000.0,-2.3,0.76,0.0,-6.05,0.00,13.6,7.58,2.73,--,1,45.500,3,21.25
2022,6,smiths4,Shi Smith,WR,CAR,@LAR,25.4,27,2.6,0.0,0.0,0.0,0.0,0.0,0.0,0.0,0.0,1.8,21.7,0.1,0.0,0.0,1.1,0.0,0.0,0.0,C-Game,3.5,5200.0,-2.8,0.67,0.0,-6.29,0.00,13.4,7.09,2.57,--,1,41.500,10.000,15.75
2022,6,kirkwk1,Keith Kirkwood,WR,NO,CIN,15.5,2,2.4,0.0,0.0,0.0,0.0,0.0,0.0,0.0,0.0,1.1,18.4,0.1,0.0,0.0,0.8,0.0,0.0,0.0,C-Game,3.0,4900.0,-3.0,0.61,0.0,-5.93,0.00,12.9,6.96,2.63,--,1,43.500,3,20.25
2022,6,pettid1,Dante Pettis,WR,CHI,WAS,31.6,32,2.3,0.0,0.0,0.0,0.0,0.0,0.0,0.0,0.0,0.7,18.3,0.1,0.0,0.0,0.7,0.0,0.0,0.0,C-Game,2.6,4900.0,-3.3,0.54,0.0,-5.93,0.00,12.6,6.66,2.57,--,-,38.500,1,18.75
2022,6,hintok1,Kendall Hinton,WR,DEN,@LAC,27.7,29,2.3,0.0,0.0,0.0,0.0,0.0,0.0,0.0,0.0,1.4,18.1,0.1,0.0,0.0,0.9,0.0,0.0,0.0,C-Game,3.0,5000.0,-3.1,0.59,0.0,-6.05,0.00,12.9,6.84,2.58,--,-,45.500,4.500,20.5
2022,6,johnsm3,Marcus Johnson,WR,NYG,BAL,22.2,21,2.3,0.0,0.0,0.0,0.0,0.0,0.0,0.0,0.0,1.5,20.4,0.0,0.0,0.0,1.0,0.0,0.0,0.0,C-Game,3.0,5100.0,-3.2,0.59,0.0,-6.17,0.00,13.0,6.80,2.54,--,1,45.500,5.5,20
2022,6,dortcg1,Greg Dortch,WR,ARI,@SEA,17.2,6,2.3,0.0,0.0,0.0,0.0,0.0,0.0,0.0,0.0,1.7,14.9,0.1,0.0,0.0,0.9,0.0,0.0,0.0,C-Game,3.1,4800.0,-2.7,0.65,0.0,-5.81,0.00,13.0,7.18,2.71,--,1,50.500,-2.500,26.5
2022,6,campbp1,Parris Campbell,WR,IND,JAX,19.0,11,2.2,0.0,0.0,0.0,0.0,0.0,0.0,0.0,0.0,2.3,20.6,0.0,0.0,0.0,1.2,0.0,0.0,0.0,C-Game,3.4,5100.0,-2.8,0.67,0.0,-6.17,0.00,13.3,7.18,2.62,--,1,41.000,-1.5,21.25
2022,6,moores1,Skyy Moore,WR,KC,BUF,16.9,5,2.1,0.0,0.0,0.0,0.0,0.0,0.0,0.0,0.0,1.1,15.9,0.1,0.0,0.0,0.7,0.0,0.0,0.0,C-Game,2.6,5000.0,-3.4,0.52,0.0,-6.05,0.00,12.6,6.53,2.52,--,1,54.000,2.5,25.75
2022,6,marsht1,Terrace Marshall,WR,CAR,@LAR,25.4,27,2.1,0.0,0.0,0.0,0.0,0.0,0.0,0.0,0.0,1.5,16.6,0.1,0.0,0.0,0.9,0.0,0.0,0.0,C-Game,2.8,5100.0,-3.4,0.55,0.0,-6.17,0.00,12.8,6.60,2.50,--,1,41.500,10.000,15.75
2022,6,hamlek1,K.J. Hamler,WR,DEN,@LAC,27.7,29,1.9,0.0,0.0,0.0,0.0,0.0,0.0,0.0,0.0,1.5,14.4,0.1,0.0,0.0,0.8,0.0,0.0,0.0,C-Game,2.7,5200.0,-3.6,0.52,0.0,-6.29,0.00,12.6,6.34,2.43,--,-,45.500,4.500,20.5
2022,6,sillsd1,David Sills,WR,NYG,BAL,22.2,21,1.8,0.0,0.0,0.0,0.0,0.0,0.0,0.0,0.0,1.2,14.3,0.1,0.0,0.0,0.7,0.0,0.0,0.0,C-Game,2.5,5100.0,-3.7,0.48,0.0,-6.17,0.00,12.4,6.26,2.44,--,1,45.500,5.5,20
2022,6,berrib2,Braxton Berrios,WR,NYJ,@GB,19.9,16,1.8,0.0,0.0,0.0,0.0,0.0,0.9,7.0,0.0,1.2,9.6,0.0,0.0,0.3,0.6,0.0,0.0,0.0,C-Game,2.4,4900.0,-3.5,0.49,0.3,-5.67,0.05,12.5,6.61,2.56,--,1,45.000,7.500,18.75
2022,6,goodwm1,Marquise Goodwin,WR,SEA,ARI,16.6,4,1.7,0.0,0.0,0.0,0.0,0.0,0.0,0.0,0.0,0.9,12.4,0.1,0.0,0.0,0.6,0.0,0.0,0.0,C-Game,2.2,4700.0,-3.5,0.47,0.0,-5.69,0.00,12.2,6.48,2.59,--,-,50.500,2.5,24
2022,6,sherft1,Trent Sherfield,WR,MIA,MIN,19.0,12,1.7,0.0,0.0,0.0,0.0,0.0,0.0,0.0,0.0,1.6,13.1,0.1,0.0,0.0,0.8,0.0,0.0,0.0,C-Game,2.5,4900.0,-3.4,0.52,0.0,-5.93,0.00,12.5,6.58,2.55,--,1,45.500,3,21.25
2022,6,jonesv1,Velus Jones,WR,CHI,WAS,31.6,32,1.6,0.0,0.0,0.0,0.0,0.0,0.0,0.0,0.0,1.0,11.0,0.1,0.0,0.0,0.6,0.0,0.0,0.0,C-Game,2.1,4500.0,-3.4,0.46,0.0,-5.45,0.00,12.1,6.63,2.68,--,-,38.500,1,18.75
2022,6,mclour1,Ray-Ray McCloud,WR,SF,@ATL,24.8,24,1.4,0.0,0.0,0.0,0.0,0.0,0.0,0.0,0.0,0.9,10.4,0.1,0.0,0.0,0.5,0.0,0.0,0.0,C-Game,1.9,4600.0,-3.7,0.41,0.0,-5.57,0.00,11.9,6.33,2.59,--,1,46.000,-4.500,25.25
2022,6,watkiq1,Quez Watkins,WR,PHI,DAL,18.3,8,1.4,0.0,0.0,0.0,0.0,0.0,0.0,0.0,0.0,0.8,11.0,0.1,0.0,0.0,0.5,0.0,0.0,0.0,C-Game,1.8,5000.0,-4.2,0.37,0.0,-6.05,0.00,11.9,5.83,2.38,--,-,42.000,-6.5,24.25
2022,6,atwelt1,Tutu Atwell,WR,LAR,CAR,22.1,20,1.4,0.0,0.0,0.0,0.0,0.0,0.0,0.0,0.0,0.6,9.2,0.1,0.0,0.0,0.4,0.0,0.0,0.0,C-Game,1.7,4900.0,-4.2,0.35,0.0,-5.93,0.00,11.7,5.79,2.39,--,1,41.500,-10,25.75
2022,6,winfrj1,Juwann Winfree,WR,GB,NYJ,21.2,19,1.4,0.0,0.0,0.0,0.0,0.0,0.0,0.0,0.0,0.9,14.0,0.0,0.0,0.0,0.6,0.0,0.0,0.0,C-Game,1.8,4500.0,-3.6,0.41,0.0,-5.45,0.00,11.9,6.47,2.65,--,1,45.000,-7.5,26.25
2022,6,stracm1,Mike Strachan,WR,IND,JAX,19.0,11,1.3,0.0,0.0,0.0,0.0,0.0,0.0,0.0,0.0,0.6,10.9,0.0,0.0,0.0,0.5,0.0,0.0,0.0,C-Game,1.6,4700.0,-4.1,0.33,0.0,-5.69,0.00,11.6,5.96,2.48,--,1,41.000,-1.5,21.25
2022,6,wallat1,Tylan Wallace,WR,BAL,@NYG,20.1,18,1.3,0.0,0.0,0.0,0.0,0.0,0.0,0.0,0.0,0.6,11.6,0.0,0.0,0.0,0.5,0.0,0.0,0.0,C-Game,1.6,5100.0,-4.6,0.31,0.0,-6.17,0.00,11.7,5.48,2.28,--,1,45.500,-5.500,25.5
2022,6,jonest6,Tim Jones,WR,JAX,@IND,18.4,9,1.2,0.0,0.0,0.0,0.0,0.0,0.0,0.0,0.0,0.8,12.4,0.0,0.0,0.0,0.6,0.0,0.0,0.0,C-Game,1.6,4500.0,-3.8,0.36,0.0,-5.45,0.00,11.7,6.29,2.61,--,1,41.000,1.500,19.75
2022,6,watsoj1,Justin Watson,WR,KC,BUF,16.9,5,1.2,0.0,0.0,0.0,0.0,0.0,0.0,0.0,0.0,0.6,10.1,0.0,0.0,0.0,0.5,0.0,0.0,0.0,C-Game,1.5,4800.0,-4.3,0.32,0.0,-5.81,0.00,11.6,5.80,2.42,--,1,54.000,2.5,25.75
2022,6,shaher1,Rashid Shaheed,WR,NO,CIN,15.5,2,1.2,0.0,0.0,0.0,0.0,0.0,0.0,0.0,0.0,0.4,9.2,0.0,0.0,0.0,0.4,0.0,0.0,0.0,C-Game,1.4,4500.0,-4.1,0.30,0.0,-5.45,0.00,11.4,6.00,2.54,--,1,43.500,3,20.25
2022,6,simsc2,Cam Sims,WR,WAS,@CHI,19.9,17,1.0,0.0,0.0,0.0,0.0,0.0,0.0,0.0,0.0,0.6,7.8,0.0,0.0,0.0,0.4,0.0,0.0,0.0,C-Game,1.3,4500.0,-4.1,0.29,0.0,-5.45,0.00,11.4,5.96,2.53,--,-,38.500,-1.000,19.75
2022,6,eskrid1,D'Wayne Eskridge,WR,SEA,ARI,16.6,4,1.0,0.0,0.0,0.0,0.0,0.0,0.0,0.0,0.0,0.7,7.5,0.0,0.0,0.0,0.4,0.0,0.0,0.0,C-Game,1.3,4600.0,-4.2,0.29,0.0,-5.57,0.00,11.4,5.84,2.48,--,1,50.500,2.5,24
2022,6,belld1,David Bell,WR,CLE,NE,18.2,7,0.8,0.0,0.0,0.0,0.0,0.0,0.0,0.0,0.0,0.8,8.2,0.0,0.0,0.0,0.5,0.0,0.0,0.0,C-Game,1.2,4900.0,-4.7,0.25,0.0,-5.93,0.00,11.4,5.43,2.32,--,1,43.000,-2.5,22.75
2022,6,pascaz1,Zach Pascal,WR,PHI,DAL,18.3,8,0.7,0.0,0.0,0.0,0.0,0.0,0.0,0.0,0.0,1.0,7.3,0.0,0.0,0.0,0.5,0.0,0.0,0.0,C-Game,1.2,4900.0,-4.7,0.25,0.0,-5.93,0.00,11.4,5.44,2.32,--,-,42.000,-6.5,24.25
2022,6,boykim1,Miles Boykin,WR,PIT,TB,19.7,14,0.7,0.0,0.0,0.0,0.0,0.0,0.0,0.0,0.0,0.4,5.7,0.0,0.0,0.0,0.3,0.0,0.0,0.0,C-Game,0.9,4700.0,-4.8,0.19,0.0,-5.69,0.00,11.0,5.35,2.35,--,1,46.000,9.5,18.25
2022,6,thomam3,Mike Thomas,WR,CIN,@NO,25.4,26,0.6,0.0,0.0,0.0,0.0,0.0,0.0,0.0,0.0,0.5,5.1,0.0,0.0,0.0,0.3,0.0,0.0,0.0,C-Game,0.8,4600.0,-4.7,0.18,0.0,-5.57,0.00,11.0,5.41,2.39,--,1,43.500,-3.000,23.25
2022,6,schwaa1,Anthony Schwartz,WR,CLE,NE,18.2,7,0.5,0.0,0.0,0.0,0.0,0.0,0.0,0.0,0.0,0.3,5.1,0.0,0.0,0.0,0.2,0.0,0.0,0.0,C-Game,0.6,4600.0,-4.9,0.14,0.0,-5.57,0.00,10.8,5.26,2.35,--,1,43.000,-2.5,22.75
2022,6,edwarb4,Bryan Edwards,WR,ATL,SF,19.6,13,0.5,0.0,0.0,0.0,0.0,0.0,0.0,0.0,0.0,0.7,5.0,0.0,0.0,0.0,0.3,0.0,0.0,0.0,C-Game,0.8,4800.0,-5.0,0.17,0.0,-5.81,0.00,11.0,5.18,2.29,--,1,46.000,4.5,20.75
2022,6,whitek1,Kevin White,WR,NO,CIN,15.5,2,0.5,0.0,0.0,0.0,0.0,0.0,0.0,0.0,0.0,0.2,3.7,0.0,0.0,0.0,0.1,0.0,0.0,0.0,C-Game,0.5,4500.0,-4.9,0.12,0.0,-5.45,0.00,10.7,5.26,2.38,--,1,43.500,3,20.25
2022,6,fehoks1,Simi Fehoko,WR,DAL,@PHI,15.6,3,0.4,0.0,0.0,0.0,0.0,0.0,0.0,0.0,0.0,0.1,2.2,0.0,0.0,0.0,0.1,0.0,0.0,0.0,C-Game,0.4,4600.0,-5.2,0.09,0.0,-5.57,0.00,10.6,5.01,2.30,--,-,42.000,6.500,17.75
2022,6,reagoj1,Jalen Reagor,WR,MIN,@MIA,18.9,10,0.3,0.0,0.0,0.0,0.0,0.0,0.0,0.0,0.0,0.2,2.6,0.0,0.0,0.0,0.1,0.0,0.0,0.0,C-Game,0.4,4800.0,-5.4,0.08,0.0,-5.81,0.00,10.6,4.76,2.20,--,1,45.500,-3.000,24.25
2022,6,smithj8,Jeff Smith,WR,NYJ,@GB,19.9,16,0.2,0.0,0.0,0.0,0.0,0.0,0.0,0.0,0.0,0.3,2.4,0.0,0.0,0.0,0.2,0.0,0.0,0.0,C-Game,0.4,4500.0,-5.0,0.09,0.0,-5.45,0.00,10.6,5.15,2.35,--,1,45.000,7.500,18.75
2022,6,kelcet1,Travis Kelce,TE,KC,BUF,1.6,1,10.9,0.0,0.0,0.0,0.0,0.0,0.0,0.0,0.0,6.4,72.1,0.6,0.0,0.0,3.8,0.0,0.0,0.0,A-Game,14.2,8300.0,6.7,1.71,4.4,-3.04,0.53,19.5,11.99,2.34,--,13,54.000,2.5,25.75
2022,6,andrem1,Mark Andrews,TE,BAL,@NYG,8.5,23,10.7,0.0,0.0,0.0,0.0,0.0,0.0,0.0,0.0,6.4,76.7,0.5,0.0,0.0,4.0,0.0,0.0,0.0,A-Game,13.9,7800.0,6.9,1.78,4.7,-2.30,0.61,19.3,12.25,2.47,--,18,45.500,-5.500,25.5
2022,6,hillt2,Taysom Hill,TE,NO,CIN,7.8,19,9.1,0.0,0.0,0.0,0.0,0.0,10.7,64.1,0.5,0.0,0.0,0.0,0.0,2.7,0.0,0.1,0.0,0.0,A-Game,9.1,7500.0,2.4,1.22,0.0,-6.75,0.00,9.8,3.09,1.31,--,3,43.500,3,20.25
2022,6,ertzz1,Zach Ertz,TE,ARI,@SEA,23.5,32,9.0,0.0,0.0,0.0,0.0,0.0,0.0,0.0,0.0,4.8,50.2,0.7,0.0,0.0,2.7,0.0,0.0,0.0,A-Game,11.4,6000.0,6.0,1.90,2.4,-3.00,0.40,17.6,12.18,2.93,--,13,50.500,-2.500,26.5
2022,6,goeded1,Dallas Goedert,TE,PHI,DAL,4.2,8,7.8,0.0,0.0,0.0,0.0,0.0,0.0,0.0,0.0,4.7,61.1,0.3,0.0,0.0,3.1,0.0,0.0,0.0,B-Game,10.1,6100.0,4.6,1.66,3.1,-2.40,0.51,16.7,11.22,2.74,--,-,42.000,-6.5,24.25
2022,6,kittlg1,George Kittle,TE,SF,@ATL,8.2,21,7.6,0.0,0.0,0.0,0.0,0.0,0.0,0.0,0.0,4.4,48.7,0.5,0.0,0.0,2.6,0.0,0.0,0.0,B-Game,9.8,5700.0,4.6,1.71,2.2,-2.96,0.38,16.5,11.35,2.89,--,13,46.000,-4.500,25.25
2022,6,higbet1,Tyler Higbee,TE,LAR,CAR,4.0,6,7.0,0.0,0.0,0.0,0.0,0.0,0.0,0.0,0.0,5.7,55.3,0.3,0.0,0.0,3.1,0.0,0.0,0.0,B-Game,9.8,6200.0,4.2,1.58,3.0,-2.55,0.49,16.5,10.93,2.66,--,13,41.500,-10,25.75
2022,6,njokud1,David Njoku,TE,CLE,NE,7.9,20,6.7,0.0,0.0,0.0,0.0,0.0,0.0,0.0,0.0,4.3,55.4,0.2,0.0,0.0,2.8,0.0,0.0,0.0,B-Game,8.9,5900.0,3.5,1.50,2.6,-2.74,0.44,15.9,10.56,2.69,--,3,43.000,-2.5,22.75
2022,6,evereg1,Gerald Everett,TE,LAC,DEN,4.7,9,6.1,0.0,0.0,0.0,0.0,0.0,0.0,0.0,0.0,3.2,39.7,0.4,0.0,0.0,2.0,0.0,0.0,0.0,C-Game,7.6,6000.0,2.2,1.27,1.1,-4.28,0.19,15.0,9.62,2.50,--,-,45.500,-4.5,25
2022,6,pittsk1,Kyle Pitts,TE,ATL,SF,2.4,2,5.1,0.0,0.0,0.0,0.0,0.0,0.0,0.0,0.0,3.0,40.3,0.2,0.0,0.0,2.0,0.0,0.0,0.0,C-Game,6.6,5500.0,1.7,1.21,1.1,-3.85,0.20,14.4,9.41,2.61,--,8,46.000,4.5,20.75
2022,6,smithi2,Irv Smith Jr.,TE,MIN,@MIA,9.8,26,4.6,0.0,0.0,0.0,0.0,0.0,0.0,0.0,0.0,2.8,30.3,0.3,0.0,0.0,1.6,0.0,0.0,0.0,C-Game,6.0,4900.0,1.6,1.23,0.4,-4.03,0.08,13.9,9.53,2.84,--,3,45.500,-3.000,24.25
2022,6,knoxd1,Dawson Knox,TE,BUF,@KC,8.3,22,4.5,0.0,0.0,0.0,0.0,0.0,0.0,0.0,0.0,2.9,25.8,0.3,0.0,0.0,1.5,0.0,0.0,0.0,C-Game,6.0,5100.0,1.4,1.17,0.4,-4.22,0.07,13.9,9.31,2.73,--,8,54.000,-2.500,28.25
2022,6,hursth1,Hayden Hurst,TE,CIN,@NO,3.4,5,4.4,0.0,0.0,0.0,0.0,0.0,0.0,0.0,0.0,3.7,29.5,0.3,0.0,0.0,1.7,0.0,0.0,0.0,C-Game,6.3,4900.0,1.9,1.28,0.6,-3.78,0.13,14.1,9.70,2.88,--,3,43.500,-3.000,23.25
2022,6,bellid1,Daniel Bellinger,TE,NYG,BAL,10.6,28,4.4,0.0,0.0,0.0,0.0,0.0,0.0,0.0,0.0,2.2,24.5,0.3,0.0,0.0,1.3,0.0,0.0,0.0,C-Game,5.5,4700.0,1.2,1.16,0.1,-4.12,0.02,13.5,9.31,2.88,--,1,45.500,5.5,20
2022,6,disslw1,Will Dissly,TE,SEA,ARI,11.2,31,4.3,0.0,0.0,0.0,0.0,0.0,0.0,0.0,0.0,2.5,26.1,0.3,0.0,0.0,1.4,0.0,0.0,0.0,C-Game,5.6,5000.0,1.1,1.12,0.2,-4.26,0.05,13.6,9.14,2.73,--,1,50.500,2.5,24
2022,6,tonyar1,Robert Tonyan,TE,GB,NYJ,5.0,11,4.3,0.0,0.0,0.0,0.0,0.0,0.0,0.0,0.0,3.3,26.7,0.3,0.0,0.0,1.6,0.0,0.0,0.0,C-Game,6.0,4900.0,1.6,1.22,0.5,-3.90,0.10,13.9,9.48,2.84,--,3,45.000,-7.5,26.25
2022,6,engrae1,Evan Engram,TE,JAX,@IND,9.6,25,4.3,0.0,0.0,0.0,0.0,0.0,0.0,0.0,0.0,3.9,33.6,0.2,0.0,0.0,1.9,0.0,0.0,0.0,C-Game,6.2,5200.0,1.5,1.20,0.9,-3.73,0.18,14.1,9.40,2.71,--,3,41.000,1.500,19.75
2022,6,conklt1,Tyler Conklin,TE,NYJ,@GB,6.8,17,4.1,0.0,0.0,0.0,0.0,0.0,0.0,0.0,0.0,3.4,31.3,0.2,0.0,0.0,1.8,0.0,0.0,0.0,C-Game,5.8,4900.0,1.4,1.19,0.6,-3.77,0.13,13.8,9.39,2.82,--,1,45.000,7.500,18.75
2022,6,henryh1,Hunter Henry,TE,NE,@CLE,4.8,10,4.0,0.0,0.0,0.0,0.0,0.0,0.0,0.0,0.0,2.2,27.5,0.2,0.0,0.0,1.4,0.0,0.0,0.0,C-Game,5.1,4700.0,0.9,1.09,0.1,-4.09,0.03,13.3,9.09,2.84,--,3,43.000,2.500,20.25
2022,6,gesicm1,Mike Gesicki,TE,MIA,MIN,6.5,16,4.0,0.0,0.0,0.0,0.0,0.0,0.0,0.0,0.0,2.6,28.6,0.2,0.0,0.0,1.5,0.0,0.0,0.0,C-Game,5.3,4800.0,0.9,1.09,0.3,-4.06,0.05,13.4,9.10,2.80,--,1,45.500,3,21.25
2022,6,aliecm1,Mo Alie-Cox,TE,IND,JAX,2.4,3,3.8,0.0,0.0,0.0,0.0,0.0,0.0,0.0,0.0,1.8,23.1,0.3,0.0,0.0,1.2,0.0,0.0,0.0,C-Game,4.7,4800.0,0.4,0.98,0.0,-4.32,0.00,13.0,8.72,2.72,--,1,41.000,-1.5,21.25
2022,6,bratec1,Cameron Brate,TE,TB,@PIT,7.4,18,3.6,0.0,0.0,0.0,0.0,0.0,0.0,0.0,0.0,2.5,24.8,0.2,0.0,0.0,1.4,0.0,0.0,0.0,C-Game,4.8,4800.0,0.5,1.01,0.2,-4.11,0.04,13.1,8.81,2.73,--,1,46.000,-9.500,27.75
2022,6,batesj1,John Bates,TE,WAS,@CHI,5.7,14,3.6,0.0,0.0,0.0,0.0,0.0,0.0,0.0,0.0,2.3,28.5,0.1,0.0,0.0,1.5,0.0,0.0,0.0,C-Game,4.7,4400.0,0.8,1.08,0.2,-3.80,0.04,13.1,9.11,2.97,--,-,38.500,-1.000,19.75
2022,6,fantn1,Noah Fant,TE,SEA,ARI,11.2,31,3.5,0.0,0.0,0.0,0.0,0.0,0.0,0.0,0.0,2.7,22.4,0.2,0.0,0.0,1.3,0.0,0.0,0.0,C-Game,4.9,4900.0,0.5,0.99,0.3,-4.13,0.06,13.1,8.74,2.68,--,1,50.500,2.5,24
2022,6,gentrz1,Zach Gentry,TE,PIT,TB,6.4,15,3.5,0.0,0.0,0.0,0.0,0.0,0.0,0.0,0.0,2.5,27.1,0.1,0.0,0.0,1.4,0.0,0.0,0.0,C-Game,4.8,4600.0,0.6,1.04,0.2,-3.91,0.05,13.1,8.95,2.84,--,3,46.000,9.5,18.25
2022,6,kmetc1,Cole Kmet,TE,CHI,WAS,5.0,12,3.3,0.0,0.0,0.0,0.0,0.0,0.0,0.0,0.0,2.8,23.8,0.2,0.0,0.0,1.4,0.0,0.0,0.0,C-Game,4.7,4600.0,0.6,1.03,0.3,-3.82,0.07,13.1,8.92,2.84,--,-,38.500,1,18.75
2022,6,saubee1,Eric Saubert,TE,DEN,@LAC,2.9,4,3.1,0.0,0.0,0.0,0.0,0.0,0.0,0.0,0.0,2.0,21.7,0.2,0.0,0.0,1.2,0.0,0.0,0.0,C-Game,4.1,4200.0,0.3,0.98,0.1,-3.72,0.02,12.6,8.86,3.01,--,-,45.500,4.500,20.5
2022,6,gransk1,Kylen Granson,TE,IND,JAX,2.4,3,3.0,0.0,0.0,0.0,0.0,0.0,0.0,0.0,0.0,2.1,21.8,0.1,0.0,0.0,1.2,0.0,0.0,0.0,C-Game,4.0,4400.0,0.1,0.92,0.1,-3.86,0.02,12.6,8.63,2.86,--,1,41.000,-1.5,21.25
2022,6,hendep1,Peyton Hendershot,TE,DAL,@PHI,5.1,13,2.7,0.0,0.0,0.0,0.0,0.0,0.0,0.0,0.0,1.7,21.0,0.1,0.0,0.0,1.1,0.0,0.0,0.0,C-Game,3.6,4100.0,-0.1,0.87,0.0,-3.69,0.00,12.3,8.59,3.00,--,-,42.000,6.500,17.75
2022,6,johnsj16,Juwan Johnson,TE,NO,CIN,7.8,19,2.5,0.0,0.0,0.0,0.0,0.0,0.0,0.0,0.0,1.4,18.4,0.1,0.0,0.0,0.9,0.0,0.0,0.0,C-Game,3.1,4600.0,-1.0,0.68,0.0,-4.14,0.00,12.0,7.84,2.61,--,1,43.500,3,20.25
2022,6,thomai1,Ian Thomas,TE,CAR,@LAR,4.1,7,2.4,0.0,0.0,0.0,0.0,0.0,0.0,0.0,0.0,1.6,20.7,0.1,0.0,0.0,1.1,0.0,0.0,0.0,C-Game,3.2,4500.0,-0.8,0.71,0.0,-4.05,0.00,12.0,7.99,2.67,--,1,41.500,10.000,15.75
2022,6,likeli1,Isaiah Likely,TE,BAL,@NYG,8.5,23,2.4,0.0,0.0,0.0,0.0,0.0,0.0,0.0,0.0,1.8,16.3,0.1,0.0,0.0,0.9,0.0,0.0,0.0,C-Game,3.3,4600.0,-0.9,0.71,0.0,-4.14,0.00,12.1,7.92,2.62,--,1,45.500,-5.500,25.5
2022,6,trauta1,Adam Trautman,TE,NO,CIN,7.8,19,2.1,0.0,0.0,0.0,0.0,0.0,0.0,0.0,0.0,1.6,14.8,0.1,0.0,0.0,0.8,0.0,0.0,0.0,C-Game,2.9,4700.0,-1.3,0.61,0.0,-4.23,0.00,11.8,7.58,2.51,--,1,43.500,3,20.25
2022,6,bryanh2,Harrison Bryant,TE,CLE,NE,7.9,20,2.1,0.0,0.0,0.0,0.0,0.0,0.0,0.0,0.0,1.6,15.4,0.1,0.0,0.0,0.9,0.0,0.0,0.0,C-Game,2.9,4500.0,-1.2,0.64,0.0,-4.05,0.00,11.8,7.74,2.62,--,1,43.000,-2.5,22.75
2022,6,woodsj1,Jelani Woods,TE,IND,JAX,2.4,3,2.0,0.0,0.0,0.0,0.0,0.0,0.0,0.0,0.0,0.7,9.7,0.2,0.0,0.0,0.5,0.0,0.0,0.0,C-Game,2.4,4300.0,-1.5,0.55,0.0,-3.87,0.00,11.5,7.58,2.66,--,1,41.000,-1.5,21.25
2022,6,heywac1,Connor Heyward,TE,PIT,TB,6.4,15,1.8,0.0,0.0,0.0,0.0,0.0,0.0,0.0,0.0,1.5,13.6,0.1,0.0,0.0,0.8,0.0,0.0,0.0,C-Game,2.5,4300.0,-1.4,0.58,0.0,-3.87,0.00,11.5,7.66,2.68,--,1,46.000,9.5,18.25
2022,6,griffr2,Ryan Griffin,TE,CHI,WAS,5.0,12,1.7,0.0,0.0,0.0,0.0,0.0,0.0,0.0,0.0,1.1,13.8,0.1,0.0,0.0,0.7,0.0,0.0,0.0,C-Game,2.3,4200.0,-1.5,0.55,0.0,-3.78,0.00,11.4,7.63,2.72,--,-,38.500,1,18.75
2022,6,ferguj3,Jake Ferguson,TE,DAL,@PHI,5.1,13,1.7,0.0,0.0,0.0,0.0,0.0,0.0,0.0,0.0,1.5,13.3,0.1,0.0,0.0,0.8,0.0,0.0,0.0,C-Game,2.5,4400.0,-1.5,0.56,0.0,-3.96,0.00,11.5,7.56,2.62,--,-,42.000,6.500,17.75
2022,6,mundtj1,Johnny Mundt,TE,MIN,@MIA,9.8,26,1.6,0.0,0.0,0.0,0.0,0.0,0.0,0.0,0.0,1.6,13.2,0.1,0.0,0.0,0.8,0.0,0.0,0.0,C-Game,2.5,4300.0,-1.4,0.57,0.0,-3.87,0.00,11.5,7.65,2.68,--,1,45.500,-3.000,24.25
2022,6,mcbrit2,Trey McBride,TE,ARI,@SEA,23.5,32,1.6,0.0,0.0,0.0,0.0,0.0,0.0,0.0,0.0,1.2,13.6,0.0,0.0,0.0,0.7,0.0,0.0,0.0,C-Game,2.2,4300.0,-1.7,0.52,0.0,-3.87,0.00,11.3,7.48,2.64,--,1,50.500,-2.500,26.5
2022,6,smithj6,Jonnu Smith,TE,NE,@CLE,4.8,10,1.5,0.0,0.0,0.0,0.0,0.0,0.0,0.0,0.0,1.8,12.7,0.0,0.0,0.0,0.8,0.0,0.0,0.0,C-Game,2.4,4400.0,-1.6,0.54,0.0,-3.96,0.00,11.4,7.49,2.60,--,1,43.000,2.500,20.25
2022,6,parkic1,Colby Parkinson,TE,SEA,ARI,11.2,31,1.5,0.0,0.0,0.0,0.0,0.0,0.0,0.0,0.0,0.9,13.7,0.0,0.0,0.0,0.7,0.0,0.0,0.0,C-Game,1.9,4400.0,-2.1,0.43,0.0,-3.96,0.00,11.1,7.18,2.53,--,1,50.500,2.5,24
2022,6,ottonc1,Cade Otton,TE,TB,@PIT,7.4,18,1.4,0.0,0.0,0.0,0.0,0.0,0.0,0.0,0.0,1.1,9.6,0.1,0.0,0.0,0.6,0.0,0.0,0.0,C-Game,2.0,5000.0,-2.5,0.39,0.0,-4.50,0.00,11.2,6.68,2.24,--,1,46.000,-9.500,27.75
2022,6,trembt1,Tommy Tremble,TE,CAR,@LAR,4.1,7,1.4,0.0,0.0,0.0,0.0,0.0,0.0,0.0,0.0,1.3,11.4,0.0,0.0,0.0,0.7,0.0,0.0,0.0,C-Game,2.0,4400.0,-1.9,0.46,0.0,-3.96,0.00,11.2,7.28,2.55,--,1,41.500,10.000,15.75
2022,6,hudsot1,Tanner Hudson,TE,NYG,BAL,10.6,28,1.3,0.0,0.0,0.0,0.0,0.0,0.0,0.0,0.0,0.7,9.2,0.1,0.0,0.0,0.5,0.0,0.0,0.0,C-Game,1.6,4100.0,-2.1,0.39,0.0,-3.69,0.00,10.9,7.23,2.66,--,1,45.500,5.5,20
2022,6,grayn1,Noah Gray,TE,KC,BUF,1.6,1,1.2,0.0,0.0,0.0,0.0,0.0,0.0,0.0,0.0,1.0,11.5,0.0,0.0,0.0,0.6,0.0,0.0,0.0,C-Game,1.7,4100.0,-1.9,0.42,0.0,-3.69,0.00,11.0,7.34,2.69,--,1,54.000,2.5,25.75
2022,6,arnold1,Dan Arnold,TE,JAX,@IND,9.6,25,1.2,0.0,0.0,0.0,0.0,0.0,0.0,0.0,0.0,0.6,11.2,0.0,0.0,0.0,0.5,0.0,0.0,0.0,C-Game,1.5,4200.0,-2.3,0.36,0.0,-3.78,0.00,10.9,7.09,2.59,--,1,41.000,1.500,19.75
2022,6,okwuea1,Albert Okwuegbunam,TE,DEN,@LAC,2.9,4,1.2,0.0,0.0,0.0,0.0,0.0,0.0,0.0,0.0,1.1,12.0,0.0,0.0,0.0,0.6,0.0,0.0,0.0,C-Game,1.7,4700.0,-2.5,0.37,0.0,-4.23,0.00,11.0,6.78,2.34,--,-,45.500,4.500,20.5
2022,6,hessep1,Parker Hesse,TE,ATL,SF,2.4,2,1.2,0.0,0.0,0.0,0.0,0.0,0.0,0.0,0.0,0.9,9.1,0.0,0.0,0.0,0.5,0.0,0.0,0.0,C-Game,1.6,4400.0,-2.3,0.37,0.0,-3.96,0.00,11.0,7.00,2.49,--,1,46.000,4.5,20.75
2022,6,mckitt1,Tre McKitty,TE,LAC,DEN,4.7,9,1.1,0.0,0.0,0.0,0.0,0.0,0.0,0.0,0.0,0.7,8.2,0.1,0.0,0.0,0.4,0.0,0.0,0.0,C-Game,1.5,4300.0,-2.4,0.35,0.0,-3.87,0.00,10.9,6.98,2.52,--,-,45.500,-4.5,25
2022,6,blantk1,Kendall Blanton,TE,LAR,CAR,4.0,6,1.1,0.0,0.0,0.0,0.0,0.0,0.0,0.0,0.0,0.6,9.2,0.0,0.0,0.0,0.4,0.0,0.0,0.0,C-Game,1.4,4200.0,-2.4,0.33,0.0,-3.78,0.00,10.8,6.99,2.56,--,1,41.500,-10,25.75
2022,6,uzomac1,C.J. Uzomah,TE,NYJ,@GB,6.8,17,1.1,0.0,0.0,0.0,0.0,0.0,0.0,0.0,0.0,1.0,10.8,0.0,0.0,0.0,0.6,0.0,0.0,0.0,C-Game,1.6,4400.0,-2.4,0.36,0.0,-3.96,0.00,10.9,6.95,2.48,--,1,45.000,7.500,18.75
2022,6,firksa1,Anthony Firkser,TE,ATL,SF,2.4,2,1.0,0.0,0.0,0.0,0.0,0.0,0.0,0.0,0.0,0.7,8.1,0.0,0.0,0.0,0.4,0.0,0.0,0.0,C-Game,1.4,4500.0,-2.7,0.30,0.0,-4.05,0.00,10.8,6.72,2.39,--,1,46.000,4.5,20.75
2022,6,deguaj1,Josiah Deguara,TE,GB,NYJ,5.0,11,1.0,0.0,0.0,0.0,0.0,0.0,0.0,0.0,0.0,1.0,10.2,0.0,0.0,0.0,0.6,0.0,0.0,0.0,C-Game,1.5,4300.0,-2.4,0.35,0.0,-3.87,0.00,10.9,7.00,2.53,--,1,45.000,-7.5,26.25
2022,6,rogera1,Armani Rogers,TE,WAS,@CHI,5.7,14,0.8,0.0,0.0,0.0,0.0,0.0,0.0,0.0,0.0,0.4,5.2,0.1,0.0,0.0,0.3,0.0,0.0,0.0,C-Game,1.0,4000.0,-2.6,0.26,0.0,-3.60,0.00,10.5,6.94,2.63,--,-,38.500,-1.000,19.75
2022,6,becka1,Andrew Beck,TE,DEN,@LAC,2.9,4,0.7,0.0,0.0,0.0,0.0,0.0,0.0,0.0,0.0,0.4,7.2,0.0,0.0,0.0,0.3,0.0,0.0,0.0,C-Game,0.9,4100.0,-2.8,0.23,0.0,-3.69,0.00,10.5,6.78,2.55,--,-,45.500,4.500,20.5
2022,6,davist4,Tyler Davis,TE,,@,0.0,,0.6,0.0,0.0,0.0,0.0,0.0,0.0,0.0,0.0,0.8,6.3,0.0,0.0,0.0,0.4,0.0,0.0,0.0,C-Game,,,,,,,,,,,,,,,
2022,6,parhad1,Donald Parham,TE,LAC,DEN,4.7,9,0.5,0.0,0.0,0.0,0.0,0.0,0.0,0.0,0.0,0.6,5.5,0.0,0.0,0.0,0.3,0.0,0.0,0.0,C-Game,0.8,4200.0,-2.9,0.20,0.0,-3.78,0.00,10.4,6.64,2.48,--,-,45.500,-4.5,25
2022,6,sullis1,Stephen Sullivan,TE,CAR,@LAR,4.1,7,0.5,0.0,0.0,0.0,0.0,0.0,0.0,0.0,0.0,0.5,5.2,0.0,0.0,0.0,0.3,0.0,0.0,0.0,C-Game,0.7,4100.0,-2.9,0.18,0.0,-3.69,0.00,10.4,6.66,2.52,--,1,41.500,10.000,15.75
2022,6,myaric1,Chris Myarick,TE,NYG,BAL,10.6,28,0.5,0.0,0.0,0.0,0.0,0.0,0.0,0.0,0.0,0.7,4.1,0.0,0.0,0.0,0.3,0.0,0.0,0.0,C-Game,0.8,4200.0,-3.0,0.19,0.0,-3.78,0.00,10.4,6.61,2.47,--,1,45.500,5.5,20
2022,6,connet1,Tanner Conner,TE,MIA,MIN,6.5,16,0.5,0.0,0.0,0.0,0.0,0.0,0.0,0.0,0.0,0.6,3.6,0.0,0.0,0.0,0.2,0.0,0.0,0.0,C-Game,0.8,4000.0,-2.8,0.19,0.0,-3.60,0.00,10.4,6.77,2.59,--,-,45.500,3,21.25
2022,6,fortsj1,Jody Fortson,TE,KC,BUF,1.6,1,0.5,0.0,0.0,0.0,0.0,0.0,0.0,0.0,0.0,0.4,2.9,0.0,0.0,0.0,0.2,0.0,0.0,0.0,C-Game,0.6,4600.0,-3.5,0.14,0.0,-4.14,0.00,10.3,6.13,2.23,--,1,54.000,2.5,25.75
2022,6,olivej1,Josh Oliver,TE,BAL,@NYG,8.5,23,0.4,0.0,0.0,0.0,0.0,0.0,0.0,0.0,0.0,0.4,2.3,0.0,0.0,0.0,0.2,0.0,0.0,0.0,C-Game,0.6,4200.0,-3.2,0.15,0.0,-3.78,0.00,10.3,6.49,2.44,--,1,45.500,-5.500,25.5
2022,6,manhec1,Chris Manhertz,TE,JAX,@IND,9.6,25,0.4,0.0,0.0,0.0,0.0,0.0,0.0,0.0,0.0,0.6,3.7,0.0,0.0,0.0,0.2,0.0,0.0,0.0,C-Game,0.7,4300.0,-3.2,0.16,0.0,-3.87,0.00,10.3,6.44,2.40,--,1,41.000,1.500,19.75
2022,6,wescot1,Trevon Wesco,TE,CHI,WAS,5.0,12,0.4,0.0,0.0,0.0,0.0,0.0,0.0,0.0,0.0,0.5,3.7,0.0,0.0,0.0,0.2,0.0,0.0,0.0,C-Game,0.6,4300.0,-3.3,0.14,0.0,-3.87,0.00,10.2,6.38,2.38,--,-,38.500,1,18.75
2022,6,turnec2,Cole Turner,TE,WAS,@CHI,5.7,14,0.3,0.0,0.0,0.0,0.0,0.0,0.0,0.0,0.0,0.2,2.6,0.0,0.0,0.0,0.1,0.0,0.0,0.0,C-Game,0.4,4000.0,-3.2,0.11,0.0,-3.60,0.00,10.1,6.54,2.53,--,-,38.500,-1.000,19.75
2022,6,holtzj1,J.P. Holtz,TE,NO,CIN,7.8,19,0.3,0.0,0.0,0.0,0.0,0.0,0.0,0.0,0.0,0.4,1.8,0.0,0.0,0.0,0.1,0.0,0.0,0.0,C-Game,0.5,4000.0,-3.1,0.12,0.0,-3.60,0.00,10.2,6.58,2.55,--,-,43.500,3,20.25
2022,6,wilcom1,Mitchell Wilcox,TE,CIN,@NO,3.4,5,0.3,0.0,0.0,0.0,0.0,0.0,0.0,0.0,0.0,0.2,2.6,0.0,0.0,0.0,0.1,0.0,0.0,0.0,C-Game,0.4,4300.0,-3.5,0.09,0.0,-3.87,0.00,10.1,6.22,2.35,--,1,43.500,-3.000,23.25
2022,6,stollj1,Jack Stoll,TE,PHI,DAL,4.2,8,0.2,0.0,0.0,0.0,0.0,0.0,0.0,0.0,0.0,0.3,2.4,0.0,0.0,0.0,0.1,0.0,0.0,0.0,C-Game,0.4,4100.0,-3.3,0.10,0.0,-3.69,0.00,10.1,6.42,2.47,--,-,42.000,-6.5,24.25
2022,6,calcag1,Grant Calcaterra,TE,PHI,DAL,4.2,8,0.2,0.0,0.0,0.0,0.0,0.0,0.0,0.0,0.0,0.2,1.2,0.0,0.0,0.0,0.1,0.0,0.0,0.0,C-Game,0.3,4200.0,-3.5,0.08,0.0,-3.78,0.00,10.1,6.28,2.39,--,-,42.000,-6.5,24.25
2022,6,ARI,Arizona Cardinals,DEF,ARI,@SEA,6.1,15,,,,,,,,,,,,,,,,,,,,6.4,3900.0,0.2,1.64,1.9,-4.30,0.48,11.0,4.80,2.81,--,3,50.500,-2.500,26.5
2022,6,ATL,Atlanta Falcons,DEF,ATL,SF,7.7,20,,,,,,,,,,,,,,,,,,,,5.3,3000.0,0.5,1.76,1.5,-3.21,0.51,9.0,4.28,3.01,--,8,46.000,4.5,20.75
2022,6,BAL,Baltimore Ravens,DEF,BAL,@NYG,5.3,8,,,,,,,,,,,,,,,,,,,,7.0,4500.0,-0.1,1.57,2.0,-5.07,0.45,12.0,4.94,2.68,--,3,45.500,-5.500,25.5
2022,6,BUF,Buffalo Bills,DEF,BUF,@KC,3.5,3,,,,,,,,,,,,,,,,,,,,6.1,4000.0,-0.2,1.54,1.8,-4.54,0.45,10.5,4.19,2.63,--,3,54.000,-2.500,28.25
2022,6,CAR,Carolina Panthers,DEF,CAR,@LAR,14.1,32,,,,,,,,,,,,,,,,,,,,5.9,3700.0,0.0,1.59,1.7,-4.14,0.46,10.1,4.22,2.72,--,8,41.500,10.000,15.75
2022,6,CHI,Chicago Bears,DEF,CHI,WAS,9.1,24,,,,,,,,,,,,,,,,,,,,6.9,3300.0,1.7,2.10,2.0,-3.20,0.61,11.9,6.64,3.59,--,-,38.500,1,18.75
2022,6,CIN,Cincinnati Bengals,DEF,CIN,@NO,12.8,31,,,,,,,,,,,,,,,,,,,,6.2,3600.0,0.5,1.72,1.8,-3.89,0.50,10.6,4.91,2.94,--,13,43.500,-3.000,23.25
2022,6,CLE,Cleveland Browns,DEF,CLE,NE,9.6,27,,,,,,,,,,,,,,,,,,,,6.7,4500.0,-0.4,1.48,1.9,-5.18,0.43,11.4,4.29,2.53,--,1,43.000,-2.5,22.75
2022,6,DAL,Dallas Cowboys,DEF,DAL,@PHI,5.7,11,,,,,,,,,,,,,,,,,,,,5.6,4100.0,-0.9,1.36,1.6,-4.86,0.40,9.6,3.09,2.33,--,-,42.000,6.500,17.75
2022,6,DEN,Denver Broncos,DEF,DEN,@LAC,5.1,6,,,,,,,,,,,,,,,,,,,,5.0,3900.0,-1.1,1.29,1.5,-4.71,0.37,8.6,2.41,2.20,--,-,45.500,4.500,20.5
2022,6,GB,Green Bay Packers,DEF,GB,NYJ,9.5,26,,,,,,,,,,,,,,,,,,,,8.0,4600.0,0.7,1.73,2.3,-4.96,0.50,13.6,6.33,2.96,--,3,45.000,-7.5,26.25
2022,6,IND,Indianapolis Colts,DEF,IND,JAX,6.1,14,,,,,,,,,,,,,,,,,,,,6.6,4100.0,0.1,1.60,1.9,-4.58,0.46,11.2,4.73,2.73,--,3,41.000,-1.5,21.25
2022,6,JAX,Jacksonville Jaguars,DEF,JAX,@IND,12.0,30,,,,,,,,,,,,,,,,,,,,7.1,4300.0,0.3,1.64,2.0,-4.75,0.48,12.1,5.28,2.81,--,3,41.000,1.500,19.75
2022,6,KC,Kansas City Chiefs,DEF,KC,BUF,5.6,10,,,,,,,,,,,,,,,,,,,,5.5,3400.0,0.1,1.62,1.6,-3.77,0.47,9.4,4.06,2.77,--,3,54.000,2.5,25.75
2022,6,LAC,Los Angeles Chargers,DEF,LAC,DEN,10.3,29,,,,,,,,,,,,,,,,,,,,6.9,4000.0,0.5,1.71,2.0,-4.33,0.50,11.7,5.41,2.93,--,-,45.500,-4.5,25
2022,6,LAR,Los Angeles Rams,DEF,LAR,CAR,9.8,28,,,,,,,,,,,,,,,,,,,,10.2,4400.0,3.3,2.32,3.0,-3.99,0.67,17.5,10.52,3.97,--,18,41.500,-10,25.75
2022,6,MIA,Miami Dolphins,DEF,MIA,MIN,5.9,13,,,,,,,,,,,,,,,,,,,,5.6,4000.0,-0.8,1.39,1.6,-4.71,0.40,9.5,3.17,2.37,--,1,45.500,3,21.25
2022,6,MIN,Minnesota Vikings,DEF,MIN,@MIA,4.2,5,,,,,,,,,,,,,,,,,,,,7.0,4800.0,-0.6,1.46,2.0,-5.55,0.42,12.0,4.42,2.50,--,3,45.500,-3.000,24.25
2022,6,NE,New England Patriots,DEF,NE,@CLE,2.6,2,,,,,,,,,,,,,,,,,,,,6.4,4200.0,-0.2,1.54,1.9,-4.77,0.45,11.0,4.39,2.63,--,3,43.000,2.500,20.25
2022,6,NO,New Orleans Saints,DEF,NO,CIN,7.6,19,,,,,,,,,,,,,,,,,,,,6.3,3800.0,0.3,1.65,1.8,-4.18,0.48,10.7,4.74,2.83,--,8,43.500,3,20.25
2022,6,NYG,New York Giants,DEF,NYG,BAL,2.3,1,,,,,,,,,,,,,,,,,,,,5.5,3200.0,0.4,1.72,1.6,-3.46,0.50,9.4,4.35,2.94,--,13,45.500,5.5,20
2022,6,NYJ,New York Jets,DEF,NYJ,@GB,6.9,18,,,,,,,,,,,,,,,,,,,,4.4,3300.0,-0.8,1.34,1.3,-3.93,0.39,7.5,2.34,2.29,--,1,45.000,7.500,18.75
2022,6,PHI,Philadelphia Eagles,DEF,PHI,DAL,4.0,4,,,,,,,,,,,,,,,,,,,,8.2,4500.0,1.1,1.82,2.4,-4.73,0.53,14.0,6.91,3.12,--,-,42.000,-6.5,24.25
2022,6,PIT,Pittsburgh Steelers,DEF,PIT,TB,5.2,7,,,,,,,,,,,,,,,,,,,,4.5,3500.0,-1.0,1.28,1.3,-4.23,0.37,7.7,2.16,2.20,--,1,46.000,9.5,18.25
2022,6,SEA,Seattle Seahawks,DEF,SEA,ARI,5.3,9,,,,,,,,,,,,,,,,,,,,5.4,3100.0,0.5,1.75,1.6,-3.32,0.51,9.3,4.40,3.00,--,8,50.500,2.5,24
2022,6,SF,San Francisco 49ers,DEF,SF,@ATL,6.4,16,,,,,,,,,,,,,,,,,,,,7.4,4700.0,0.0,1.58,2.2,-5.27,0.46,12.7,5.28,2.70,--,3,46.000,-4.500,25.25
2022,6,TB,Tampa Bay Buccaneers,DEF,TB,@PIT,8.5,22,,,,,,,,,,,,,,,,,,,,8.4,5000.0,0.5,1.68,2.4,-5.46,0.49,14.4,6.50,2.88,--,3,46.000,-9.500,27.75
2022,6,WAS,Washington Commanders,DEF,WAS,@CHI,8.8,23,,,,,,,,,,,,,,,,,,,,7.0,3200.0,2.0,2.19,2.0,-3.02,0.64,12.0,6.94,3.75,--,-,38.500,-1.000,19.75
